catalog_id,source_file,web_file,media_type,subject,service_context,room_or_area,city,state,country,creator,credit_line,copyright_notice,rights_usage_terms,permission_status,client_or_people_approval,usage_scope,page_assignment,alt_text,caption,keywords,status,notes
AUD-0001,MEDIA/AUDIO/01-hearts-with-fire.mp3,,audio,01 hearts with fire,,,,,,,,,,unverified,not-applicable,public-website,,,,,pending-human-approval,
AUD-0002,MEDIA/AUDIO/anthill-100-41020-13.mp3,,audio,anthill 100 41020 13,,,,,,,,,,unverified,not-applicable,public-website,,,,,pending-human-approval,
AUD-0003,MEDIA/AUDIO/greif-untagged-master.mp3,,audio,greif untagged master,,,,,,,,,,unverified,not-applicable,public-website,,,,,pending-human-approval,
AUD-0004,MEDIA/AUDIO/hope-2untagged-master.mp3,,audio,hope 2untagged master,,,,,,,,,,unverified,not-applicable,public-website,,,,,pending-human-approval,
AUD-0005,MEDIA/AUDIO/hurting-untagged2-master.mp3,,audio,hurting untagged2 master,,,,,,,,,,unverified,not-applicable,public-website,,,,,pending-human-approval,
AUD-0006,MEDIA/AUDIO/hyper4.wav,,audio,hyper4,,,,,,,,,,unverified,not-applicable,public-website,,,,,pending-human-approval,
AUD-0007,MEDIA/AUDIO/loveallofme-millie1-1-master.wav,,audio,loveallofme millie1 1 master,,,,,,Checkmark Audio,Recorded and mixed at Checkmark Audio,Copyright Checkmark Audio,,verified,approved,public-website,,,,,pending-human-approval,
AUD-0008,MEDIA/AUDIO/loveallofme-millieunmixed.wav,,audio,loveallofme millieunmixed,,,,,,Checkmark Audio,Recorded and mixed at Checkmark Audio,Copyright Checkmark Audio,,verified,approved,public-website,,,,,pending-human-approval,
AUD-0009,MEDIA/AUDIO/memories-8-notag-master.mp3,,audio,memories 8 notag master,,,,,,,,,,unverified,not-applicable,public-website,,,,,pending-human-approval,
AUD-0010,MEDIA/AUDIO/ontiva-com-hoops-320k.mp3,,audio,ontiva com hoops 320k,,,,,,,,,,unverified,not-applicable,public-website,,,,,pending-human-approval,
AUD-0011,MEDIA/AUDIO/prollyintheclub-98.mp3,,audio,prollyintheclub 98,,,,,,,,,,unverified,not-applicable,public-website,,,,,pending-human-approval,
AUD-0012,MEDIA/AUDIO/punk2-3-23-master.wav,,audio,punk2 3 23 master,,,,,,,,,,unverified,not-applicable,public-website,,,,,pending-human-approval,
AUD-0013,MEDIA/AUDIO/sabrina.mp3,,audio,sabrina,,,,,,,,,,unverified,not-applicable,public-website,,,,,pending-human-approval,
AUD-0014,MEDIA/AUDIO/sabrina.wav,,audio,sabrina,,,,,,,,,,unverified,not-applicable,public-website,,,,,pending-human-approval,
AUD-0015,MEDIA/AUDIO/save-you-master-1.mp3,,audio,save you master 1,,,,,,,,,,unverified,not-applicable,public-website,,,,,pending-human-approval,
AUD-0016,MEDIA/AUDIO/sheistytypebeat-mix-inst-master.wav,,audio,sheistytypebeat mix inst master,,,,,,,,,,unverified,not-applicable,public-website,,,,,pending-human-approval,
AUD-0017,MEDIA/AUDIO/sheistytypebeat-vox-2-master.wav,,audio,sheistytypebeat vox 2 master,,,,,,,,,,unverified,not-applicable,public-website,,,,,pending-human-approval,
AUD-0018,MEDIA/AUDIO/solo-ft-yung-gualli.mp3,,audio,solo ft yung gualli,,,,,,,,,,unverified,not-applicable,public-website,,,,,pending-human-approval,
AUD-0019,MEDIA/AUDIO/untagged-master.mp3,,audio,untagged master,,,,,,,,,,unverified,not-applicable,public-website,,,,,pending-human-approval,
AUD-0020,MEDIA/AUDIO/up-next5.wav,,audio,up next5,,,,,,,,,,unverified,not-applicable,public-website,,,,,pending-human-approval,
IMG-0001,MEDIA/IMAGES/studio-b-drum-recording-setup-view-01.jpg,MEDIA/IMAGES/studio-b-drum-recording-setup-view-01.webp,image,a close up shot of a blue drum kit with microphones set up for recording,band recording,,,,,Checkmark Audio staff,Checkmark Audio,© Checkmark Audio. All rights reserved.,Owned by Checkmark Audio; approved for public-website use.,verified,not-applicable,public-website,studio-b,Drum kit set up for recording in Studio B at Checkmark Audio.,,band recording,pending-human-approval,Page assignment is proposed from visible subject/filename and is not publication approval. Original source archived outside the repo in checkmark-audio-media-originals-2026-08-07.zip (Bridget's Desktop); only the optimized web copy remains in MEDIA/IMAGES. Draft alt text generated from the SEO filename/visual content; confirm against real page context before publishing.
IMG-0002,MEDIA/IMAGES/acoustic-guitar-front-product-photo.jpg,MEDIA/IMAGES/acoustic-guitar-front-product-photo.webp,image,acoustic guitar front product photo,,,,,,Checkmark Audio staff,Checkmark Audio,© Checkmark Audio. All rights reserved.,Owned by Checkmark Audio; approved for public-website use.,verified,not-applicable,public-website,studio-a,Acoustic guitar product photo.,,,pending-human-approval,Page assignment is proposed from visible subject/filename and is not publication approval. Original source archived outside the repo in checkmark-audio-media-originals-2026-08-07.zip (Bridget's Desktop); only the optimized web copy remains in MEDIA/IMAGES. Draft alt text generated from the SEO filename/visual content; confirm against real page context before publishing.
IMG-0003,MEDIA/IMAGES/acoustic-guitar-horizontal-banner.avif,MEDIA/IMAGES/acoustic-guitar-horizontal-banner.avif,image,acoustic guitar horizontal banner,,,,,,Checkmark Audio staff,Checkmark Audio,© Checkmark Audio. All rights reserved.,Owned by Checkmark Audio; approved for public-website use.,verified,not-applicable,public-website,studio-a,Acoustic guitar banner image.,,,pending-human-approval,Page assignment is proposed from visible subject/filename and is not publication approval. Draft alt text generated from the SEO filename/visual content; confirm against real page context before publishing.
IMG-0004,MEDIA/IMAGES/acoustic-guitar-horizontal-studio-product-photo.jpeg,MEDIA/IMAGES/acoustic-guitar-horizontal-studio-product-photo.webp,image,acoustic guitar horizontal studio product photo,recording studio,,,,,Checkmark Audio staff,Checkmark Audio,© Checkmark Audio. All rights reserved.,Owned by Checkmark Audio; approved for public-website use.,verified,not-applicable,public-website,studio-a,Acoustic guitar product photo.,,recording studio,pending-human-approval,Page assignment is proposed from visible subject/filename and is not publication approval. Original source archived outside the repo in checkmark-audio-media-originals-2026-08-07.zip (Bridget's Desktop); only the optimized web copy remains in MEDIA/IMAGES. Draft alt text generated from the SEO filename/visual content; confirm against real page context before publishing.
IMG-0005,MEDIA/IMAGES/acoustic-guitar-standing-studio-product-photo.jpg,MEDIA/IMAGES/acoustic-guitar-standing-studio-product-photo.webp,image,acoustic guitar standing studio product photo,recording studio,,,,,Checkmark Audio staff,Checkmark Audio,© Checkmark Audio. All rights reserved.,Owned by Checkmark Audio; approved for public-website use.,verified,not-applicable,public-website,studio-a,Acoustic guitar product photo.,,recording studio,pending-human-approval,Page assignment is proposed from visible subject/filename and is not publication approval. Original source archived outside the repo in checkmark-audio-media-originals-2026-08-07.zip (Bridget's Desktop); only the optimized web copy remains in MEDIA/IMAGES. Draft alt text generated from the SEO filename/visual content; confirm against real page context before publishing.
IMG-0006,MEDIA/IMAGES/acoustic-guitar-standing-studio-product-photo.png,MEDIA/IMAGES/acoustic-guitar-standing-studio-product-photo.webp,image,acoustic guitar standing studio product photo,recording studio,,,,,Checkmark Audio staff,Checkmark Audio,© Checkmark Audio. All rights reserved.,Owned by Checkmark Audio; approved for public-website use.,verified,not-applicable,public-website,studio-a,Acoustic guitar product photo.,,recording studio,pending-human-approval,Page assignment is proposed from visible subject/filename and is not publication approval. Draft alt text generated from the SEO filename/visual content; confirm against real page context before publishing.
IMG-0007,MEDIA/IMAGES/acoustic-guitar-website-banner.jpg,MEDIA/IMAGES/acoustic-guitar-website-banner.webp,image,acoustic guitar website banner,,,,,,Checkmark Audio staff,Checkmark Audio,© Checkmark Audio. All rights reserved.,Owned by Checkmark Audio; approved for public-website use.,verified,not-applicable,public-website,studio-a,Acoustic guitar banner image.,,,pending-human-approval,Page assignment is proposed from visible subject/filename and is not publication approval. Original source archived outside the repo in checkmark-audio-media-originals-2026-08-07.zip (Bridget's Desktop); only the optimized web copy remains in MEDIA/IMAGES. Draft alt text generated from the SEO filename/visual content; confirm against real page context before publishing.
IMG-0010,MEDIA/IMAGES/vocal-booth-microphone-red-light-view-01.jpg,MEDIA/IMAGES/vocal-booth-microphone-red-light-view-01.webp,image,albuquerque music recording studio b vocal booth red,vocal recording,Studio B,,,,Checkmark Audio staff,Checkmark Audio,© Checkmark Audio. All rights reserved.,Owned by Checkmark Audio; approved for public-website use.,verified,not-applicable,public-website,studio-b,Studio microphone in the vocal booth lit in red stage lighting at Checkmark Audio.,,vocal recording; Studio B,pending-human-approval,Page assignment is proposed from visible subject/filename and is not publication approval. Original source archived outside the repo in checkmark-audio-media-originals-2026-08-07.zip (Bridget's Desktop); only the optimized web copy remains in MEDIA/IMAGES. Draft alt text generated from the SEO filename/visual content; confirm against real page context before publishing.
IMG-0011,MEDIA/IMAGES/vocal-booth-microphone-green-light-view-08.jpg,MEDIA/IMAGES/vocal-booth-microphone-green-light-view-08.webp,image,albuquerque music recording studio b vocal booth,vocal recording,Studio B,,,,Checkmark Audio staff,Checkmark Audio,© Checkmark Audio. All rights reserved.,Owned by Checkmark Audio; approved for public-website use.,verified,not-applicable,public-website,studio-b,Studio microphone in the vocal booth lit in green stage lighting at Checkmark Audio.,,vocal recording; Studio B,pending-human-approval,Page assignment is proposed from visible subject/filename and is not publication approval. Original source archived outside the repo in checkmark-audio-media-originals-2026-08-07.zip (Bridget's Desktop); only the optimized web copy remains in MEDIA/IMAGES. Draft alt text generated from the SEO filename/visual content; confirm against real page context before publishing.
IMG-0013,MEDIA/IMAGES/male-artist-looking-up-studio-portrait-view-01.jpg,MEDIA/IMAGES/male-artist-looking-up-studio-portrait-view-01.webp,image,albuquerque music studio checkmark audio studio b david posing in front of picture,recording studio,Studio B,,,,Checkmark Audio staff,Checkmark Audio,© Checkmark Audio. All rights reserved.,Owned by Checkmark Audio; approved for public-website use.,verified,approved,public-website,artist-photography,"Studio portrait of a male artist against acoustic panels, looking upward.",,recording studio; Studio B,pending-human-approval,Page assignment is proposed from visible subject/filename and is not publication approval. Original source archived outside the repo in checkmark-audio-media-originals-2026-08-07.zip (Bridget's Desktop); only the optimized web copy remains in MEDIA/IMAGES. Draft alt text generated from the SEO filename/visual content; confirm against real page context before publishing.
IMG-0014,MEDIA/IMAGES/albuquerque-music-studio-gear-rack.jpg,MEDIA/IMAGES/albuquerque-music-studio-gear-rack.webp,image,albuquerque music studio gear rack,recording studio,,,,,Checkmark Audio staff,Checkmark Audio,© Checkmark Audio. All rights reserved.,Owned by Checkmark Audio; approved for public-website use.,verified,not-applicable,public-website,studio-a,Studio gear rack at Checkmark Audio.,,recording studio,pending-human-approval,Page assignment is proposed from visible subject/filename and is not publication approval. Original source archived outside the repo in checkmark-audio-media-originals-2026-08-07.zip (Bridget's Desktop); only the optimized web copy remains in MEDIA/IMAGES. Draft alt text generated from the SEO filename/visual content; confirm against real page context before publishing.
IMG-0018,MEDIA/IMAGES/checkmark-audio-lounge-sign-view-01.jpg,MEDIA/IMAGES/checkmark-audio-lounge-sign-view-01.webp,image,albuquerque music studio waiting room,recording studio,Waiting area / lounge,,,,Checkmark Audio staff,Checkmark Audio,© Checkmark Audio. All rights reserved.,Owned by Checkmark Audio; approved for public-website use.,verified,not-applicable,public-website,studio-a,"""Moonlight"" neon sign in the Checkmark Audio lounge.",,recording studio; Waiting area / lounge,pending-human-approval,Page assignment is proposed from visible subject/filename and is not publication approval. Original source archived outside the repo in checkmark-audio-media-originals-2026-08-07.zip (Bridget's Desktop); only the optimized web copy remains in MEDIA/IMAGES. Draft alt text generated from the SEO filename/visual content; confirm against real page context before publishing.
IMG-0019,MEDIA/IMAGES/albuquerque-new-mexico-music-studio-recording-checkmark-sign.jpg,MEDIA/IMAGES/albuquerque-new-mexico-music-studio-recording-checkmark-sign.webp,image,albuquerque new mexico music studio recording checkmark sign,recording studio,,Albuquerque,NM,USA,Checkmark Audio staff,Checkmark Audio,© Checkmark Audio. All rights reserved.,Owned by Checkmark Audio; approved for public-website use.,verified,not-applicable,public-website,studio-a,Checkmark Audio recording studio sign.,,recording studio; Albuquerque NM,pending-human-approval,Page assignment is proposed from visible subject/filename and is not publication approval. Original source archived outside the repo in checkmark-audio-media-originals-2026-08-07.zip (Bridget's Desktop); only the optimized web copy remains in MEDIA/IMAGES. Draft alt text generated from the SEO filename/visual content; confirm against real page context before publishing.
IMG-0022,MEDIA/IMAGES/gavin-hammond-studio-console-portrait-view-01.jpg,MEDIA/IMAGES/gavin-hammond-studio-console-portrait-view-01.webp,image,albuquerque recording music studio checkmarkaudio gavin profile pic,recording studio,,,,,Checkmark Audio staff,Checkmark Audio,© Checkmark Audio. All rights reserved.,Owned by Checkmark Audio; approved for public-website use.,verified,approved,public-website,our-team,Gavin Hammond at the studio console at Checkmark Audio.,,recording studio,pending-human-approval,Page assignment is proposed from visible subject/filename and is not publication approval. Original source archived outside the repo in checkmark-audio-media-originals-2026-08-07.zip (Bridget's Desktop); only the optimized web copy remains in MEDIA/IMAGES. Draft alt text generated from the SEO filename/visual content; confirm against real page context before publishing.
IMG-0023,MEDIA/IMAGES/albuquerque-recording-studio-engineer-and-clients.jpg,MEDIA/IMAGES/GALLERY/albuquerque-recording-studio-engineer-and-clients.webp,image,albuquerque recording studio engineer and clients,recording studio,,,,,Checkmark Audio staff,Checkmark Audio,© Checkmark Audio. All rights reserved.,Owned by Checkmark Audio; approved for public-website use.,verified,approved,public-website,gallery,Engineer working with clients at Checkmark Audio.,,recording studio,pending-human-approval,Page assignment is proposed from visible subject/filename and is not publication approval. Original source archived outside the repo in checkmark-audio-media-originals-2026-08-07.zip (Bridget's Desktop); only the optimized web copy remains in MEDIA/IMAGES. Draft alt text generated from the SEO filename/visual content; confirm against real page context before publishing.
IMG-0025,MEDIA/IMAGES/albuquerque-recording-studio-engineer-and-clients3-view-02.jpg,MEDIA/IMAGES/GALLERY/albuquerque-recording-studio-engineer-and-clients3-view-02.webp,image,albuquerque recording studio engineer and clients3 view 02,recording studio,,,,,Checkmark Audio staff,Checkmark Audio,© Checkmark Audio. All rights reserved.,Owned by Checkmark Audio; approved for public-website use.,verified,approved,public-website,gallery,Engineer working with clients at Checkmark Audio.,,recording studio,pending-human-approval,Page assignment is proposed from visible subject/filename and is not publication approval. Original source archived outside the repo in checkmark-audio-media-originals-2026-08-07.zip (Bridget's Desktop); only the optimized web copy remains in MEDIA/IMAGES. Draft alt text generated from the SEO filename/visual content; confirm against real page context before publishing.
IMG-0026,MEDIA/IMAGES/albuquerque-recording-studio-engineer-and-clients3.jpg,MEDIA/IMAGES/GALLERY/albuquerque-recording-studio-engineer-and-clients3.webp,image,albuquerque recording studio engineer and clients3,recording studio,,,,,Checkmark Audio staff,Checkmark Audio,© Checkmark Audio. All rights reserved.,Owned by Checkmark Audio; approved for public-website use.,verified,approved,public-website,gallery,Engineer working with clients at Checkmark Audio.,,recording studio,pending-human-approval,Page assignment is proposed from visible subject/filename and is not publication approval. Original source archived outside the repo in checkmark-audio-media-originals-2026-08-07.zip (Bridget's Desktop); only the optimized web copy remains in MEDIA/IMAGES. Draft alt text generated from the SEO filename/visual content; confirm against real page context before publishing.
IMG-0027,MEDIA/IMAGES/antoine-album-cover-1.jpg,MEDIA/IMAGES/antoine-album-cover-1.webp,image,antoine album cover 1,,,,,,Antoine,Courtesy of Antoine,© Antoine. Used with permission.,Property of Antoine; used with the artist's permission for Checkmark Audio promotional/website purposes.,verified,approved,public-website,artist-promotion,Antoine's album cover artwork.,,,pending-human-approval,"Page assignment is proposed from visible subject/filename and is not publication approval. Original source archived outside the repo in checkmark-audio-media-originals-2026-08-07.zip (Bridget's Desktop); only the optimized web copy remains in MEDIA/IMAGES. Draft alt text generated from the SEO filename/visual content; confirm against real page context before publishing. Creator credit needs research (likely shot off-site or band-supplied artwork); not yet confirmed. Confirmed by Gavin 2026-08-08: artist-supplied material, usable as originally discussed when sent to Checkmark Audio."
IMG-0028,MEDIA/IMAGES/antoine-album-cover-3.jpg,MEDIA/IMAGES/antoine-album-cover-3.webp,image,antoine album cover 3,,,,,,Antoine,Courtesy of Antoine,© Antoine. Used with permission.,Property of Antoine; used with the artist's permission for Checkmark Audio promotional/website purposes.,verified,approved,public-website,artist-promotion,Antoine's album cover artwork.,,,pending-human-approval,"Page assignment is proposed from visible subject/filename and is not publication approval. Original source archived outside the repo in checkmark-audio-media-originals-2026-08-07.zip (Bridget's Desktop); only the optimized web copy remains in MEDIA/IMAGES. Draft alt text generated from the SEO filename/visual content; confirm against real page context before publishing. Creator credit needs research (likely shot off-site or band-supplied artwork); not yet confirmed. Confirmed by Gavin 2026-08-08: artist-supplied material, usable as originally discussed when sent to Checkmark Audio."
IMG-0029,MEDIA/IMAGES/antoine-electric-guitarist-action-portrait.jpg,MEDIA/IMAGES/antoine-electric-guitarist-action-portrait.webp,image,antoine electric guitarist action portrait,,,,,,Checkmark Audio staff,Checkmark Audio,© Checkmark Audio. All rights reserved.,Owned by Checkmark Audio; approved for public-website use.,verified,approved,public-website,artist-photography,Antoine performing on electric guitar.,,,pending-human-approval,Page assignment is proposed from visible subject/filename and is not publication approval. Original source archived outside the repo in checkmark-audio-media-originals-2026-08-07.zip (Bridget's Desktop); only the optimized web copy remains in MEDIA/IMAGES. Draft alt text generated from the SEO filename/visual content; confirm against real page context before publishing.
IMG-0030,MEDIA/IMAGES/antoine-electric-guitarist-standing-cutout.png,MEDIA/IMAGES/antoine-electric-guitarist-standing-cutout.webp,image,antoine electric guitarist standing cutout,,,,,,Checkmark Audio staff,Checkmark Audio,© Checkmark Audio. All rights reserved.,Owned by Checkmark Audio; approved for public-website use.,verified,approved,public-website,artist-photography,Cutout portrait of Antoine with an electric guitar.,,,pending-human-approval,Page assignment is proposed from visible subject/filename and is not publication approval. Original source archived outside the repo in checkmark-audio-media-originals-2026-08-07.zip (Bridget's Desktop); only the optimized web copy remains in MEDIA/IMAGES. Draft alt text generated from the SEO filename/visual content; confirm against real page context before publishing.
IMG-0031,MEDIA/IMAGES/antoine-musician-interview-headshot.jpeg,MEDIA/IMAGES/antoine-musician-interview-headshot.webp,image,antoine musician interview headshot,,,,,,Checkmark Audio staff,Checkmark Audio,© Checkmark Audio. All rights reserved.,Owned by Checkmark Audio; approved for public-website use.,verified,approved,public-website,artist-photography,Headshot of Antoine from a recorded interview.,,,pending-human-approval,Page assignment is proposed from visible subject/filename and is not publication approval. Original source archived outside the repo in checkmark-audio-media-originals-2026-08-07.zip (Bridget's Desktop); only the optimized web copy remains in MEDIA/IMAGES. Draft alt text generated from the SEO filename/visual content; confirm against real page context before publishing.
IMG-0032,MEDIA/IMAGES/antoine-seated-electric-guitarist-cutout.png,MEDIA/IMAGES/antoine-seated-electric-guitarist-cutout.webp,image,antoine seated electric guitarist cutout,,,,,,Checkmark Audio staff,Checkmark Audio,© Checkmark Audio. All rights reserved.,Owned by Checkmark Audio; approved for public-website use.,verified,approved,public-website,artist-photography,Cutout portrait of Antoine with an electric guitar.,,,pending-human-approval,Page assignment is proposed from visible subject/filename and is not publication approval. Original source archived outside the repo in checkmark-audio-media-originals-2026-08-07.zip (Bridget's Desktop); only the optimized web copy remains in MEDIA/IMAGES. Draft alt text generated from the SEO filename/visual content; confirm against real page context before publishing.
IMG-0033,MEDIA/IMAGES/antoine-singer-vocal-recording-performance.png,MEDIA/IMAGES/antoine-singer-vocal-recording-performance.webp,image,antoine singer vocal recording performance,vocal recording,,,,,Checkmark Audio staff,Checkmark Audio,© Checkmark Audio. All rights reserved.,Owned by Checkmark Audio; approved for public-website use.,verified,approved,public-website,artist-photography,Antoine performing a vocal recording take.,,vocal recording,pending-human-approval,Page assignment is proposed from visible subject/filename and is not publication approval. Original source archived outside the repo in checkmark-audio-media-originals-2026-08-07.zip (Bridget's Desktop); only the optimized web copy remains in MEDIA/IMAGES. Draft alt text generated from the SEO filename/visual content; confirm against real page context before publishing.
IMG-0034,MEDIA/IMAGES/antoine-songwriter-writing-lyrics.jpg,MEDIA/IMAGES/antoine-songwriter-writing-lyrics.webp,image,antoine songwriter writing lyrics,,,,,,Checkmark Audio staff,Checkmark Audio,© Checkmark Audio. All rights reserved.,Owned by Checkmark Audio; approved for public-website use.,verified,approved,public-website,artist-photography,Antoine writing song lyrics.,,,pending-human-approval,Page assignment is proposed from visible subject/filename and is not publication approval. Original source archived outside the repo in checkmark-audio-media-originals-2026-08-07.zip (Bridget's Desktop); only the optimized web copy remains in MEDIA/IMAGES. Draft alt text generated from the SEO filename/visual content; confirm against real page context before publishing.
IMG-0035,MEDIA/IMAGES/artist-black-and-white-headshot.jpg,MEDIA/IMAGES/artist-black-and-white-headshot.webp,image,artist black and white headshot,,,,,,Checkmark Audio staff,Checkmark Audio,© Checkmark Audio. All rights reserved.,Owned by Checkmark Audio; approved for public-website use.,verified,approved,public-website,artist-photography,Studio headshot portrait of an artist.,,,pending-human-approval,Page assignment is proposed from visible subject/filename and is not publication approval. Original source archived outside the repo in checkmark-audio-media-originals-2026-08-07.zip (Bridget's Desktop); only the optimized web copy remains in MEDIA/IMAGES. Draft alt text generated from the SEO filename/visual content; confirm against real page context before publishing.
IMG-0039,MEDIA/IMAGES/artist-cafe-diego-footer-picture-4.jpeg,MEDIA/IMAGES/artist-cafe-diego-footer-picture-4-jpeg.webp,image,artist cafe diego footer picture 4,,,,,,Diego,Courtesy of Diego,© Diego. Used with permission.,Property of Diego; used with the artist's permission for Checkmark Audio promotional/website purposes.,verified,approved,public-website,artist-promotion,Artist photo featured in Checkmark Audio's artist gallery footer.,,,pending-human-approval,"Page assignment is proposed from visible subject/filename and is not publication approval. Original source archived outside the repo in checkmark-audio-media-originals-2026-08-07.zip (Bridget's Desktop); only the optimized web copy remains in MEDIA/IMAGES. Draft alt text generated from the SEO filename/visual content; confirm against real page context before publishing. Creator credit needs research (likely shot off-site or band-supplied artwork); not yet confirmed. Confirmed by Gavin 2026-08-08: artist-supplied material, usable as originally discussed when sent to Checkmark Audio."
IMG-0040,MEDIA/IMAGES/artist-cafe-diego-footer-picture-4.jpg,MEDIA/IMAGES/artist-cafe-diego-footer-picture-4-jpg.webp,image,artist cafe diego footer picture 4,,,,,,Diego,Courtesy of Diego,© Diego. Used with permission.,Property of Diego; used with the artist's permission for Checkmark Audio promotional/website purposes.,verified,approved,public-website,artist-promotion,Artist photo featured in Checkmark Audio's artist gallery footer.,,,pending-human-approval,"Page assignment is proposed from visible subject/filename and is not publication approval. Original source archived outside the repo in checkmark-audio-media-originals-2026-08-07.zip (Bridget's Desktop); only the optimized web copy remains in MEDIA/IMAGES. Draft alt text generated from the SEO filename/visual content; confirm against real page context before publishing. Creator credit needs research (likely shot off-site or band-supplied artwork); not yet confirmed. Confirmed by Gavin 2026-08-08: artist-supplied material, usable as originally discussed when sent to Checkmark Audio."
IMG-0043,MEDIA/IMAGES/artist-cafe-gregorio-footer-picture-2.jpeg,MEDIA/IMAGES/artist-cafe-gregorio-footer-picture-2-jpeg.webp,image,artist cafe gregorio footer picture 2,,,,,,Gregorio and The Unknown,Courtesy of Gregorio and The Unknown,© Gregorio and The Unknown. Used with permission.,Property of Gregorio and The Unknown; used with the artist's permission for Checkmark Audio promotional/website purposes.,verified,approved,public-website,artist-promotion,Artist photo featured in Checkmark Audio's artist gallery footer.,,,pending-human-approval,"Page assignment is proposed from visible subject/filename and is not publication approval. Original source archived outside the repo in checkmark-audio-media-originals-2026-08-07.zip (Bridget's Desktop); only the optimized web copy remains in MEDIA/IMAGES. Draft alt text generated from the SEO filename/visual content; confirm against real page context before publishing. Creator credit needs research (likely shot off-site or band-supplied artwork); not yet confirmed. Confirmed by Gavin 2026-08-08: artist-supplied material, usable as originally discussed when sent to Checkmark Audio."
IMG-0044,MEDIA/IMAGES/artist-cafe-gregorio-footer-picture-2.jpg,MEDIA/IMAGES/artist-cafe-gregorio-footer-picture-2-jpg.webp,image,artist cafe gregorio footer picture 2,,,,,,Gregorio and The Unknown,Courtesy of Gregorio and The Unknown,© Gregorio and The Unknown. Used with permission.,Property of Gregorio and The Unknown; used with the artist's permission for Checkmark Audio promotional/website purposes.,verified,approved,public-website,artist-promotion,Artist photo featured in Checkmark Audio's artist gallery footer.,,,pending-human-approval,"Page assignment is proposed from visible subject/filename and is not publication approval. Original source archived outside the repo in checkmark-audio-media-originals-2026-08-07.zip (Bridget's Desktop); only the optimized web copy remains in MEDIA/IMAGES. Draft alt text generated from the SEO filename/visual content; confirm against real page context before publishing. Creator credit needs research (likely shot off-site or band-supplied artwork); not yet confirmed. Confirmed by Gavin 2026-08-08: artist-supplied material, usable as originally discussed when sent to Checkmark Audio."
IMG-0046,MEDIA/IMAGES/artist-photography-career-graphic-view-02.png,MEDIA/IMAGES/artist-photography-career-graphic-view-02.webp,image,artist photography career graphic view 02,,,,,,Checkmark Audio staff,Checkmark Audio,© Checkmark Audio. All rights reserved.,Owned by Checkmark Audio; approved for public-website use.,verified,approved,public-website,artist-promotion,"""Boost your career with stunning visuals"" artist photography promo graphic.",,,pending-human-approval,Page assignment is proposed from visible subject/filename and is not publication approval. Original source archived outside the repo in checkmark-audio-media-originals-2026-08-07.zip (Bridget's Desktop); only the optimized web copy remains in MEDIA/IMAGES. Draft alt text generated from the SEO filename/visual content; confirm against real page context before publishing.
IMG-0047,MEDIA/IMAGES/artist-photography-career-graphic.png,MEDIA/IMAGES/artist-photography-career-graphic.webp,image,artist photography career graphic,,,,,,Checkmark Audio staff,Checkmark Audio,© Checkmark Audio. All rights reserved.,Owned by Checkmark Audio; approved for public-website use.,verified,approved,public-website,artist-promotion,"""Boost your career with stunning visuals"" artist photography promo graphic.",,,pending-human-approval,Page assignment is proposed from visible subject/filename and is not publication approval. Original source archived outside the repo in checkmark-audio-media-originals-2026-08-07.zip (Bridget's Desktop); only the optimized web copy remains in MEDIA/IMAGES. Draft alt text generated from the SEO filename/visual content; confirm against real page context before publishing.
IMG-0049,MEDIA/IMAGES/male-artist-blue-cap-studio-headshot-view-01.jpg,MEDIA/IMAGES/male-artist-blue-cap-studio-headshot-view-01.webp,image,artist portrait cap view 03,,,,,,Checkmark Audio staff,Checkmark Audio,© Checkmark Audio. All rights reserved.,Owned by Checkmark Audio; approved for public-website use.,verified,approved,public-website,artist-photography,Studio headshot of a male artist wearing a blue cap.,,,pending-human-approval,Page assignment is proposed from visible subject/filename and is not publication approval. Original source archived outside the repo in checkmark-audio-media-originals-2026-08-07.zip (Bridget's Desktop); only the optimized web copy remains in MEDIA/IMAGES. Draft alt text generated from the SEO filename/visual content; confirm against real page context before publishing.
IMG-0050,MEDIA/IMAGES/male-artist-looking-up-studio-portrait-view-02.jpg,MEDIA/IMAGES/male-artist-looking-up-studio-portrait-view-02.webp,image,artist portrait looking up,,,,,,Checkmark Audio staff,Checkmark Audio,© Checkmark Audio. All rights reserved.,Owned by Checkmark Audio; approved for public-website use.,verified,approved,public-website,artist-photography,"Studio portrait of a male artist against acoustic panels, looking upward.",,,pending-human-approval,Page assignment is proposed from visible subject/filename and is not publication approval. Original source archived outside the repo in checkmark-audio-media-originals-2026-08-07.zip (Bridget's Desktop); only the optimized web copy remains in MEDIA/IMAGES. Draft alt text generated from the SEO filename/visual content; confirm against real page context before publishing.
IMG-0052,MEDIA/IMAGES/artist-profile-teal-jacket-view-03.jpg,MEDIA/IMAGES/artist-profile-teal-jacket-view-03.webp,image,artist profile teal jacket view 03,,,,,,Checkmark Audio staff,Checkmark Audio,© Checkmark Audio. All rights reserved.,Owned by Checkmark Audio; approved for public-website use.,verified,approved,public-website,artist-photography,Profile portrait of an artist wearing a teal jacket.,,,pending-human-approval,Page assignment is proposed from visible subject/filename and is not publication approval. Original source archived outside the repo in checkmark-audio-media-originals-2026-08-07.zip (Bridget's Desktop); only the optimized web copy remains in MEDIA/IMAGES. Draft alt text generated from the SEO filename/visual content; confirm against real page context before publishing.
IMG-0054,MEDIA/IMAGES/artist-purple-line-portrait-view-02.jpg,MEDIA/IMAGES/artist-purple-line-portrait-view-02.webp,image,artist purple line portrait view 02,,,,,,Checkmark Audio staff,Checkmark Audio,© Checkmark Audio. All rights reserved.,Owned by Checkmark Audio; approved for public-website use.,verified,approved,public-website,artist-photography,Artist portrait under purple line lighting.,,,pending-human-approval,Page assignment is proposed from visible subject/filename and is not publication approval. Original source archived outside the repo in checkmark-audio-media-originals-2026-08-07.zip (Bridget's Desktop); only the optimized web copy remains in MEDIA/IMAGES. Draft alt text generated from the SEO filename/visual content; confirm against real page context before publishing.
IMG-0055,MEDIA/IMAGES/artist-purple-line-portrait-view-03.jpg,MEDIA/IMAGES/artist-purple-line-portrait-view-03.webp,image,artist purple line portrait view 03,,,,,,Checkmark Audio staff,Checkmark Audio,© Checkmark Audio. All rights reserved.,Owned by Checkmark Audio; approved for public-website use.,verified,approved,public-website,artist-photography,Artist portrait under purple line lighting.,,,pending-human-approval,Page assignment is proposed from visible subject/filename and is not publication approval. Original source archived outside the repo in checkmark-audio-media-originals-2026-08-07.zip (Bridget's Desktop); only the optimized web copy remains in MEDIA/IMAGES. Draft alt text generated from the SEO filename/visual content; confirm against real page context before publishing.
IMG-0056,MEDIA/IMAGES/artist-purple-line-portrait.jpg,MEDIA/IMAGES/artist-purple-line-portrait.webp,image,artist purple line portrait,,,,,,Checkmark Audio staff,Checkmark Audio,© Checkmark Audio. All rights reserved.,Owned by Checkmark Audio; approved for public-website use.,verified,approved,public-website,artist-photography,Artist portrait under purple line lighting.,,,pending-human-approval,Page assignment is proposed from visible subject/filename and is not publication approval. Original source archived outside the repo in checkmark-audio-media-originals-2026-08-07.zip (Bridget's Desktop); only the optimized web copy remains in MEDIA/IMAGES. Draft alt text generated from the SEO filename/visual content; confirm against real page context before publishing.
IMG-0057,MEDIA/IMAGES/artist-purple-silhouette-view-02.jpg,MEDIA/IMAGES/artist-purple-silhouette-view-02.webp,image,artist purple silhouette view 02,,,,,,Checkmark Audio staff,Checkmark Audio,© Checkmark Audio. All rights reserved.,Owned by Checkmark Audio; approved for public-website use.,verified,approved,public-website,artist-photography,Artist portrait under purple line lighting.,,,pending-human-approval,Page assignment is proposed from visible subject/filename and is not publication approval. Original source archived outside the repo in checkmark-audio-media-originals-2026-08-07.zip (Bridget's Desktop); only the optimized web copy remains in MEDIA/IMAGES. Draft alt text generated from the SEO filename/visual content; confirm against real page context before publishing.
IMG-0058,MEDIA/IMAGES/artist-purple-silhouette-view-03.jpg,MEDIA/IMAGES/artist-purple-silhouette-view-03.webp,image,artist purple silhouette view 03,,,,,,Checkmark Audio staff,Checkmark Audio,© Checkmark Audio. All rights reserved.,Owned by Checkmark Audio; approved for public-website use.,verified,approved,public-website,artist-photography,Artist portrait under purple line lighting.,,,pending-human-approval,Page assignment is proposed from visible subject/filename and is not publication approval. Original source archived outside the repo in checkmark-audio-media-originals-2026-08-07.zip (Bridget's Desktop); only the optimized web copy remains in MEDIA/IMAGES. Draft alt text generated from the SEO filename/visual content; confirm against real page context before publishing.
IMG-0059,MEDIA/IMAGES/artist-purple-silhouette-view-04.jpg,MEDIA/IMAGES/artist-purple-silhouette-view-04.webp,image,artist purple silhouette view 04,,,,,,Checkmark Audio staff,Checkmark Audio,© Checkmark Audio. All rights reserved.,Owned by Checkmark Audio; approved for public-website use.,verified,approved,public-website,artist-photography,Artist portrait under purple line lighting.,,,pending-human-approval,Page assignment is proposed from visible subject/filename and is not publication approval. Original source archived outside the repo in checkmark-audio-media-originals-2026-08-07.zip (Bridget's Desktop); only the optimized web copy remains in MEDIA/IMAGES. Draft alt text generated from the SEO filename/visual content; confirm against real page context before publishing.
IMG-0060,MEDIA/IMAGES/artist-purple-silhouette-view-05.jpg,MEDIA/IMAGES/artist-purple-silhouette-view-05.webp,image,artist purple silhouette view 05,,,,,,Checkmark Audio staff,Checkmark Audio,© Checkmark Audio. All rights reserved.,Owned by Checkmark Audio; approved for public-website use.,verified,approved,public-website,artist-photography,Artist portrait under purple line lighting.,,,pending-human-approval,Page assignment is proposed from visible subject/filename and is not publication approval. Original source archived outside the repo in checkmark-audio-media-originals-2026-08-07.zip (Bridget's Desktop); only the optimized web copy remains in MEDIA/IMAGES. Draft alt text generated from the SEO filename/visual content; confirm against real page context before publishing.
IMG-0062,MEDIA/IMAGES/jjune-vocal-recording-session-view-01.jpg,MEDIA/IMAGES/jjune-vocal-recording-session-view-01.webp,image,artist speaking booth close view 03,,,,,,Checkmark Audio staff,Checkmark Audio,© Checkmark Audio. All rights reserved.,Owned by Checkmark Audio; approved for public-website use.,verified,approved,public-website,artist-photography,Jjune recording vocals in the booth at Checkmark Audio.,,,pending-human-approval,Page assignment is proposed from visible subject/filename and is not publication approval. Original source archived outside the repo in checkmark-audio-media-originals-2026-08-07.zip (Bridget's Desktop); only the optimized web copy remains in MEDIA/IMAGES. Draft alt text generated from the SEO filename/visual content; confirm against real page context before publishing.
IMG-0064,MEDIA/IMAGES/artist-white-shirt-portrait.jpg,MEDIA/IMAGES/artist-white-shirt-portrait.webp,image,artist white shirt portrait,,,,,,Checkmark Audio staff,Checkmark Audio,© Checkmark Audio. All rights reserved.,Owned by Checkmark Audio; approved for public-website use.,verified,approved,public-website,artist-photography,Studio headshot portrait of an artist.,,,pending-human-approval,Page assignment is proposed from visible subject/filename and is not publication approval. Original source archived outside the repo in checkmark-audio-media-originals-2026-08-07.zip (Bridget's Desktop); only the optimized web copy remains in MEDIA/IMAGES. Draft alt text generated from the SEO filename/visual content; confirm against real page context before publishing.
IMG-0067,MEDIA/IMAGES/country-medicine-singer-studio-headphones-view-01.jpeg,MEDIA/IMAGES/GALLERY/country-medicine-singer-studio-headphones-view-01.webp,image,artists cafe country medicine footer picture 1,,,,,,Checkmark Audio staff,Checkmark Audio,© Checkmark Audio. All rights reserved.,Owned by Checkmark Audio; approved for public-website use.,verified,approved,public-website,gallery,Country Medicine's singer wearing studio headphones at Checkmark Audio.,,,pending-human-approval,Page assignment is proposed from visible subject/filename and is not publication approval. Original source archived outside the repo in checkmark-audio-media-originals-2026-08-07.zip (Bridget's Desktop); only the optimized web copy remains in MEDIA/IMAGES. Draft alt text generated from the SEO filename/visual content; confirm against real page context before publishing.
IMG-0068,MEDIA/IMAGES/artists-cafe-country-medicine-footer-picture-1.jpg,MEDIA/IMAGES/artists-cafe-country-medicine-footer-picture-1.webp,image,artists cafe country medicine footer picture 1,,,,,,Country Medicine,Courtesy of Country Medicine,© Country Medicine. Used with permission.,Property of Country Medicine; used with the artist's permission for Checkmark Audio promotional/website purposes.,verified,approved,public-website,artist-promotion,"Country Medicine, featured in Checkmark Audio's artist gallery.",,,pending-human-approval,"Page assignment is proposed from visible subject/filename and is not publication approval. Original source archived outside the repo in checkmark-audio-media-originals-2026-08-07.zip (Bridget's Desktop); only the optimized web copy remains in MEDIA/IMAGES. Draft alt text generated from the SEO filename/visual content; confirm against real page context before publishing. Creator credit needs research (likely shot off-site or band-supplied artwork); not yet confirmed. Confirmed by Gavin 2026-08-08: artist-supplied material, usable as originally discussed when sent to Checkmark Audio."
IMG-0071,MEDIA/IMAGES/millie-black-and-white-album-cover-background.jpg,MEDIA/IMAGES/millie-black-and-white-album-cover-background.webp,image,artists cafe milli footer picture 3,,,,,,Millie,Courtesy of Millie,© Millie. Used with permission.,Property of Millie; used with the artist's permission for Checkmark Audio promotional/website purposes.,verified,approved,public-website,artist-promotion,Black-and-white background photo from Millie's album cover shoot.,,,pending-human-approval,"Page assignment is proposed from visible subject/filename and is not publication approval. Original source archived outside the repo in checkmark-audio-media-originals-2026-08-07.zip (Bridget's Desktop); only the optimized web copy remains in MEDIA/IMAGES. Draft alt text generated from the SEO filename/visual content; confirm against real page context before publishing. Creator credit needs research (likely shot off-site or band-supplied artwork); not yet confirmed. Confirmed by Gavin 2026-08-08: artist-supplied material, usable as originally discussed when sent to Checkmark Audio."
IMG-0074,MEDIA/IMAGES/artists-cafe-richard-footer-picture-5.jpeg,MEDIA/IMAGES/artists-cafe-richard-footer-picture-5-jpeg.webp,image,artists cafe richard footer picture 5,,,,,,Checkmark Audio staff,Checkmark Audio,© Checkmark Audio. All rights reserved.,Owned by Checkmark Audio; approved for public-website use.,verified,approved,public-website,artist-promotion,Artist photo featured in Checkmark Audio's artist gallery footer.,,,pending-human-approval,Page assignment is proposed from visible subject/filename and is not publication approval. Original source archived outside the repo in checkmark-audio-media-originals-2026-08-07.zip (Bridget's Desktop); only the optimized web copy remains in MEDIA/IMAGES. Draft alt text generated from the SEO filename/visual content; confirm against real page context before publishing. Creator credit needs research (likely shot off-site or band-supplied artwork); not yet confirmed. Confirmed by Bridget 2026-08-08: no client named Richard; this is Richard Baca (staff).
IMG-0075,MEDIA/IMAGES/artists-cafe-richard-footer-picture-5.jpg,MEDIA/IMAGES/artists-cafe-richard-footer-picture-5-jpg.webp,image,artists cafe richard footer picture 5,,,,,,Checkmark Audio staff,Checkmark Audio,© Checkmark Audio. All rights reserved.,Owned by Checkmark Audio; approved for public-website use.,verified,approved,public-website,artist-promotion,Artist photo featured in Checkmark Audio's artist gallery footer.,,,pending-human-approval,Page assignment is proposed from visible subject/filename and is not publication approval. Original source archived outside the repo in checkmark-audio-media-originals-2026-08-07.zip (Bridget's Desktop); only the optimized web copy remains in MEDIA/IMAGES. Draft alt text generated from the SEO filename/visual content; confirm against real page context before publishing. Creator credit needs research (likely shot off-site or band-supplied artwork); not yet confirmed. Confirmed by Bridget 2026-08-08: no client named Richard; this is Richard Baca (staff).
IMG-0076,MEDIA/IMAGES/artists-discussing-recording-session-studio-lounge.jpg,MEDIA/IMAGES/GALLERY/artists-discussing-recording-session-studio-lounge.webp,image,artists discussing recording session studio lounge,recording studio,Waiting area / lounge,,,,Checkmark Audio staff,Checkmark Audio,© Checkmark Audio. All rights reserved.,Owned by Checkmark Audio; approved for public-website use.,verified,approved,public-website,gallery,Artists discussing a recording session in the studio lounge at Checkmark Audio.,,recording studio; Waiting area / lounge,pending-human-approval,Page assignment is proposed from visible subject/filename and is not publication approval. Original source archived outside the repo in checkmark-audio-media-originals-2026-08-07.zip (Bridget's Desktop); only the optimized web copy remains in MEDIA/IMAGES. Draft alt text generated from the SEO filename/visual content; confirm against real page context before publishing.
IMG-0077,MEDIA/IMAGES/artists-in-recording-studio.png,MEDIA/IMAGES/GALLERY/artists-in-recording-studio.webp,image,artists in recording studio,recording studio,,,,,Checkmark Audio staff,Checkmark Audio,© Checkmark Audio. All rights reserved.,Owned by Checkmark Audio; approved for public-website use.,verified,approved,public-website,gallery,Artists in the recording studio at Checkmark Audio.,,recording studio,pending-human-approval,Page assignment is proposed from visible subject/filename and is not publication approval. Original source archived outside the repo in checkmark-audio-media-originals-2026-08-07.zip (Bridget's Desktop); only the optimized web copy remains in MEDIA/IMAGES. Draft alt text generated from the SEO filename/visual content; confirm against real page context before publishing.
IMG-0078,MEDIA/IMAGES/artists-red-light-portrait.jpg,MEDIA/IMAGES/artists-red-light-portrait.webp,image,artists red light portrait,,,,,,Checkmark Audio staff,Checkmark Audio,© Checkmark Audio. All rights reserved.,Owned by Checkmark Audio; approved for public-website use.,verified,approved,public-website,artist-photography,Artist portrait under red stage lighting.,,,pending-human-approval,Page assignment is proposed from visible subject/filename and is not publication approval. Original source archived outside the repo in checkmark-audio-media-originals-2026-08-07.zip (Bridget's Desktop); only the optimized web copy remains in MEDIA/IMAGES. Draft alt text generated from the SEO filename/visual content; confirm against real page context before publishing.
IMG-0079,MEDIA/IMAGES/asia-album-cover-for-socials.jpg,MEDIA/IMAGES/asia-album-cover-for-socials.webp,image,asia album cover for socials,,,,,,Asia,Courtesy of Asia,© Asia. Used with permission.,Property of Asia; used with the artist's permission for Checkmark Audio promotional/website purposes.,verified,not-applicable,public-website,artist-promotion,"Asia's album cover artwork, sized for social media.",,,pending-human-approval,"Page assignment is proposed from visible subject/filename and is not publication approval. Original source archived outside the repo in checkmark-audio-media-originals-2026-08-07.zip (Bridget's Desktop); only the optimized web copy remains in MEDIA/IMAGES. Draft alt text generated from the SEO filename/visual content; confirm against real page context before publishing. Creator credit needs research (likely shot off-site or band-supplied artwork); not yet confirmed. Confirmed by Gavin 2026-08-08: artist-supplied material, usable as originally discussed when sent to Checkmark Audio."
IMG-0081,MEDIA/IMAGES/richard-baca-engineering-at-console-view-01.jpg,MEDIA/IMAGES/richard-baca-engineering-at-console-view-01.webp,image,audio engineer albuquerque nm studio rack workstation,music production,,Albuquerque,NM,USA,Checkmark Audio staff,Checkmark Audio,© Checkmark Audio. All rights reserved.,Owned by Checkmark Audio; approved for public-website use.,verified,approved,public-website,our-team,Richard Baca engineering at the console at Checkmark Audio.,,music production; Albuquerque NM,pending-human-approval,Page assignment is proposed from visible subject/filename and is not publication approval. Original source archived outside the repo in checkmark-audio-media-originals-2026-08-07.zip (Bridget's Desktop); only the optimized web copy remains in MEDIA/IMAGES. Draft alt text generated from the SEO filename/visual content; confirm against real page context before publishing.
IMG-0082,MEDIA/IMAGES/audio-engineering-purple-headphones-skull-logo.png,MEDIA/IMAGES/audio-engineering-purple-headphones-skull-logo.webp,image,audio engineering purple headphones skull logo,,,,,,not-applicable,,© Checkmark Audio. All rights reserved.,,verified,approved,public-website,sitewide-logo,Audio engineering logo with headphones and skull graphic.,,,pending-human-approval,Page assignment is proposed from visible subject/filename and is not publication approval. Original source archived outside the repo in checkmark-audio-media-originals-2026-08-07.zip (Bridget's Desktop); only the optimized web copy remains in MEDIA/IMAGES. Draft alt text generated from the SEO filename/visual content; confirm against real page context before publishing.
IMG-0083,MEDIA/IMAGES/richard-baca-and-marz-studio-session-view-01.jpg,MEDIA/IMAGES/richard-baca-and-marz-studio-session-view-01.webp,image,audio engineers collaborating studio,,,,,,Checkmark Audio staff,Checkmark Audio,© Checkmark Audio. All rights reserved.,Owned by Checkmark Audio; approved for public-website use.,verified,approved,public-website,our-team,Richard Baca and Marz working together in the control room at Checkmark Audio.,,,pending-human-approval,Page assignment is proposed from visible subject/filename and is not publication approval. Original source archived outside the repo in checkmark-audio-media-originals-2026-08-07.zip (Bridget's Desktop); only the optimized web copy remains in MEDIA/IMAGES. Draft alt text generated from the SEO filename/visual content; confirm against real page context before publishing.
IMG-0084,MEDIA/IMAGES/checkmark-audio-studio-mural-sign-before-after-demo.jpg,MEDIA/IMAGES/checkmark-audio-studio-mural-sign-before-after-demo.webp,image,audio mixing before after checkmark studio sign,mixing and mastering,,,,,not-applicable,,© Checkmark Audio. All rights reserved.,,verified,not-applicable,public-website,studio-a,Before-and-after mixing demo graphic over the Checkmark Audio studio mural sign.,,mixing and mastering,pending-human-approval,Page assignment is proposed from visible subject/filename and is not publication approval. Original source archived outside the repo in checkmark-audio-media-originals-2026-08-07.zip (Bridget's Desktop); only the optimized web copy remains in MEDIA/IMAGES. Draft alt text generated from the SEO filename/visual content; confirm against real page context before publishing.
IMG-0085,MEDIA/IMAGES/audio-mixing-before-after-motion-transition.jpg,MEDIA/IMAGES/audio-mixing-before-after-motion-transition.webp,image,audio mixing before after motion transition,mixing and mastering,,,,,not-applicable,,© Checkmark Audio. All rights reserved.,,verified,not-applicable,public-website,studio-a,Before-and-after mixing comparison graphic.,,mixing and mastering,pending-human-approval,Page assignment is proposed from visible subject/filename and is not publication approval. Original source archived outside the repo in checkmark-audio-media-originals-2026-08-07.zip (Bridget's Desktop); only the optimized web copy remains in MEDIA/IMAGES. Draft alt text generated from the SEO filename/visual content; confirm against real page context before publishing.
IMG-0086,MEDIA/IMAGES/audio-mixing-before-version-checkmark-studio-sign.jpg,MEDIA/IMAGES/audio-mixing-before-version-checkmark-studio-sign.webp,image,audio mixing before version checkmark studio sign,mixing and mastering,,,,,not-applicable,,© Checkmark Audio. All rights reserved.,,verified,not-applicable,public-website,studio-a,Before-and-after mixing comparison graphic.,,mixing and mastering,pending-human-approval,Page assignment is proposed from visible subject/filename and is not publication approval. Original source archived outside the repo in checkmark-audio-media-originals-2026-08-07.zip (Bridget's Desktop); only the optimized web copy remains in MEDIA/IMAGES. Draft alt text generated from the SEO filename/visual content; confirm against real page context before publishing.
IMG-0087,MEDIA/IMAGES/bbb-accredited-business-logo.png,MEDIA/IMAGES/bbb-accredited-business-logo.webp,image,bbb accredited business logo,,,,,,not-applicable,,© Checkmark Audio. All rights reserved.,,third-party-review-required,not-applicable,public-website,home,Better Business Bureau accredited business logo.,,,pending-human-approval,Third-party mark or source requires rights review. Original source archived outside the repo in checkmark-audio-media-originals-2026-08-07.zip (Bridget's Desktop); only the optimized web copy remains in MEDIA/IMAGES. Draft alt text generated from the SEO filename/visual content; confirm against real page context before publishing.
IMG-0088,MEDIA/IMAGES/bbb-review-screenshot.png,MEDIA/IMAGES/bbb-review-screenshot.webp,image,bbb review screenshot,,,,,,not-applicable,,© Checkmark Audio. All rights reserved.,,third-party-review-required,not-applicable,public-website,home,Screenshot of a five-star customer review.,,,pending-human-approval,Third-party mark or source requires rights review. Original source archived outside the repo in checkmark-audio-media-originals-2026-08-07.zip (Bridget's Desktop); only the optimized web copy remains in MEDIA/IMAGES. Draft alt text generated from the SEO filename/visual content; confirm against real page context before publishing.
IMG-0090,MEDIA/IMAGES/vocal-booth-microphone-blue-light-view-12.jpg,MEDIA/IMAGES/vocal-booth-microphone-blue-light-view-12.webp,image,blue microphone pop filter,,,,,,Checkmark Audio staff,Checkmark Audio,© Checkmark Audio. All rights reserved.,Owned by Checkmark Audio; approved for public-website use.,verified,not-applicable,public-website,studio-b,Studio microphone in the vocal booth lit in blue stage lighting at Checkmark Audio.,,,pending-human-approval,Page assignment is proposed from visible subject/filename and is not publication approval. Original source archived outside the repo in checkmark-audio-media-originals-2026-08-07.zip (Bridget's Desktop); only the optimized web copy remains in MEDIA/IMAGES. Draft alt text generated from the SEO filename/visual content; confirm against real page context before publishing.
IMG-0091,MEDIA/IMAGES/body-on-your-body-illustrated-single-cover.png,MEDIA/IMAGES/body-on-your-body-illustrated-single-cover.webp,image,body on your body illustrated single cover,,,,,,Artist (unidentified),Courtesy of the featured artist,© the featured artist. Used with permission.,"Property of the featured artist; used with permission for Checkmark Audio promotional/website purposes, per the same arrangement as other artist-supplied material. Specific artist name not confirmed.",verified,not-applicable,public-website,artist-promotion,"Illustrated single cover artwork for ""Body on Your Body.""",,,pending-human-approval,Page assignment is proposed from visible subject/filename and is not publication approval. Original source archived outside the repo in checkmark-audio-media-originals-2026-08-07.zip (Bridget's Desktop); only the optimized web copy remains in MEDIA/IMAGES. Draft alt text generated from the SEO filename/visual content; confirm against real page context before publishing. Creator credit needs research (likely shot off-site or band-supplied artwork); not yet confirmed. Too ambiguous to attribute to a specific named artist; credited generically per Bridget 2026-08-08.
IMG-0093,MEDIA/IMAGES/checkmark-audio-albuquerque-music-studio-control-room-1.jpg,MEDIA/IMAGES/checkmark-audio-albuquerque-music-studio-control-room-1.webp,image,checkmark audio albuquerque music studio control room 1,recording studio,Control room,,,,Checkmark Audio staff,Checkmark Audio,© Checkmark Audio. All rights reserved.,Owned by Checkmark Audio; approved for public-website use.,verified,not-applicable,public-website,studio-a,Checkmark Audio's control room.,,recording studio; Control room,pending-human-approval,Page assignment is proposed from visible subject/filename and is not publication approval. Original source archived outside the repo in checkmark-audio-media-originals-2026-08-07.zip (Bridget's Desktop); only the optimized web copy remains in MEDIA/IMAGES. Draft alt text generated from the SEO filename/visual content; confirm against real page context before publishing.
IMG-0094,MEDIA/IMAGES/checkmark-audio-albuquerque-music-studio-control-room-music-studio-1.jpg,MEDIA/IMAGES/checkmark-audio-albuquerque-music-studio-control-room-music-studio-1.webp,image,checkmark audio albuquerque music studio control room music studio 1,recording studio,Control room,,,,Checkmark Audio staff,Checkmark Audio,© Checkmark Audio. All rights reserved.,Owned by Checkmark Audio; approved for public-website use.,verified,not-applicable,public-website,studio-a,Checkmark Audio's control room.,,recording studio; Control room,pending-human-approval,Page assignment is proposed from visible subject/filename and is not publication approval. Original source archived outside the repo in checkmark-audio-media-originals-2026-08-07.zip (Bridget's Desktop); only the optimized web copy remains in MEDIA/IMAGES. Draft alt text generated from the SEO filename/visual content; confirm against real page context before publishing.
IMG-0096,MEDIA/IMAGES/checkmark-audio-albuquerque-nm-studio-building-exterior.jpg,MEDIA/IMAGES/checkmark-audio-albuquerque-nm-studio-building-exterior.webp,image,checkmark audio albuquerque nm studio building exterior,recording studio,Studio B,Albuquerque,NM,USA,Checkmark Audio staff,Checkmark Audio,© Checkmark Audio. All rights reserved.,Owned by Checkmark Audio; approved for public-website use.,verified,not-applicable,public-website,studio-a,Exterior of the Checkmark Audio studio building.,,recording studio; Studio B; Albuquerque NM,pending-human-approval,Page assignment is proposed from visible subject/filename and is not publication approval. Original source archived outside the repo in checkmark-audio-media-originals-2026-08-07.zip (Bridget's Desktop); only the optimized web copy remains in MEDIA/IMAGES. Draft alt text generated from the SEO filename/visual content; confirm against real page context before publishing.
IMG-0099,MEDIA/IMAGES/checkmark-audio-black-phone-video-frame.jpg,MEDIA/IMAGES/checkmark-audio-black-phone-video-frame.webp,image,checkmark audio black phone video frame,,,,,,Checkmark Audio staff,Checkmark Audio,© Checkmark Audio. All rights reserved.,Owned by Checkmark Audio; approved for public-website use.,verified,not-applicable,public-website,sitewide-logo,,,,pending-human-approval,Page assignment is proposed from visible subject/filename and is not publication approval. Original source archived outside the repo in checkmark-audio-media-originals-2026-08-07.zip (Bridget's Desktop); only the optimized web copy remains in MEDIA/IMAGES.
IMG-0107,MEDIA/IMAGES/checkmark-audio-color-fade.png,MEDIA/IMAGES/checkmark-audio-color-fade.webp,image,checkmark audio color fade,,,,,,Checkmark Audio staff,Checkmark Audio,© Checkmark Audio. All rights reserved.,Owned by Checkmark Audio; approved for public-website use.,verified,not-applicable,public-website,sitewide-logo,,,,pending-human-approval,Page assignment is proposed from visible subject/filename and is not publication approval. Original source archived outside the repo in checkmark-audio-media-originals-2026-08-07.zip (Bridget's Desktop); only the optimized web copy remains in MEDIA/IMAGES.
IMG-0110,MEDIA/IMAGES/checkmark-audio-demo-reel-title-02.jpg,MEDIA/IMAGES/checkmark-audio-demo-reel-title-02.webp,image,checkmark audio demo reel title 02,,,,,,Checkmark Audio staff,Checkmark Audio,© Checkmark Audio. All rights reserved.,Owned by Checkmark Audio; approved for public-website use.,verified,not-applicable,public-website,home,Title card for the Checkmark Audio demo reel.,,,pending-human-approval,Page assignment is proposed from visible subject/filename and is not publication approval. Original source archived outside the repo in checkmark-audio-media-originals-2026-08-07.zip (Bridget's Desktop); only the optimized web copy remains in MEDIA/IMAGES. Draft alt text generated from the SEO filename/visual content; confirm against real page context before publishing.
IMG-0134,MEDIA/IMAGES/checkmark-audio-lounge-sign.jpg,MEDIA/IMAGES/checkmark-audio-lounge-sign.webp,image,checkmark audio lounge sign,,Waiting area / lounge,,,,Checkmark Audio staff,Checkmark Audio,© Checkmark Audio. All rights reserved.,Owned by Checkmark Audio; approved for public-website use.,verified,not-applicable,public-website,studio-a,"""Moonlight"" neon sign in the Checkmark Audio lounge.",,Waiting area / lounge,pending-human-approval,Page assignment is proposed from visible subject/filename and is not publication approval. Original source archived outside the repo in checkmark-audio-media-originals-2026-08-07.zip (Bridget's Desktop); only the optimized web copy remains in MEDIA/IMAGES. Draft alt text generated from the SEO filename/visual content; confirm against real page context before publishing.
IMG-0135,MEDIA/IMAGES/checkmark-audio-mixer-view-02.jpg,MEDIA/IMAGES/checkmark-audio-mixer-view-02.webp,image,checkmark audio mixer view 02,,,,,,Checkmark Audio staff,Checkmark Audio,© Checkmark Audio. All rights reserved.,Owned by Checkmark Audio; approved for public-website use.,verified,not-applicable,public-website,studio-a,Checkmark Audio's mixing console.,,,pending-human-approval,Page assignment is proposed from visible subject/filename and is not publication approval. Original source archived outside the repo in checkmark-audio-media-originals-2026-08-07.zip (Bridget's Desktop); only the optimized web copy remains in MEDIA/IMAGES. Draft alt text generated from the SEO filename/visual content; confirm against real page context before publishing.
IMG-0139,MEDIA/IMAGES/checkmark-audio-music-studio-equipment-view-03.jpg,MEDIA/IMAGES/checkmark-audio-music-studio-equipment-view-03.webp,image,checkmark audio music studio equipment view 03,recording studio,,,,,Checkmark Audio staff,Checkmark Audio,© Checkmark Audio. All rights reserved.,Owned by Checkmark Audio; approved for public-website use.,verified,not-applicable,public-website,studio-a,Close-up of the outboard compressor rack at Checkmark Audio.,,recording studio,pending-human-approval,Page assignment is proposed from visible subject/filename and is not publication approval. Original source archived outside the repo in checkmark-audio-media-originals-2026-08-07.zip (Bridget's Desktop); only the optimized web copy remains in MEDIA/IMAGES. Draft alt text generated from the SEO filename/visual content; confirm against real page context before publishing.
IMG-0140,MEDIA/IMAGES/checkmark-audio-music-studio-equipment-view-04.jpg,MEDIA/IMAGES/checkmark-audio-music-studio-equipment-view-04.webp,image,checkmark audio music studio equipment view 04,recording studio,,,,,Checkmark Audio staff,Checkmark Audio,© Checkmark Audio. All rights reserved.,Owned by Checkmark Audio; approved for public-website use.,verified,not-applicable,public-website,studio-a,Close-up of the outboard compressor rack at Checkmark Audio.,,recording studio,pending-human-approval,Page assignment is proposed from visible subject/filename and is not publication approval. Original source archived outside the repo in checkmark-audio-media-originals-2026-08-07.zip (Bridget's Desktop); only the optimized web copy remains in MEDIA/IMAGES. Draft alt text generated from the SEO filename/visual content; confirm against real page context before publishing.
IMG-0141,MEDIA/IMAGES/checkmark-audio-music-studio-equipment-view-05.jpg,MEDIA/IMAGES/checkmark-audio-music-studio-equipment-view-05.webp,image,checkmark audio music studio equipment view 05,recording studio,,,,,Checkmark Audio staff,Checkmark Audio,© Checkmark Audio. All rights reserved.,Owned by Checkmark Audio; approved for public-website use.,verified,not-applicable,public-website,studio-a,Close-up of the outboard compressor rack at Checkmark Audio.,,recording studio,pending-human-approval,Page assignment is proposed from visible subject/filename and is not publication approval. Original source archived outside the repo in checkmark-audio-media-originals-2026-08-07.zip (Bridget's Desktop); only the optimized web copy remains in MEDIA/IMAGES. Draft alt text generated from the SEO filename/visual content; confirm against real page context before publishing.
IMG-0142,MEDIA/IMAGES/checkmark-audio-music-studio-equipment-view-06.jpg,MEDIA/IMAGES/checkmark-audio-music-studio-equipment-view-06.webp,image,checkmark audio music studio equipment view 06,recording studio,,,,,Checkmark Audio staff,Checkmark Audio,© Checkmark Audio. All rights reserved.,Owned by Checkmark Audio; approved for public-website use.,verified,not-applicable,public-website,studio-a,Close-up of the outboard compressor rack at Checkmark Audio.,,recording studio,pending-human-approval,Page assignment is proposed from visible subject/filename and is not publication approval. Original source archived outside the repo in checkmark-audio-media-originals-2026-08-07.zip (Bridget's Desktop); only the optimized web copy remains in MEDIA/IMAGES. Draft alt text generated from the SEO filename/visual content; confirm against real page context before publishing.
IMG-0143,MEDIA/IMAGES/checkmark-audio-music-studio-equipment-view-07.jpg,MEDIA/IMAGES/checkmark-audio-music-studio-equipment-view-07.webp,image,checkmark audio music studio equipment view 07,recording studio,,,,,Checkmark Audio staff,Checkmark Audio,© Checkmark Audio. All rights reserved.,Owned by Checkmark Audio; approved for public-website use.,verified,not-applicable,public-website,studio-a,Close-up of the outboard compressor rack at Checkmark Audio.,,recording studio,pending-human-approval,Page assignment is proposed from visible subject/filename and is not publication approval. Original source archived outside the repo in checkmark-audio-media-originals-2026-08-07.zip (Bridget's Desktop); only the optimized web copy remains in MEDIA/IMAGES. Draft alt text generated from the SEO filename/visual content; confirm against real page context before publishing.
IMG-0144,MEDIA/IMAGES/checkmark-audio-music-studio-equipment.jpg,MEDIA/IMAGES/checkmark-audio-music-studio-equipment.webp,image,checkmark audio music studio equipment,recording studio,,,,,Checkmark Audio staff,Checkmark Audio,© Checkmark Audio. All rights reserved.,Owned by Checkmark Audio; approved for public-website use.,verified,not-applicable,public-website,studio-a,Close-up of the outboard compressor rack at Checkmark Audio.,,recording studio,pending-human-approval,Page assignment is proposed from visible subject/filename and is not publication approval. Original source archived outside the repo in checkmark-audio-media-originals-2026-08-07.zip (Bridget's Desktop); only the optimized web copy remains in MEDIA/IMAGES. Draft alt text generated from the SEO filename/visual content; confirm against real page context before publishing.
IMG-0145,MEDIA/IMAGES/mixing-console-close-up-view-01.jpg,MEDIA/IMAGES/mixing-console-close-up-view-01.webp,image,checkmark audio music studio mixer,recording studio,,,,,Checkmark Audio staff,Checkmark Audio,© Checkmark Audio. All rights reserved.,Owned by Checkmark Audio; approved for public-website use.,verified,not-applicable,public-website,studio-a,Close-up of the mixing console at Checkmark Audio.,,recording studio,pending-human-approval,Page assignment is proposed from visible subject/filename and is not publication approval. Original source archived outside the repo in checkmark-audio-media-originals-2026-08-07.zip (Bridget's Desktop); only the optimized web copy remains in MEDIA/IMAGES. Draft alt text generated from the SEO filename/visual content; confirm against real page context before publishing.
IMG-0159,MEDIA/IMAGES/checkmark-audio-recording-studio-sign.png,MEDIA/IMAGES/checkmark-audio-recording-studio-sign.webp,image,checkmark audio recording studio sign,recording studio,,,,,Checkmark Audio staff,Checkmark Audio,© Checkmark Audio. All rights reserved.,Owned by Checkmark Audio; approved for public-website use.,verified,not-applicable,public-website,studio-a,Checkmark Audio recording studio sign.,,recording studio,pending-human-approval,Page assignment is proposed from visible subject/filename and is not publication approval. Original source archived outside the repo in checkmark-audio-media-originals-2026-08-07.zip (Bridget's Desktop); only the optimized web copy remains in MEDIA/IMAGES. Draft alt text generated from the SEO filename/visual content; confirm against real page context before publishing.
IMG-0161,MEDIA/IMAGES/checkmark-audio-studio-sign-black-and-white.jpg,MEDIA/IMAGES/checkmark-audio-studio-sign-black-and-white.webp,image,checkmark audio studio sign black and white,recording studio,,,,,Checkmark Audio staff,Checkmark Audio,© Checkmark Audio. All rights reserved.,Owned by Checkmark Audio; approved for public-website use.,verified,not-applicable,public-website,studio-a,Checkmark Audio recording studio sign.,,recording studio,pending-human-approval,Page assignment is proposed from visible subject/filename and is not publication approval. Original source archived outside the repo in checkmark-audio-media-originals-2026-08-07.zip (Bridget's Desktop); only the optimized web copy remains in MEDIA/IMAGES. Draft alt text generated from the SEO filename/visual content; confirm against real page context before publishing.
IMG-0164,MEDIA/IMAGES/checkmark-audio-studio-sign-wide.jpg,MEDIA/IMAGES/checkmark-audio-studio-sign-wide.webp,image,checkmark audio studio sign wide,recording studio,,,,,Checkmark Audio staff,Checkmark Audio,© Checkmark Audio. All rights reserved.,Owned by Checkmark Audio; approved for public-website use.,verified,not-applicable,public-website,studio-a,Checkmark Audio recording studio sign.,,recording studio,pending-human-approval,Page assignment is proposed from visible subject/filename and is not publication approval. Original source archived outside the repo in checkmark-audio-media-originals-2026-08-07.zip (Bridget's Desktop); only the optimized web copy remains in MEDIA/IMAGES. Draft alt text generated from the SEO filename/visual content; confirm against real page context before publishing.
IMG-0165,MEDIA/IMAGES/checkmark-audio-studio-sign.jpg,MEDIA/IMAGES/checkmark-audio-studio-sign-jpg.webp,image,checkmark audio studio sign,recording studio,,,,,Checkmark Audio staff,Checkmark Audio,© Checkmark Audio. All rights reserved.,Owned by Checkmark Audio; approved for public-website use.,verified,not-applicable,public-website,studio-a,Checkmark Audio recording studio sign.,,recording studio,pending-human-approval,Page assignment is proposed from visible subject/filename and is not publication approval. Original source archived outside the repo in checkmark-audio-media-originals-2026-08-07.zip (Bridget's Desktop); only the optimized web copy remains in MEDIA/IMAGES. Draft alt text generated from the SEO filename/visual content; confirm against real page context before publishing.
IMG-0166,MEDIA/IMAGES/checkmark-audio-studio-sign.png,MEDIA/IMAGES/checkmark-audio-studio-sign-png.webp,image,checkmark audio studio sign,recording studio,,,,,Checkmark Audio staff,Checkmark Audio,© Checkmark Audio. All rights reserved.,Owned by Checkmark Audio; approved for public-website use.,verified,not-applicable,public-website,studio-a,Checkmark Audio recording studio sign.,,recording studio,duplicate-preferred-candidate,Page assignment is proposed from visible subject/filename and is not publication approval. Exact duplicate group DUP-032; proposed keeper based on active reference/name clarity. Original source archived outside the repo in checkmark-audio-media-originals-2026-08-07.zip (Bridget's Desktop); only the optimized web copy remains in MEDIA/IMAGES. Draft alt text generated from the SEO filename/visual content; confirm against real page context before publishing.
IMG-0169,MEDIA/IMAGES/checkmark-audio-vocal-recording-booth-view-02.jpg,MEDIA/IMAGES/checkmark-audio-vocal-recording-booth-view-02.webp,image,checkmark audio vocal recording booth view 02,vocal recording,,,,,Checkmark Audio staff,Checkmark Audio,© Checkmark Audio. All rights reserved.,Owned by Checkmark Audio; approved for public-website use.,verified,not-applicable,public-website,studio-b,Vocal recording booth at Checkmark Audio.,,vocal recording,pending-human-approval,Page assignment is proposed from visible subject/filename and is not publication approval. Original source archived outside the repo in checkmark-audio-media-originals-2026-08-07.zip (Bridget's Desktop); only the optimized web copy remains in MEDIA/IMAGES. Draft alt text generated from the SEO filename/visual content; confirm against real page context before publishing.
IMG-0180,MEDIA/IMAGES/checkmark-music-entertainment-logo-black.png,MEDIA/IMAGES/checkmark-music-entertainment-logo-black.webp,image,checkmark music entertainment logo black,,,,,,not-applicable,,© Checkmark Audio. All rights reserved.,,verified,not-applicable,public-website,sitewide-logo,Checkmark Music Entertainment logo.,,,pending-human-approval,Page assignment is proposed from visible subject/filename and is not publication approval. Original source archived outside the repo in checkmark-audio-media-originals-2026-08-07.zip (Bridget's Desktop); only the optimized web copy remains in MEDIA/IMAGES. Draft alt text generated from the SEO filename/visual content; confirm against real page context before publishing.
IMG-0183,MEDIA/IMAGES/checkmark-audio-studio-mural-sign-view-01.jpeg,MEDIA/IMAGES/checkmark-audio-studio-mural-sign-view-01.webp,image,checkmark music studio recording vocals sign,recording studio,,,,,Checkmark Audio staff,Checkmark Audio,© Checkmark Audio. All rights reserved.,Owned by Checkmark Audio; approved for public-website use.,verified,not-applicable,public-website,studio-a,Checkmark Audio studio mural sign artwork.,,recording studio,pending-human-approval,Page assignment is proposed from visible subject/filename and is not publication approval. Original source archived outside the repo in checkmark-audio-media-originals-2026-08-07.zip (Bridget's Desktop); only the optimized web copy remains in MEDIA/IMAGES. Draft alt text generated from the SEO filename/visual content; confirm against real page context before publishing.
IMG-0184,MEDIA/IMAGES/checkmark-photography-concert-banner.jpg,MEDIA/IMAGES/checkmark-photography-concert-banner.webp,image,checkmark photography concert banner,,,,,,Checkmark Audio staff,Checkmark Audio,© Checkmark Audio. All rights reserved.,Owned by Checkmark Audio; approved for public-website use.,verified,not-applicable,public-website,sitewide-logo,Checkmark Photography logo.,,,pending-human-approval,Page assignment is proposed from visible subject/filename and is not publication approval. Original source archived outside the repo in checkmark-audio-media-originals-2026-08-07.zip (Bridget's Desktop); only the optimized web copy remains in MEDIA/IMAGES. Draft alt text generated from the SEO filename/visual content; confirm against real page context before publishing.
IMG-0185,MEDIA/IMAGES/checkmark-photography-logo.png,MEDIA/IMAGES/checkmark-photography-logo.webp,image,checkmark photography logo,,,,,,not-applicable,,© Checkmark Audio. All rights reserved.,,verified,not-applicable,public-website,sitewide-logo,Checkmark Photography logo.,,,pending-human-approval,Page assignment is proposed from visible subject/filename and is not publication approval. Original source archived outside the repo in checkmark-audio-media-originals-2026-08-07.zip (Bridget's Desktop); only the optimized web copy remains in MEDIA/IMAGES. Draft alt text generated from the SEO filename/visual content; confirm against real page context before publishing.
IMG-0188,MEDIA/IMAGES/richard-baca-mixing-workstation-view-01.jpg,MEDIA/IMAGES/richard-baca-mixing-workstation-view-01.webp,image,computer session couch wide,,,,,,Checkmark Audio staff,Checkmark Audio,© Checkmark Audio. All rights reserved.,Owned by Checkmark Audio; approved for public-website use.,verified,not-applicable,public-website,our-team,Richard Baca at the mixing workstation at Checkmark Audio.,,,pending-human-approval,Page assignment is proposed from visible subject/filename and is not publication approval. Original source archived outside the repo in checkmark-audio-media-originals-2026-08-07.zip (Bridget's Desktop); only the optimized web copy remains in MEDIA/IMAGES. Draft alt text generated from the SEO filename/visual content; confirm against real page context before publishing.
IMG-0190,MEDIA/IMAGES/control-room-black-white.jpg,MEDIA/IMAGES/control-room-black-white.webp,image,control room black white,recording studio,Control room,,,,Checkmark Audio staff,Checkmark Audio,© Checkmark Audio. All rights reserved.,Owned by Checkmark Audio; approved for public-website use.,verified,not-applicable,public-website,studio-a,"Control room, shown in black and white, at Checkmark Audio.",,recording studio; Control room,pending-human-approval,Page assignment is proposed from visible subject/filename and is not publication approval. Original source archived outside the repo in checkmark-audio-media-originals-2026-08-07.zip (Bridget's Desktop); only the optimized web copy remains in MEDIA/IMAGES. Draft alt text generated from the SEO filename/visual content; confirm against real page context before publishing.
IMG-0191,MEDIA/IMAGES/studio-b-control-room-desk-synth-view-01.jpg,MEDIA/IMAGES/studio-b-control-room-desk-synth-view-01.webp,image,control room desk synth,music production,Control room,,,,Checkmark Audio staff,Checkmark Audio,© Checkmark Audio. All rights reserved.,Owned by Checkmark Audio; approved for public-website use.,verified,not-applicable,public-website,studio-b,Studio B control room desk with synthesizer at Checkmark Audio.,,music production; Control room,pending-human-approval,Page assignment is proposed from visible subject/filename and is not publication approval. Original source archived outside the repo in checkmark-audio-media-originals-2026-08-07.zip (Bridget's Desktop); only the optimized web copy remains in MEDIA/IMAGES. Draft alt text generated from the SEO filename/visual content; confirm against real page context before publishing.
IMG-0193,MEDIA/IMAGES/control-room-desk-view-03.jpg,MEDIA/IMAGES/control-room-desk-view-03.webp,image,control room desk view 03,recording studio,Control room,,,,Checkmark Audio staff,Checkmark Audio,© Checkmark Audio. All rights reserved.,Owned by Checkmark Audio; approved for public-website use.,verified,not-applicable,public-website,studio-a,Control room desk with monitors and outboard gear at Checkmark Audio.,,recording studio; Control room,pending-human-approval,Page assignment is proposed from visible subject/filename and is not publication approval. Original source archived outside the repo in checkmark-audio-media-originals-2026-08-07.zip (Bridget's Desktop); only the optimized web copy remains in MEDIA/IMAGES. Draft alt text generated from the SEO filename/visual content; confirm against real page context before publishing.
IMG-0194,MEDIA/IMAGES/studio-b-instrument-room-black-and-white-view-01.jpg,MEDIA/IMAGES/studio-b-instrument-room-black-and-white-view-01.webp,image,control room guitars black white,recording studio,Control room,,,,Checkmark Audio staff,Checkmark Audio,© Checkmark Audio. All rights reserved.,Owned by Checkmark Audio; approved for public-website use.,verified,not-applicable,public-website,studio-b,Studio B instrument room wall with guitars and microphone at Checkmark Audio.,,recording studio; Control room,pending-human-approval,Page assignment is proposed from visible subject/filename and is not publication approval. Original source archived outside the repo in checkmark-audio-media-originals-2026-08-07.zip (Bridget's Desktop); only the optimized web copy remains in MEDIA/IMAGES. Draft alt text generated from the SEO filename/visual content; confirm against real page context before publishing.
IMG-0195,MEDIA/IMAGES/studio-b-instrument-room-view-01.jpg,MEDIA/IMAGES/studio-b-instrument-room-view-01.webp,image,control room instruments wide,recording studio,Control room,,,,Checkmark Audio staff,Checkmark Audio,© Checkmark Audio. All rights reserved.,Owned by Checkmark Audio; approved for public-website use.,verified,not-applicable,public-website,studio-b,Studio B instrument room wall with guitars and microphone at Checkmark Audio.,,recording studio; Control room,pending-human-approval,Page assignment is proposed from visible subject/filename and is not publication approval. Original source archived outside the repo in checkmark-audio-media-originals-2026-08-07.zip (Bridget's Desktop); only the optimized web copy remains in MEDIA/IMAGES. Draft alt text generated from the SEO filename/visual content; confirm against real page context before publishing.
IMG-0197,MEDIA/IMAGES/control-room-speaker-mural.jpg,MEDIA/IMAGES/control-room-speaker-mural.webp,image,control room speaker mural,recording studio,Control room,,,,Checkmark Audio staff,Checkmark Audio,© Checkmark Audio. All rights reserved.,Owned by Checkmark Audio; approved for public-website use.,verified,not-applicable,public-website,studio-a,Control room monitors with mural artwork on the wall at Checkmark Audio.,,recording studio; Control room,pending-human-approval,Page assignment is proposed from visible subject/filename and is not publication approval. Original source archived outside the repo in checkmark-audio-media-originals-2026-08-07.zip (Bridget's Desktop); only the optimized web copy remains in MEDIA/IMAGES. Draft alt text generated from the SEO filename/visual content; confirm against real page context before publishing.
IMG-0199,MEDIA/IMAGES/country-medicine-singer-studio-headphones.jpg,MEDIA/IMAGES/GALLERY/country-medicine-singer-studio-headphones.webp,image,country meds singer studio headphones,vocal recording,,,,,Checkmark Audio staff,Checkmark Audio,© Checkmark Audio. All rights reserved.,Owned by Checkmark Audio; approved for public-website use.,verified,approved,public-website,gallery,Country Medicine's singer wearing studio headphones at Checkmark Audio.,,vocal recording,pending-human-approval,Page assignment is proposed from visible subject/filename and is not publication approval. Original source archived outside the repo in checkmark-audio-media-originals-2026-08-07.zip (Bridget's Desktop); only the optimized web copy remains in MEDIA/IMAGES. Draft alt text generated from the SEO filename/visual content; confirm against real page context before publishing.
IMG-0201,MEDIA/IMAGES/country-meds-singer-vocal-recording-microphone.jpg,MEDIA/IMAGES/GALLERY/country-meds-singer-vocal-recording-microphone.webp,image,country meds singer vocal recording microphone,vocal recording,,,,,Checkmark Audio staff,Checkmark Audio,© Checkmark Audio. All rights reserved.,Owned by Checkmark Audio; approved for public-website use.,verified,approved,public-website,gallery,Country Medicine's singer recording vocals on the studio microphone at Checkmark Audio.,,vocal recording,pending-human-approval,Page assignment is proposed from visible subject/filename and is not publication approval. Original source archived outside the repo in checkmark-audio-media-originals-2026-08-07.zip (Bridget's Desktop); only the optimized web copy remains in MEDIA/IMAGES. Draft alt text generated from the SEO filename/visual content; confirm against real page context before publishing.
IMG-0204,MEDIA/IMAGES/dark-microphone-pop-filter.jpg,MEDIA/IMAGES/dark-microphone-pop-filter.webp,image,dark microphone pop filter,,,,,,Checkmark Audio staff,Checkmark Audio,© Checkmark Audio. All rights reserved.,Owned by Checkmark Audio; approved for public-website use.,verified,not-applicable,public-website,studio-a,Studio microphone and pop filter in low light.,,,pending-human-approval,Page assignment is proposed from visible subject/filename and is not publication approval. Original source archived outside the repo in checkmark-audio-media-originals-2026-08-07.zip (Bridget's Desktop); only the optimized web copy remains in MEDIA/IMAGES. Draft alt text generated from the SEO filename/visual content; confirm against real page context before publishing.
IMG-0206,MEDIA/IMAGES/debut-band-single-artwork.jpg,MEDIA/IMAGES/debut-band-single-artwork.webp,image,debut band single artwork,,,,,,Artist (unidentified),Courtesy of the featured artist,© the featured artist. Used with permission.,"Property of the featured artist; used with permission for Checkmark Audio promotional/website purposes, per the same arrangement as other artist-supplied material. Specific artist name not confirmed.",verified,not-applicable,public-website,artist-promotion,Debut single artwork for a Checkmark Audio client band.,,,pending-human-approval,Page assignment is proposed from visible subject/filename and is not publication approval. Original source archived outside the repo in checkmark-audio-media-originals-2026-08-07.zip (Bridget's Desktop); only the optimized web copy remains in MEDIA/IMAGES. Draft alt text generated from the SEO filename/visual content; confirm against real page context before publishing. Creator credit needs research (likely shot off-site or band-supplied artwork); not yet confirmed. Too ambiguous to attribute to a specific named artist; credited generically per Bridget 2026-08-08.
IMG-0207,MEDIA/IMAGES/diego-album-cover-1.jpg,MEDIA/IMAGES/diego-album-cover-1.webp,image,diego album cover 1,,,,,,Diego,Courtesy of Diego,© Diego. Used with permission.,Property of Diego; used with the artist's permission for Checkmark Audio promotional/website purposes.,verified,not-applicable,public-website,artist-promotion,Diego's album cover artwork.,,,pending-human-approval,"Page assignment is proposed from visible subject/filename and is not publication approval. Original source archived outside the repo in checkmark-audio-media-originals-2026-08-07.zip (Bridget's Desktop); only the optimized web copy remains in MEDIA/IMAGES. Draft alt text generated from the SEO filename/visual content; confirm against real page context before publishing. Creator credit needs research (likely shot off-site or band-supplied artwork); not yet confirmed. Confirmed by Gavin 2026-08-08: artist-supplied material, usable as originally discussed when sent to Checkmark Audio."
IMG-0208,MEDIA/IMAGES/diego-album-cover-3.jpg,MEDIA/IMAGES/diego-album-cover-3.webp,image,diego album cover 3,,,,,,Diego,Courtesy of Diego,© Diego. Used with permission.,Property of Diego; used with the artist's permission for Checkmark Audio promotional/website purposes.,verified,not-applicable,public-website,artist-promotion,Diego's album cover artwork.,,,pending-human-approval,"Page assignment is proposed from visible subject/filename and is not publication approval. Original source archived outside the repo in checkmark-audio-media-originals-2026-08-07.zip (Bridget's Desktop); only the optimized web copy remains in MEDIA/IMAGES. Draft alt text generated from the SEO filename/visual content; confirm against real page context before publishing. Creator credit needs research (likely shot off-site or band-supplied artwork); not yet confirmed. Confirmed by Gavin 2026-08-08: artist-supplied material, usable as originally discussed when sent to Checkmark Audio."
IMG-0209,MEDIA/IMAGES/diego-head-shot-1.jpg,MEDIA/IMAGES/diego-head-shot-1.webp,image,diego head shot 1,,,,,,Checkmark Audio staff,Checkmark Audio,© Checkmark Audio. All rights reserved.,Owned by Checkmark Audio; approved for public-website use.,verified,not-applicable,public-website,artist-photography,Studio headshot portrait of musician Diego.,,,pending-human-approval,Page assignment is proposed from visible subject/filename and is not publication approval. Original source archived outside the repo in checkmark-audio-media-originals-2026-08-07.zip (Bridget's Desktop); only the optimized web copy remains in MEDIA/IMAGES. Draft alt text generated from the SEO filename/visual content; confirm against real page context before publishing.
IMG-0210,MEDIA/IMAGES/diego-headshot-view-01.jpg,MEDIA/IMAGES/diego-headshot-view-01.webp,image,diego head shot 2,,,,,,Checkmark Audio staff,Checkmark Audio,© Checkmark Audio. All rights reserved.,Owned by Checkmark Audio; approved for public-website use.,verified,not-applicable,public-website,artist-photography,Studio headshot portrait of musician Diego.,,,pending-human-approval,Page assignment is proposed from visible subject/filename and is not publication approval. Original source archived outside the repo in checkmark-audio-media-originals-2026-08-07.zip (Bridget's Desktop); only the optimized web copy remains in MEDIA/IMAGES. Draft alt text generated from the SEO filename/visual content; confirm against real page context before publishing.
IMG-0212,MEDIA/IMAGES/drum-recording-cymbal-detail.jpg,MEDIA/IMAGES/drum-recording-cymbal-detail.webp,image,drum recording cymbal detail,band recording,,,,,Checkmark Audio staff,Checkmark Audio,© Checkmark Audio. All rights reserved.,Owned by Checkmark Audio; approved for public-website use.,verified,not-applicable,public-website,studio-b,Close-up detail of a drum kit set up for recording.,,band recording,pending-human-approval,Page assignment is proposed from visible subject/filename and is not publication approval. Original source archived outside the repo in checkmark-audio-media-originals-2026-08-07.zip (Bridget's Desktop); only the optimized web copy remains in MEDIA/IMAGES. Draft alt text generated from the SEO filename/visual content; confirm against real page context before publishing.
IMG-0213,MEDIA/IMAGES/drum-recording-kit-detail.jpg,MEDIA/IMAGES/drum-recording-kit-detail.webp,image,drum recording kit detail,band recording,,,,,Checkmark Audio staff,Checkmark Audio,© Checkmark Audio. All rights reserved.,Owned by Checkmark Audio; approved for public-website use.,verified,not-applicable,public-website,studio-b,Close-up detail of a drum kit set up for recording.,,band recording,pending-human-approval,Page assignment is proposed from visible subject/filename and is not publication approval. Original source archived outside the repo in checkmark-audio-media-originals-2026-08-07.zip (Bridget's Desktop); only the optimized web copy remains in MEDIA/IMAGES. Draft alt text generated from the SEO filename/visual content; confirm against real page context before publishing.
IMG-0215,MEDIA/IMAGES/drum-recording-snare-close-up.jpg,MEDIA/IMAGES/drum-recording-snare-close-up.webp,image,drum recording snare close up,band recording,,,,,Checkmark Audio staff,Checkmark Audio,© Checkmark Audio. All rights reserved.,Owned by Checkmark Audio; approved for public-website use.,verified,not-applicable,public-website,studio-b,Close-up detail of a drum kit set up for recording.,,band recording,pending-human-approval,Page assignment is proposed from visible subject/filename and is not publication approval. Original source archived outside the repo in checkmark-audio-media-originals-2026-08-07.zip (Bridget's Desktop); only the optimized web copy remains in MEDIA/IMAGES. Draft alt text generated from the SEO filename/visual content; confirm against real page context before publishing.
IMG-0218,MEDIA/IMAGES/engineer-at-control-room.jpeg,MEDIA/IMAGES/engineer-at-control-room.webp,image,engineer at control room,recording studio,Control room,,,,Checkmark Audio staff,Checkmark Audio,© Checkmark Audio. All rights reserved.,Owned by Checkmark Audio; approved for public-website use.,verified,approved,public-website,our-team,Engineer working at the control room console at Checkmark Audio.,,recording studio; Control room,pending-human-approval,Page assignment is proposed from visible subject/filename and is not publication approval. Original source archived outside the repo in checkmark-audio-media-originals-2026-08-07.zip (Bridget's Desktop); only the optimized web copy remains in MEDIA/IMAGES. Draft alt text generated from the SEO filename/visual content; confirm against real page context before publishing.
IMG-0220,MEDIA/IMAGES/engineers-at-control-room-workstation-view-03.jpg,MEDIA/IMAGES/engineers-at-control-room-workstation-view-03.webp,image,engineers at control room workstation view 03,music production,Control room,,,,Checkmark Audio staff,Checkmark Audio,© Checkmark Audio. All rights reserved.,Owned by Checkmark Audio; approved for public-website use.,verified,approved,public-website,our-team,Engineers working at the control room workstation at Checkmark Audio.,,music production; Control room,pending-human-approval,Page assignment is proposed from visible subject/filename and is not publication approval. Original source archived outside the repo in checkmark-audio-media-originals-2026-08-07.zip (Bridget's Desktop); only the optimized web copy remains in MEDIA/IMAGES. Draft alt text generated from the SEO filename/visual content; confirm against real page context before publishing.
IMG-0221,MEDIA/IMAGES/engineers-at-control-room-workstation-view-04.jpg,MEDIA/IMAGES/engineers-at-control-room-workstation-view-04.webp,image,engineers at control room workstation view 04,music production,Control room,,,,Checkmark Audio staff,Checkmark Audio,© Checkmark Audio. All rights reserved.,Owned by Checkmark Audio; approved for public-website use.,verified,approved,public-website,our-team,Engineers working at the control room workstation at Checkmark Audio.,,music production; Control room,pending-human-approval,Page assignment is proposed from visible subject/filename and is not publication approval. Original source archived outside the repo in checkmark-audio-media-originals-2026-08-07.zip (Bridget's Desktop); only the optimized web copy remains in MEDIA/IMAGES. Draft alt text generated from the SEO filename/visual content; confirm against real page context before publishing.
IMG-0222,MEDIA/IMAGES/engineers-at-control-room-workstation.jpg,MEDIA/IMAGES/engineers-at-control-room-workstation.webp,image,engineers at control room workstation,music production,Control room,,,,Checkmark Audio staff,Checkmark Audio,© Checkmark Audio. All rights reserved.,Owned by Checkmark Audio; approved for public-website use.,verified,approved,public-website,our-team,Engineers working at the control room workstation at Checkmark Audio.,,music production; Control room,pending-human-approval,Page assignment is proposed from visible subject/filename and is not publication approval. Original source archived outside the repo in checkmark-audio-media-originals-2026-08-07.zip (Bridget's Desktop); only the optimized web copy remains in MEDIA/IMAGES. Draft alt text generated from the SEO filename/visual content; confirm against real page context before publishing.
IMG-0223,MEDIA/IMAGES/exterior-lesmens-building-close.jpg,MEDIA/IMAGES/exterior-lesmens-building-close.webp,image,exterior lesmens building close,,Exterior,,,,Checkmark Audio staff,Checkmark Audio,© Checkmark Audio. All rights reserved.,Owned by Checkmark Audio; approved for public-website use.,verified,not-applicable,public-website,studio-a,Exterior of the Checkmark Audio studio building.,,Exterior,pending-human-approval,Page assignment is proposed from visible subject/filename and is not publication approval. Original source archived outside the repo in checkmark-audio-media-originals-2026-08-07.zip (Bridget's Desktop); only the optimized web copy remains in MEDIA/IMAGES. Draft alt text generated from the SEO filename/visual content; confirm against real page context before publishing.
IMG-0225,MEDIA/IMAGES/facebook-logo-white.png,MEDIA/IMAGES/facebook-logo-white.webp,image,facebook logo white,,,,,,not-applicable,,© Checkmark Audio. All rights reserved.,,third-party-review-required,not-applicable,public-website,sitewide-logo,,,,pending-human-approval,Third-party mark or source requires rights review. Original source archived outside the repo in checkmark-audio-media-originals-2026-08-07.zip (Bridget's Desktop); only the optimized web copy remains in MEDIA/IMAGES.
IMG-0226,MEDIA/IMAGES/female-guitarist-purple-motion-portrait.jpg,MEDIA/IMAGES/female-guitarist-purple-motion-portrait.webp,image,female guitarist purple motion portrait,,,,,,Checkmark Audio staff,Checkmark Audio,© Checkmark Audio. All rights reserved.,Owned by Checkmark Audio; approved for public-website use.,verified,approved,public-website,artist-photography,Guitarist captured in motion under purple stage lighting.,,,pending-human-approval,Page assignment is proposed from visible subject/filename and is not publication approval. Original source archived outside the repo in checkmark-audio-media-originals-2026-08-07.zip (Bridget's Desktop); only the optimized web copy remains in MEDIA/IMAGES. Draft alt text generated from the SEO filename/visual content; confirm against real page context before publishing.
IMG-0228,MEDIA/IMAGES/female-singer-smoke-stage-performance.jpg,MEDIA/IMAGES/female-singer-smoke-stage-performance.webp,image,female singer smoke stage performance,vocal recording,,,,,Artist (unidentified),Courtesy of the featured artist,© the featured artist. Used with permission.,"Property of the featured artist; used with permission for Checkmark Audio promotional/website purposes, per the same arrangement as other artist-supplied material. Specific artist name not confirmed.",verified,approved,public-website,artist-photography,Singer performing on stage in low light with stage smoke.,,vocal recording,pending-human-approval,Page assignment is proposed from visible subject/filename and is not publication approval. Original source archived outside the repo in checkmark-audio-media-originals-2026-08-07.zip (Bridget's Desktop); only the optimized web copy remains in MEDIA/IMAGES. Draft alt text generated from the SEO filename/visual content; confirm against real page context before publishing. Creator credit needs research (likely shot off-site or band-supplied artwork); not yet confirmed. Too ambiguous to attribute to a specific named artist; credited generically per Bridget 2026-08-08.
IMG-0232,MEDIA/IMAGES/gardenview-album-cover-1.jpg,MEDIA/IMAGES/gardenview-album-cover-1.webp,image,gardenview album cover 1,,,,,,Gardenview,Courtesy of Gardenview,© Gardenview. Used with permission.,Property of Gardenview; used with the artist's permission for Checkmark Audio promotional/website purposes.,verified,approved,public-website,artist-promotion,Gardenview album cover artwork.,,,pending-human-approval,"Page assignment is proposed from visible subject/filename and is not publication approval. Original source archived outside the repo in checkmark-audio-media-originals-2026-08-07.zip (Bridget's Desktop); only the optimized web copy remains in MEDIA/IMAGES. Draft alt text generated from the SEO filename/visual content; confirm against real page context before publishing. Creator credit needs research (likely shot off-site or band-supplied artwork); not yet confirmed. Confirmed by Gavin 2026-08-08: artist-supplied material, usable as originally discussed when sent to Checkmark Audio."
IMG-0234,MEDIA/IMAGES/gardenview-album-cover-2.jpg,MEDIA/IMAGES/gardenview-album-cover-2.webp,image,gardenview album cover 2,,,,,,Gardenview,Courtesy of Gardenview,© Gardenview. Used with permission.,Property of Gardenview; used with the artist's permission for Checkmark Audio promotional/website purposes.,verified,approved,public-website,artist-promotion,Gardenview album cover artwork.,,,pending-human-approval,"Page assignment is proposed from visible subject/filename and is not publication approval. Original source archived outside the repo in checkmark-audio-media-originals-2026-08-07.zip (Bridget's Desktop); only the optimized web copy remains in MEDIA/IMAGES. Draft alt text generated from the SEO filename/visual content; confirm against real page context before publishing. Creator credit needs research (likely shot off-site or band-supplied artwork); not yet confirmed. Confirmed by Gavin 2026-08-08: artist-supplied material, usable as originally discussed when sent to Checkmark Audio."
IMG-0235,MEDIA/IMAGES/gardenview-album-cover-3.jpg,MEDIA/IMAGES/gardenview-album-cover-3.webp,image,gardenview album cover 3,,,,,,Gardenview,Courtesy of Gardenview,© Gardenview. Used with permission.,Property of Gardenview; used with the artist's permission for Checkmark Audio promotional/website purposes.,verified,approved,public-website,artist-promotion,Gardenview album cover artwork.,,,pending-human-approval,"Page assignment is proposed from visible subject/filename and is not publication approval. Original source archived outside the repo in checkmark-audio-media-originals-2026-08-07.zip (Bridget's Desktop); only the optimized web copy remains in MEDIA/IMAGES. Draft alt text generated from the SEO filename/visual content; confirm against real page context before publishing. Creator credit needs research (likely shot off-site or band-supplied artwork); not yet confirmed. Confirmed by Gavin 2026-08-08: artist-supplied material, usable as originally discussed when sent to Checkmark Audio."
IMG-0237,MEDIA/IMAGES/gardenview-album-cover-4.jpg,MEDIA/IMAGES/gardenview-album-cover-4.webp,image,gardenview album cover 4,,,,,,Gardenview,Courtesy of Gardenview,© Gardenview. Used with permission.,Property of Gardenview; used with the artist's permission for Checkmark Audio promotional/website purposes.,verified,approved,public-website,artist-promotion,Gardenview album cover artwork.,,,pending-human-approval,"Page assignment is proposed from visible subject/filename and is not publication approval. Original source archived outside the repo in checkmark-audio-media-originals-2026-08-07.zip (Bridget's Desktop); only the optimized web copy remains in MEDIA/IMAGES. Draft alt text generated from the SEO filename/visual content; confirm against real page context before publishing. Creator credit needs research (likely shot off-site or band-supplied artwork); not yet confirmed. Confirmed by Gavin 2026-08-08: artist-supplied material, usable as originally discussed when sent to Checkmark Audio."
IMG-0239,MEDIA/IMAGES/gardenview-album-cover-5.jpg,MEDIA/IMAGES/gardenview-album-cover-5.webp,image,gardenview album cover 5,,,,,,Gardenview,Courtesy of Gardenview,© Gardenview. Used with permission.,Property of Gardenview; used with the artist's permission for Checkmark Audio promotional/website purposes.,verified,approved,public-website,artist-promotion,Gardenview album cover artwork.,,,pending-human-approval,"Page assignment is proposed from visible subject/filename and is not publication approval. Original source archived outside the repo in checkmark-audio-media-originals-2026-08-07.zip (Bridget's Desktop); only the optimized web copy remains in MEDIA/IMAGES. Draft alt text generated from the SEO filename/visual content; confirm against real page context before publishing. Creator credit needs research (likely shot off-site or band-supplied artwork); not yet confirmed. Confirmed by Gavin 2026-08-08: artist-supplied material, usable as originally discussed when sent to Checkmark Audio."
IMG-0240,MEDIA/IMAGES/gardenview-album-cover-6.jpg,MEDIA/IMAGES/gardenview-album-cover-6.webp,image,gardenview album cover 6,,,,,,Gardenview,Courtesy of Gardenview,© Gardenview. Used with permission.,Property of Gardenview; used with the artist's permission for Checkmark Audio promotional/website purposes.,verified,approved,public-website,artist-promotion,Gardenview album cover artwork.,,,pending-human-approval,"Page assignment is proposed from visible subject/filename and is not publication approval. Original source archived outside the repo in checkmark-audio-media-originals-2026-08-07.zip (Bridget's Desktop); only the optimized web copy remains in MEDIA/IMAGES. Draft alt text generated from the SEO filename/visual content; confirm against real page context before publishing. Creator credit needs research (likely shot off-site or band-supplied artwork); not yet confirmed. Confirmed by Gavin 2026-08-08: artist-supplied material, usable as originally discussed when sent to Checkmark Audio."
IMG-0241,MEDIA/IMAGES/gardenview-photoshoot-at-checkmark-audio.jpg,MEDIA/IMAGES/GALLERY/gardenview-photoshoot-at-checkmark-audio.webp,image,gardenview photoshoot at checkmark audio,,,,,,Checkmark Audio staff,Checkmark Audio,© Checkmark Audio. All rights reserved.,Owned by Checkmark Audio; approved for public-website use.,verified,approved,public-website,gallery,Gardenview during a photoshoot at Checkmark Audio.,,,pending-human-approval,Page assignment is proposed from visible subject/filename and is not publication approval. Original source archived outside the repo in checkmark-audio-media-originals-2026-08-07.zip (Bridget's Desktop); only the optimized web copy remains in MEDIA/IMAGES. Draft alt text generated from the SEO filename/visual content; confirm against real page context before publishing.
IMG-0243,MEDIA/IMAGES/gardenview-press-kit-1-view-03.jpg,MEDIA/IMAGES/gardenview-press-kit-1-view-03.webp,image,gardenview press kit 1 view 03,,,,,,Gardenview,Courtesy of Gardenview,© Gardenview. Used with permission.,Property of Gardenview; used with the artist's permission for Checkmark Audio promotional/website purposes.,verified,approved,public-website,artist-promotion,Gardenview press kit portrait.,,,pending-human-approval,"Page assignment is proposed from visible subject/filename and is not publication approval. Original source archived outside the repo in checkmark-audio-media-originals-2026-08-07.zip (Bridget's Desktop); only the optimized web copy remains in MEDIA/IMAGES. Draft alt text generated from the SEO filename/visual content; confirm against real page context before publishing. Creator credit needs research (likely shot off-site or band-supplied artwork); not yet confirmed. Confirmed by Gavin 2026-08-08: artist-supplied material, usable as originally discussed when sent to Checkmark Audio."
IMG-0244,MEDIA/IMAGES/gardenview-press-kit-1.jpg,MEDIA/IMAGES/gardenview-press-kit-1.webp,image,gardenview press kit 1,,,,,,Gardenview,Courtesy of Gardenview,© Gardenview. Used with permission.,Property of Gardenview; used with the artist's permission for Checkmark Audio promotional/website purposes.,verified,approved,public-website,artist-promotion,Gardenview press kit portrait.,,,pending-human-approval,"Page assignment is proposed from visible subject/filename and is not publication approval. Original source archived outside the repo in checkmark-audio-media-originals-2026-08-07.zip (Bridget's Desktop); only the optimized web copy remains in MEDIA/IMAGES. Draft alt text generated from the SEO filename/visual content; confirm against real page context before publishing. Creator credit needs research (likely shot off-site or band-supplied artwork); not yet confirmed. Confirmed by Gavin 2026-08-08: artist-supplied material, usable as originally discussed when sent to Checkmark Audio."
IMG-0245,MEDIA/IMAGES/gardenview-teaser-trailer-snapshot1.jpg,MEDIA/IMAGES/gardenview-teaser-trailer-snapshot1.webp,image,gardenview teaser trailer snapshot1,,,,,,Gardenview,Courtesy of Gardenview,© Gardenview. Used with permission.,Property of Gardenview; used with the artist's permission for Checkmark Audio promotional/website purposes.,verified,approved,public-website,artist-promotion,Snapshot from a Gardenview teaser trailer.,,,pending-human-approval,"Page assignment is proposed from visible subject/filename and is not publication approval. Original source archived outside the repo in checkmark-audio-media-originals-2026-08-07.zip (Bridget's Desktop); only the optimized web copy remains in MEDIA/IMAGES. Draft alt text generated from the SEO filename/visual content; confirm against real page context before publishing. Creator credit needs research (likely shot off-site or band-supplied artwork); not yet confirmed. Confirmed by Gavin 2026-08-08: artist-supplied material, usable as originally discussed when sent to Checkmark Audio."
IMG-0246,MEDIA/IMAGES/gardenview-teaser-trailer-snapshot2.png,MEDIA/IMAGES/gardenview-teaser-trailer-snapshot2.webp,image,gardenview teaser trailer snapshot2,,,,,,Gardenview,Courtesy of Gardenview,© Gardenview. Used with permission.,Property of Gardenview; used with the artist's permission for Checkmark Audio promotional/website purposes.,verified,approved,public-website,artist-promotion,Snapshot from a Gardenview teaser trailer.,,,pending-human-approval,"Page assignment is proposed from visible subject/filename and is not publication approval. Original source archived outside the repo in checkmark-audio-media-originals-2026-08-07.zip (Bridget's Desktop); only the optimized web copy remains in MEDIA/IMAGES. Draft alt text generated from the SEO filename/visual content; confirm against real page context before publishing. Creator credit needs research (likely shot off-site or band-supplied artwork); not yet confirmed. Confirmed by Gavin 2026-08-08: artist-supplied material, usable as originally discussed when sent to Checkmark Audio."
IMG-0247,MEDIA/IMAGES/gavin-hammond-studio-console-portrait-view-02.jpg,MEDIA/IMAGES/gavin-hammond-studio-console-portrait-view-02.webp,image,gavin checkmark audio music studio albuquerque,recording studio,Studio A,,,,Checkmark Audio staff,Checkmark Audio,© Checkmark Audio. All rights reserved.,Owned by Checkmark Audio; approved for public-website use.,verified,approved,public-website,our-team,Gavin Hammond at the studio console at Checkmark Audio.,,recording studio; Studio A,pending-human-approval,Page assignment is proposed from visible subject/filename and is not publication approval. Original source archived outside the repo in checkmark-audio-media-originals-2026-08-07.zip (Bridget's Desktop); only the optimized web copy remains in MEDIA/IMAGES. Draft alt text generated from the SEO filename/visual content; confirm against real page context before publishing.
IMG-0249,MEDIA/IMAGES/gavin-hammond-albuquerque-nm-control-room-headshot-view-03.png,MEDIA/IMAGES/gavin-hammond-albuquerque-nm-control-room-headshot-view-03.webp,image,gavin hammond albuquerque nm control room headshot view 03,recording studio,Control room,Albuquerque,NM,USA,Checkmark Audio staff,Checkmark Audio,© Checkmark Audio. All rights reserved.,Owned by Checkmark Audio; approved for public-website use.,verified,approved,public-website,our-team,Portrait of Gavin Hammond in the control room at Checkmark Audio.,,recording studio; Control room; Albuquerque NM,pending-human-approval,Page assignment is proposed from visible subject/filename and is not publication approval. Original source archived outside the repo in checkmark-audio-media-originals-2026-08-07.zip (Bridget's Desktop); only the optimized web copy remains in MEDIA/IMAGES. Draft alt text generated from the SEO filename/visual content; confirm against real page context before publishing.
IMG-0250,MEDIA/IMAGES/gavin-hammond-albuquerque-nm-control-room-headshot.png,MEDIA/IMAGES/gavin-hammond-albuquerque-nm-control-room-headshot.webp,image,gavin hammond albuquerque nm control room headshot,recording studio,Control room,Albuquerque,NM,USA,Checkmark Audio staff,Checkmark Audio,© Checkmark Audio. All rights reserved.,Owned by Checkmark Audio; approved for public-website use.,verified,approved,public-website,our-team,Portrait of Gavin Hammond in the control room at Checkmark Audio.,,recording studio; Control room; Albuquerque NM,pending-human-approval,Page assignment is proposed from visible subject/filename and is not publication approval. Original source archived outside the repo in checkmark-audio-media-originals-2026-08-07.zip (Bridget's Desktop); only the optimized web copy remains in MEDIA/IMAGES. Draft alt text generated from the SEO filename/visual content; confirm against real page context before publishing.
IMG-0251,MEDIA/IMAGES/gavin-hammond-studio-portrait-view-01.jpg,MEDIA/IMAGES/gavin-hammond-studio-portrait-view-01.webp,image,gavin hammond albuquerque nm recording studio portrait,recording studio,,Albuquerque,NM,USA,Checkmark Audio staff,Checkmark Audio,© Checkmark Audio. All rights reserved.,Owned by Checkmark Audio; approved for public-website use.,verified,approved,public-website,our-team,Portrait of Gavin Hammond in the recording studio at Checkmark Audio.,,recording studio; Albuquerque NM,pending-human-approval,Page assignment is proposed from visible subject/filename and is not publication approval. Original source archived outside the repo in checkmark-audio-media-originals-2026-08-07.zip (Bridget's Desktop); only the optimized web copy remains in MEDIA/IMAGES. Draft alt text generated from the SEO filename/visual content; confirm against real page context before publishing.
IMG-0254,MEDIA/IMAGES/gavin-hammond-studio-headshot-black-and-white.jpg,MEDIA/IMAGES/gavin-hammond-studio-headshot-black-and-white.webp,image,gavin hammond black and white headshot view 03,,,,,,Checkmark Audio staff,Checkmark Audio,© Checkmark Audio. All rights reserved.,Owned by Checkmark Audio; approved for public-website use.,verified,approved,public-website,our-team,"Portrait of Gavin Hammond, business owner and lead engineer, at Checkmark Audio.",,,pending-human-approval,Page assignment is proposed from visible subject/filename and is not publication approval. Original source archived outside the repo in checkmark-audio-media-originals-2026-08-07.zip (Bridget's Desktop); only the optimized web copy remains in MEDIA/IMAGES. Draft alt text generated from the SEO filename/visual content; confirm against real page context before publishing.
IMG-0256,MEDIA/IMAGES/gavin-hammond-headphones-profile.jpg,MEDIA/IMAGES/gavin-hammond-headphones-profile.webp,image,gavin hammond headphones profile,,,,,,Checkmark Audio staff,Checkmark Audio,© Checkmark Audio. All rights reserved.,Owned by Checkmark Audio; approved for public-website use.,verified,approved,public-website,our-team,Profile portrait of Gavin Hammond wearing studio headphones.,,,pending-human-approval,Page assignment is proposed from visible subject/filename and is not publication approval. Original source archived outside the repo in checkmark-audio-media-originals-2026-08-07.zip (Bridget's Desktop); only the optimized web copy remains in MEDIA/IMAGES. Draft alt text generated from the SEO filename/visual content; confirm against real page context before publishing.
IMG-0257,MEDIA/IMAGES/gavin-hammond-keyboard-performance-view-02.png,MEDIA/IMAGES/gavin-hammond-keyboard-performance-view-02.webp,image,gavin hammond keyboard performance view 02,music production,,,,,Checkmark Audio staff,Checkmark Audio,© Checkmark Audio. All rights reserved.,Owned by Checkmark Audio; approved for public-website use.,verified,approved,public-website,our-team,Gavin Hammond performing on keyboard at Checkmark Audio.,,music production,pending-human-approval,Page assignment is proposed from visible subject/filename and is not publication approval. Original source archived outside the repo in checkmark-audio-media-originals-2026-08-07.zip (Bridget's Desktop); only the optimized web copy remains in MEDIA/IMAGES. Draft alt text generated from the SEO filename/visual content; confirm against real page context before publishing.
IMG-0259,MEDIA/IMAGES/gavin-hammond-keyboard-performance.png,MEDIA/IMAGES/gavin-hammond-keyboard-performance.webp,image,gavin hammond keyboard performance,music production,,,,,Checkmark Audio staff,Checkmark Audio,© Checkmark Audio. All rights reserved.,Owned by Checkmark Audio; approved for public-website use.,verified,approved,public-website,our-team,Gavin Hammond performing on keyboard at Checkmark Audio.,,music production,pending-human-approval,Page assignment is proposed from visible subject/filename and is not publication approval. Original source archived outside the repo in checkmark-audio-media-originals-2026-08-07.zip (Bridget's Desktop); only the optimized web copy remains in MEDIA/IMAGES. Draft alt text generated from the SEO filename/visual content; confirm against real page context before publishing.
IMG-0260,MEDIA/IMAGES/gavin-hammond-mixing-screen-close-up.jpg,MEDIA/IMAGES/gavin-hammond-mixing-screen-close-up.webp,image,gavin hammond mixing screen close up,mixing and mastering,,,,,Checkmark Audio staff,Checkmark Audio,© Checkmark Audio. All rights reserved.,Owned by Checkmark Audio; approved for public-website use.,verified,approved,public-website,our-team,Close-up of a mixing session on screen at Checkmark Audio.,,mixing and mastering,pending-human-approval,Page assignment is proposed from visible subject/filename and is not publication approval. Original source archived outside the repo in checkmark-audio-media-originals-2026-08-07.zip (Bridget's Desktop); only the optimized web copy remains in MEDIA/IMAGES. Draft alt text generated from the SEO filename/visual content; confirm against real page context before publishing.
IMG-0262,MEDIA/IMAGES/gavin-hammond-mixing-workstation.jpg,MEDIA/IMAGES/gavin-hammond-mixing-workstation.webp,image,gavin hammond mixing workstation,mixing and mastering,,,,,Checkmark Audio staff,Checkmark Audio,© Checkmark Audio. All rights reserved.,Owned by Checkmark Audio; approved for public-website use.,verified,approved,public-website,our-team,Gavin Hammond at the mixing workstation at Checkmark Audio.,,mixing and mastering,pending-human-approval,Page assignment is proposed from visible subject/filename and is not publication approval. Original source archived outside the repo in checkmark-audio-media-originals-2026-08-07.zip (Bridget's Desktop); only the optimized web copy remains in MEDIA/IMAGES. Draft alt text generated from the SEO filename/visual content; confirm against real page context before publishing.
IMG-0263,MEDIA/IMAGES/gavin-hammond-piano-lessons-piano.jpg,MEDIA/IMAGES/gavin-hammond-piano-lessons-piano.webp,image,gavin hammond piano lessons piano,,,,,,Checkmark Audio staff,Checkmark Audio,© Checkmark Audio. All rights reserved.,Owned by Checkmark Audio; approved for public-website use.,verified,approved,school-site,our-team,Piano used for Gavin Hammond's piano lessons.,,,pending-human-approval,Separate-school scope candidate; keep off the studio site unless approved as a brief cross-link asset. Original source archived outside the repo in checkmark-audio-media-originals-2026-08-07.zip (Bridget's Desktop); only the optimized web copy remains in MEDIA/IMAGES. Draft alt text generated from the SEO filename/visual content; confirm against real page context before publishing.
IMG-0266,MEDIA/IMAGES/gavin-hammond-studio-headshot-view-03.jpg,MEDIA/IMAGES/gavin-hammond-studio-headshot-view-03.webp,image,gavin hammond piano teacher picture view 03,,,,,,Checkmark Audio staff,Checkmark Audio,© Checkmark Audio. All rights reserved.,Owned by Checkmark Audio; approved for public-website use.,verified,approved,school-site,our-team,"Portrait of Gavin Hammond, business owner and lead engineer, at Checkmark Audio.",,,pending-human-approval,Separate-school scope candidate; keep off the studio site unless approved as a brief cross-link asset. Original source archived outside the repo in checkmark-audio-media-originals-2026-08-07.zip (Bridget's Desktop); only the optimized web copy remains in MEDIA/IMAGES. Draft alt text generated from the SEO filename/visual content; confirm against real page context before publishing.
IMG-0267,MEDIA/IMAGES/gavin-hammond-studio-headshot-view-04.jpg,MEDIA/IMAGES/gavin-hammond-studio-headshot-view-04.webp,image,gavin hammond piano teacher picture,,,,,,Checkmark Audio staff,Checkmark Audio,© Checkmark Audio. All rights reserved.,Owned by Checkmark Audio; approved for public-website use.,verified,approved,school-site,our-team,"Portrait of Gavin Hammond, business owner and lead engineer, at Checkmark Audio.",,,pending-human-approval,Separate-school scope candidate; keep off the studio site unless approved as a brief cross-link asset. Original source archived outside the repo in checkmark-audio-media-originals-2026-08-07.zip (Bridget's Desktop); only the optimized web copy remains in MEDIA/IMAGES. Draft alt text generated from the SEO filename/visual content; confirm against real page context before publishing.
IMG-0268,MEDIA/IMAGES/gavin-hammond-piano-teaching-5-star-review.jpg,MEDIA/IMAGES/gavin-hammond-piano-teaching-5-star-review.webp,image,gavin hammond piano teaching 5 star review,,,,,,not-applicable,,© Checkmark Audio. All rights reserved.,,verified,approved,school-site,our-team,Screenshot of a five-star review of Gavin Hammond's piano teaching.,,,pending-human-approval,Separate-school scope candidate; keep off the studio site unless approved as a brief cross-link asset. Original source archived outside the repo in checkmark-audio-media-originals-2026-08-07.zip (Bridget's Desktop); only the optimized web copy remains in MEDIA/IMAGES. Draft alt text generated from the SEO filename/visual content; confirm against real page context before publishing.
IMG-0269,MEDIA/IMAGES/gavin-hammond-piano-teaching-five-star-review-john.jpg,MEDIA/IMAGES/gavin-hammond-piano-teaching-five-star-review-john.webp,image,gavin hammond piano teaching five star review john,,,,,,not-applicable,,© Checkmark Audio. All rights reserved.,,verified,approved,school-site,our-team,Screenshot of a five-star review of Gavin Hammond's piano teaching.,,,pending-human-approval,Separate-school scope candidate; keep off the studio site unless approved as a brief cross-link asset. Original source archived outside the repo in checkmark-audio-media-originals-2026-08-07.zip (Bridget's Desktop); only the optimized web copy remains in MEDIA/IMAGES. Draft alt text generated from the SEO filename/visual content; confirm against real page context before publishing.
IMG-0271,MEDIA/IMAGES/gavin-hammond-piano-teaching-good-review-hodes.jpg,MEDIA/IMAGES/gavin-hammond-piano-teaching-good-review-hodes.webp,image,gavin hammond piano teaching good review hodes,,,,,,not-applicable,,© Checkmark Audio. All rights reserved.,,verified,approved,school-site,our-team,Screenshot of a five-star review of Gavin Hammond's piano teaching.,,,pending-human-approval,Separate-school scope candidate; keep off the studio site unless approved as a brief cross-link asset. Original source archived outside the repo in checkmark-audio-media-originals-2026-08-07.zip (Bridget's Desktop); only the optimized web copy remains in MEDIA/IMAGES. Draft alt text generated from the SEO filename/visual content; confirm against real page context before publishing.
IMG-0272,MEDIA/IMAGES/gavin-hammond-piano-teaching-good-review.jpg,MEDIA/IMAGES/gavin-hammond-piano-teaching-good-review.webp,image,gavin hammond piano teaching good review,,,,,,not-applicable,,© Checkmark Audio. All rights reserved.,,verified,approved,school-site,our-team,Screenshot of a five-star review of Gavin Hammond's piano teaching.,,,pending-human-approval,Separate-school scope candidate; keep off the studio site unless approved as a brief cross-link asset. Original source archived outside the repo in checkmark-audio-media-originals-2026-08-07.zip (Bridget's Desktop); only the optimized web copy remains in MEDIA/IMAGES. Draft alt text generated from the SEO filename/visual content; confirm against real page context before publishing.
IMG-0273,MEDIA/IMAGES/gavin-hammond-piano-teaching-piano-view-02.jpg,MEDIA/IMAGES/gavin-hammond-piano-teaching-piano-view-02.webp,image,gavin hammond piano teaching piano view 02,,,,,,Checkmark Audio staff,Checkmark Audio,© Checkmark Audio. All rights reserved.,Owned by Checkmark Audio; approved for public-website use.,verified,approved,school-site,our-team,Gavin Hammond at the piano during a piano lesson.,,,pending-human-approval,Separate-school scope candidate; keep off the studio site unless approved as a brief cross-link asset. Original source archived outside the repo in checkmark-audio-media-originals-2026-08-07.zip (Bridget's Desktop); only the optimized web copy remains in MEDIA/IMAGES. Draft alt text generated from the SEO filename/visual content; confirm against real page context before publishing.
IMG-0274,MEDIA/IMAGES/gavin-hammond-piano-teaching-piano-view-03.jpg,MEDIA/IMAGES/gavin-hammond-piano-teaching-piano-view-03.webp,image,gavin hammond piano teaching piano view 03,,,,,,Checkmark Audio staff,Checkmark Audio,© Checkmark Audio. All rights reserved.,Owned by Checkmark Audio; approved for public-website use.,verified,approved,school-site,our-team,Gavin Hammond at the piano during a piano lesson.,,,pending-human-approval,Separate-school scope candidate; keep off the studio site unless approved as a brief cross-link asset. Original source archived outside the repo in checkmark-audio-media-originals-2026-08-07.zip (Bridget's Desktop); only the optimized web copy remains in MEDIA/IMAGES. Draft alt text generated from the SEO filename/visual content; confirm against real page context before publishing.
IMG-0276,MEDIA/IMAGES/gavin-hammond-piano-teaching-piano-view-05.jpg,MEDIA/IMAGES/gavin-hammond-piano-teaching-piano-view-05.webp,image,gavin hammond piano teaching piano view 05,,,,,,Checkmark Audio staff,Checkmark Audio,© Checkmark Audio. All rights reserved.,Owned by Checkmark Audio; approved for public-website use.,verified,approved,school-site,our-team,Gavin Hammond at the piano during a piano lesson.,,,pending-human-approval,Separate-school scope candidate; keep off the studio site unless approved as a brief cross-link asset. Original source archived outside the repo in checkmark-audio-media-originals-2026-08-07.zip (Bridget's Desktop); only the optimized web copy remains in MEDIA/IMAGES. Draft alt text generated from the SEO filename/visual content; confirm against real page context before publishing.
IMG-0277,MEDIA/IMAGES/gavin-hammond-piano-teaching-piano-view-06.jpg,MEDIA/IMAGES/gavin-hammond-piano-teaching-piano-view-06.webp,image,gavin hammond piano teaching piano view 06,,,,,,Checkmark Audio staff,Checkmark Audio,© Checkmark Audio. All rights reserved.,Owned by Checkmark Audio; approved for public-website use.,verified,approved,school-site,our-team,Gavin Hammond at the piano during a piano lesson.,,,pending-human-approval,Separate-school scope candidate; keep off the studio site unless approved as a brief cross-link asset. Original source archived outside the repo in checkmark-audio-media-originals-2026-08-07.zip (Bridget's Desktop); only the optimized web copy remains in MEDIA/IMAGES. Draft alt text generated from the SEO filename/visual content; confirm against real page context before publishing.
IMG-0279,MEDIA/IMAGES/gavin-hammond-playing-piano.png,MEDIA/IMAGES/gavin-hammond-playing-piano.webp,image,gavin hammond playing piano,,,,,,Checkmark Audio staff,Checkmark Audio,© Checkmark Audio. All rights reserved.,Owned by Checkmark Audio; approved for public-website use.,verified,approved,public-website,our-team,Gavin Hammond playing piano.,,,pending-human-approval,Page assignment is proposed from visible subject/filename and is not publication approval. Original source archived outside the repo in checkmark-audio-media-originals-2026-08-07.zip (Bridget's Desktop); only the optimized web copy remains in MEDIA/IMAGES. Draft alt text generated from the SEO filename/visual content; confirm against real page context before publishing.
IMG-0280,MEDIA/IMAGES/gavin-hammond-studio-headshot-view-02.jpg,MEDIA/IMAGES/gavin-hammond-studio-headshot-view-02.webp,image,gavin hammond studio headshot view 02,recording studio,,,,,Checkmark Audio staff,Checkmark Audio,© Checkmark Audio. All rights reserved.,Owned by Checkmark Audio; approved for public-website use.,verified,approved,public-website,our-team,"Portrait of Gavin Hammond, business owner and lead engineer, at Checkmark Audio.",,recording studio,pending-human-approval,Page assignment is proposed from visible subject/filename and is not publication approval. Original source archived outside the repo in checkmark-audio-media-originals-2026-08-07.zip (Bridget's Desktop); only the optimized web copy remains in MEDIA/IMAGES. Draft alt text generated from the SEO filename/visual content; confirm against real page context before publishing.
IMG-0281,MEDIA/IMAGES/gavin-hammond-studio-headshot-view-03.jpg,MEDIA/IMAGES/gavin-hammond-studio-headshot-view-03.webp,image,gavin hammond studio headshot view 03,recording studio,,,,,Checkmark Audio staff,Checkmark Audio,© Checkmark Audio. All rights reserved.,Owned by Checkmark Audio; approved for public-website use.,verified,approved,public-website,our-team,"Portrait of Gavin Hammond, business owner and lead engineer, at Checkmark Audio.",,recording studio,pending-human-approval,Page assignment is proposed from visible subject/filename and is not publication approval. Original source archived outside the repo in checkmark-audio-media-originals-2026-08-07.zip (Bridget's Desktop); only the optimized web copy remains in MEDIA/IMAGES. Draft alt text generated from the SEO filename/visual content; confirm against real page context before publishing.
IMG-0282,MEDIA/IMAGES/gavin-hammond-studio-headshot.jpg,MEDIA/IMAGES/gavin-hammond-studio-headshot.webp,image,gavin hammond studio headshot,recording studio,,,,,Checkmark Audio staff,Checkmark Audio,© Checkmark Audio. All rights reserved.,Owned by Checkmark Audio; approved for public-website use.,verified,approved,public-website,our-team,"Portrait of Gavin Hammond, business owner and lead engineer, at Checkmark Audio.",,recording studio,pending-human-approval,Page assignment is proposed from visible subject/filename and is not publication approval. Original source archived outside the repo in checkmark-audio-media-originals-2026-08-07.zip (Bridget's Desktop); only the optimized web copy remains in MEDIA/IMAGES. Draft alt text generated from the SEO filename/visual content; confirm against real page context before publishing.
IMG-0284,MEDIA/IMAGES/gavin-hammond-studio-portrait.jpg,MEDIA/IMAGES/gavin-hammond-studio-portrait.webp,image,gavin hammond studio portrait,recording studio,,,,,Checkmark Audio staff,Checkmark Audio,© Checkmark Audio. All rights reserved.,Owned by Checkmark Audio; approved for public-website use.,verified,approved,public-website,our-team,Portrait of Gavin Hammond in the recording studio at Checkmark Audio.,,recording studio,pending-human-approval,Page assignment is proposed from visible subject/filename and is not publication approval. Original source archived outside the repo in checkmark-audio-media-originals-2026-08-07.zip (Bridget's Desktop); only the optimized web copy remains in MEDIA/IMAGES. Draft alt text generated from the SEO filename/visual content; confirm against real page context before publishing.
IMG-0287,MEDIA/IMAGES/google-review-screenshot.png,MEDIA/IMAGES/google-review-screenshot.webp,image,google review screenshot,,,,,,not-applicable,,© Checkmark Audio. All rights reserved.,,verified,not-applicable,public-website,home,Screenshot of a five-star customer review.,,,pending-human-approval,Page assignment is proposed from visible subject/filename and is not publication approval. Original source archived outside the repo in checkmark-audio-media-originals-2026-08-07.zip (Bridget's Desktop); only the optimized web copy remains in MEDIA/IMAGES. Draft alt text generated from the SEO filename/visual content; confirm against real page context before publishing.
IMG-0289,MEDIA/IMAGES/gregorio-and-the-unknown-1.jpg,MEDIA/IMAGES/GALLERY/gregorio-and-the-unknown-1.webp,image,gregorio and the unknown 1,,,,,,Gregorio and The Unknown,Courtesy of Gregorio and The Unknown,© Gregorio and The Unknown. Used with permission.,Property of Gregorio and The Unknown; used with the artist's permission for Checkmark Audio promotional/website purposes.,verified,approved,public-website,gallery,"Gregorio and The Unknown, an Albuquerque band Checkmark Audio has worked with.",,,pending-human-approval,"Page assignment is proposed from visible subject/filename and is not publication approval. Original source archived outside the repo in checkmark-audio-media-originals-2026-08-07.zip (Bridget's Desktop); only the optimized web copy remains in MEDIA/IMAGES. Draft alt text generated from the SEO filename/visual content; confirm against real page context before publishing. Creator credit needs research (likely shot off-site or band-supplied artwork); not yet confirmed. Confirmed by Gavin 2026-08-08: artist-supplied material, usable as originally discussed when sent to Checkmark Audio."
IMG-0291,MEDIA/IMAGES/gregorio-and-the-unknown-artist-cafe-music-artist-bottom-footer.jpg,MEDIA/IMAGES/gregorio-and-the-unknown-artist-cafe-music-artist-bottom-footer.webp,image,gregorio and the unknown artist cafe music artist bottom footer,,,,,,Gregorio and The Unknown,Courtesy of Gregorio and The Unknown,© Gregorio and The Unknown. Used with permission.,Property of Gregorio and The Unknown; used with the artist's permission for Checkmark Audio promotional/website purposes.,verified,approved,public-website,artist-promotion,"Gregorio and The Unknown, featured in Checkmark Audio's artist gallery.",,,pending-human-approval,"Page assignment is proposed from visible subject/filename and is not publication approval. Original source archived outside the repo in checkmark-audio-media-originals-2026-08-07.zip (Bridget's Desktop); only the optimized web copy remains in MEDIA/IMAGES. Draft alt text generated from the SEO filename/visual content; confirm against real page context before publishing. Creator credit needs research (likely shot off-site or band-supplied artwork); not yet confirmed. Confirmed by Gavin 2026-08-08: artist-supplied material, usable as originally discussed when sent to Checkmark Audio."
IMG-0292,MEDIA/IMAGES/group-recording-session-studio-b-view-02.jpg,MEDIA/IMAGES/GALLERY/group-recording-session-studio-b-view-02.webp,image,group recording session studio b view 02,recording studio,Studio B,,,,Checkmark Audio staff,Checkmark Audio,© Checkmark Audio. All rights reserved.,Owned by Checkmark Audio; approved for public-website use.,verified,not-applicable,public-website,gallery,Group recording session in Studio B at Checkmark Audio.,,recording studio; Studio B,pending-human-approval,Page assignment is proposed from visible subject/filename and is not publication approval. Original source archived outside the repo in checkmark-audio-media-originals-2026-08-07.zip (Bridget's Desktop); only the optimized web copy remains in MEDIA/IMAGES. Draft alt text generated from the SEO filename/visual content; confirm against real page context before publishing.
IMG-0294,MEDIA/IMAGES/group-recording-session-studio-b.jpg,MEDIA/IMAGES/GALLERY/group-recording-session-studio-b.webp,image,group recording session studio b,recording studio,Studio B,,,,Checkmark Audio staff,Checkmark Audio,© Checkmark Audio. All rights reserved.,Owned by Checkmark Audio; approved for public-website use.,verified,not-applicable,public-website,gallery,Group recording session in Studio B at Checkmark Audio.,,recording studio; Studio B,pending-human-approval,Page assignment is proposed from visible subject/filename and is not publication approval. Original source archived outside the repo in checkmark-audio-media-originals-2026-08-07.zip (Bridget's Desktop); only the optimized web copy remains in MEDIA/IMAGES. Draft alt text generated from the SEO filename/visual content; confirm against real page context before publishing.
IMG-0298,MEDIA/IMAGES/guitar-instructor-acoustic-performance-portrait.jpg,MEDIA/IMAGES/guitar-instructor-acoustic-performance-portrait.webp,image,guitar instructor acoustic performance portrait,,,,,,Checkmark Audio staff,Checkmark Audio,© Checkmark Audio. All rights reserved.,Owned by Checkmark Audio; approved for public-website use.,verified,approved,school-site,artist-photography,Guitar instructor performing on acoustic guitar.,,,pending-human-approval,Separate-school scope candidate; keep off the studio site unless approved as a brief cross-link asset. Original source archived outside the repo in checkmark-audio-media-originals-2026-08-07.zip (Bridget's Desktop); only the optimized web copy remains in MEDIA/IMAGES. Draft alt text generated from the SEO filename/visual content; confirm against real page context before publishing.
IMG-0299,MEDIA/IMAGES/guitarist-dark-studio-portrait-view-02.jpg,MEDIA/IMAGES/guitarist-dark-studio-portrait-view-02.webp,image,guitarist dark studio portrait view 02,recording studio,,,,,Checkmark Audio staff,Checkmark Audio,© Checkmark Audio. All rights reserved.,Owned by Checkmark Audio; approved for public-website use.,verified,approved,public-website,artist-photography,Dark studio portrait of a guitarist.,,recording studio,pending-human-approval,Page assignment is proposed from visible subject/filename and is not publication approval. Original source archived outside the repo in checkmark-audio-media-originals-2026-08-07.zip (Bridget's Desktop); only the optimized web copy remains in MEDIA/IMAGES. Draft alt text generated from the SEO filename/visual content; confirm against real page context before publishing.
IMG-0300,MEDIA/IMAGES/guitarist-dark-studio-portrait.jpg,MEDIA/IMAGES/guitarist-dark-studio-portrait.webp,image,guitarist dark studio portrait,recording studio,,,,,Checkmark Audio staff,Checkmark Audio,© Checkmark Audio. All rights reserved.,Owned by Checkmark Audio; approved for public-website use.,verified,approved,public-website,artist-photography,Dark studio portrait of a guitarist.,,recording studio,pending-human-approval,Page assignment is proposed from visible subject/filename and is not publication approval. Original source archived outside the repo in checkmark-audio-media-originals-2026-08-07.zip (Bridget's Desktop); only the optimized web copy remains in MEDIA/IMAGES. Draft alt text generated from the SEO filename/visual content; confirm against real page context before publishing.
IMG-0302,MEDIA/IMAGES/haven-album-cover-1.jpg,MEDIA/IMAGES/haven-album-cover-1.webp,image,haven album cover 1,,,,,,Haven,Courtesy of Haven,© Haven. Used with permission.,Property of Haven; used with the artist's permission for Checkmark Audio promotional/website purposes.,verified,not-applicable,public-website,artist-promotion,Haven's album cover artwork.,,,pending-human-approval,"Page assignment is proposed from visible subject/filename and is not publication approval. Original source archived outside the repo in checkmark-audio-media-originals-2026-08-07.zip (Bridget's Desktop); only the optimized web copy remains in MEDIA/IMAGES. Draft alt text generated from the SEO filename/visual content; confirm against real page context before publishing. Creator credit needs research (likely shot off-site or band-supplied artwork); not yet confirmed. Confirmed by Gavin 2026-08-08: artist-supplied material, usable as originally discussed when sent to Checkmark Audio."
IMG-0303,MEDIA/IMAGES/haven-album-cover.jpg,MEDIA/IMAGES/haven-album-cover.webp,image,haven album cover,,,,,,Haven,Courtesy of Haven,© Haven. Used with permission.,Property of Haven; used with the artist's permission for Checkmark Audio promotional/website purposes.,verified,not-applicable,public-website,artist-promotion,Haven's album cover artwork.,,,pending-human-approval,"Page assignment is proposed from visible subject/filename and is not publication approval. Original source archived outside the repo in checkmark-audio-media-originals-2026-08-07.zip (Bridget's Desktop); only the optimized web copy remains in MEDIA/IMAGES. Draft alt text generated from the SEO filename/visual content; confirm against real page context before publishing. Creator credit needs research (likely shot off-site or band-supplied artwork); not yet confirmed. Confirmed by Gavin 2026-08-08: artist-supplied material, usable as originally discussed when sent to Checkmark Audio."
IMG-0304,MEDIA/IMAGES/hero-david-thumbnail.jpg,MEDIA/IMAGES/hero-david-thumbnail.webp,image,hero david thumbnail,,,,,,Artist (unidentified),Courtesy of the featured artist,© the featured artist. Used with permission.,"Property of the featured artist; used with permission for Checkmark Audio promotional/website purposes, per the same arrangement as other artist-supplied material. Specific artist name not confirmed.",verified,approved,public-website,artist-promotion,Video thumbnail featuring David.,,,pending-human-approval,Page assignment is proposed from visible subject/filename and is not publication approval. Original source archived outside the repo in checkmark-audio-media-originals-2026-08-07.zip (Bridget's Desktop); only the optimized web copy remains in MEDIA/IMAGES. Draft alt text generated from the SEO filename/visual content; confirm against real page context before publishing. Creator credit needs research (likely shot off-site or band-supplied artwork); not yet confirmed. Too ambiguous to attribute to a specific named artist; credited generically per Bridget 2026-08-08.
IMG-0306,MEDIA/IMAGES/hey-millie-album-cover-artist-holding-cash.jpg,MEDIA/IMAGES/hey-millie-album-cover-artist-holding-cash.webp,image,hey millie album cover artist holding cash,,,,,,Millie,Courtesy of Millie,© Millie. Used with permission.,Property of Millie; used with the artist's permission for Checkmark Audio promotional/website purposes.,verified,approved,public-website,artist-promotion,"Millie's ""Hey Millie"" album cover artwork.",,,pending-human-approval,"Page assignment is proposed from visible subject/filename and is not publication approval. Original source archived outside the repo in checkmark-audio-media-originals-2026-08-07.zip (Bridget's Desktop); only the optimized web copy remains in MEDIA/IMAGES. Draft alt text generated from the SEO filename/visual content; confirm against real page context before publishing. Creator credit needs research (likely shot off-site or band-supplied artwork); not yet confirmed. Confirmed by Gavin 2026-08-08: artist-supplied material, usable as originally discussed when sent to Checkmark Audio."
IMG-0307,MEDIA/IMAGES/i-wanna-be-free-thumbnail.jpg,MEDIA/IMAGES/i-wanna-be-free-thumbnail.webp,image,i wanna be free thumbnail,,,,,,Artist (unidentified),Courtesy of the featured artist,© the featured artist. Used with permission.,"Property of the featured artist; used with permission for Checkmark Audio promotional/website purposes, per the same arrangement as other artist-supplied material. Specific artist name not confirmed.",verified,not-applicable,public-website,artist-promotion,"Thumbnail for the song ""I Wanna Be Free.""",,,pending-human-approval,Page assignment is proposed from visible subject/filename and is not publication approval. Original source archived outside the repo in checkmark-audio-media-originals-2026-08-07.zip (Bridget's Desktop); only the optimized web copy remains in MEDIA/IMAGES. Draft alt text generated from the SEO filename/visual content; confirm against real page context before publishing. Creator credit needs research (likely shot off-site or band-supplied artwork); not yet confirmed. Too ambiguous to attribute to a specific named artist; credited generically per Bridget 2026-08-08.
IMG-0308,MEDIA/IMAGES/instagram-logo-white.png,MEDIA/IMAGES/instagram-logo-white.webp,image,instagram logo white,,,,,,not-applicable,,© Checkmark Audio. All rights reserved.,,third-party-review-required,not-applicable,public-website,sitewide-logo,,,,pending-human-approval,Third-party mark or source requires rights review. Original source archived outside the repo in checkmark-audio-media-originals-2026-08-07.zip (Bridget's Desktop); only the optimized web copy remains in MEDIA/IMAGES.
IMG-0310,MEDIA/IMAGES/jjune-vocal-recording-session.jpg,MEDIA/IMAGES/jjune-vocal-recording-session.webp,image,jjune vocal recording session,vocal recording,,,,,Checkmark Audio staff,Checkmark Audio,© Checkmark Audio. All rights reserved.,Owned by Checkmark Audio; approved for public-website use.,verified,approved,public-website,artist-photography,Jjune recording vocals in the booth at Checkmark Audio.,,vocal recording,pending-human-approval,Page assignment is proposed from visible subject/filename and is not publication approval. Original source archived outside the repo in checkmark-audio-media-originals-2026-08-07.zip (Bridget's Desktop); only the optimized web copy remains in MEDIA/IMAGES. Draft alt text generated from the SEO filename/visual content; confirm against real page context before publishing.
IMG-0312,MEDIA/IMAGES/library-of-congress-logo.webp,MEDIA/IMAGES/library-of-congress-logo.webp,image,library of congress logo,,,,,,not-applicable,,© Checkmark Audio. All rights reserved.,,third-party-review-required,not-applicable,public-website,sitewide-logo,Library of Congress logo.,,,pending-human-approval,Third-party mark or source requires rights review. Draft alt text generated from the SEO filename/visual content; confirm against real page context before publishing.
IMG-0313,MEDIA/IMAGES/live-concert-audience-black-and-white.png,MEDIA/IMAGES/GALLERY/live-concert-audience-black-and-white.webp,image,live concert audience black and white,,,,,,Artist (unidentified),Courtesy of the featured artist,© the featured artist. Used with permission.,"Property of the featured artist; used with permission for Checkmark Audio promotional/website purposes, per the same arrangement as other artist-supplied material. Specific artist name not confirmed.",verified,not-applicable,public-website,gallery,Black-and-white photo of a live concert crowd.,,,pending-human-approval,Page assignment is proposed from visible subject/filename and is not publication approval. Original source archived outside the repo in checkmark-audio-media-originals-2026-08-07.zip (Bridget's Desktop); only the optimized web copy remains in MEDIA/IMAGES. Draft alt text generated from the SEO filename/visual content; confirm against real page context before publishing. Creator credit needs research (likely shot off-site or band-supplied artwork); not yet confirmed. Too ambiguous to attribute to a specific named artist; credited generically per Bridget 2026-08-08.
IMG-0314,MEDIA/IMAGES/live-concert-crowd-black-and-white.png,MEDIA/IMAGES/GALLERY/live-concert-crowd-black-and-white.webp,image,live concert crowd black and white,,,,,,Artist (unidentified),Courtesy of the featured artist,© the featured artist. Used with permission.,"Property of the featured artist; used with permission for Checkmark Audio promotional/website purposes, per the same arrangement as other artist-supplied material. Specific artist name not confirmed.",verified,not-applicable,public-website,gallery,Black-and-white photo of a live concert crowd.,,,pending-human-approval,Page assignment is proposed from visible subject/filename and is not publication approval. Original source archived outside the repo in checkmark-audio-media-originals-2026-08-07.zip (Bridget's Desktop); only the optimized web copy remains in MEDIA/IMAGES. Draft alt text generated from the SEO filename/visual content; confirm against real page context before publishing. Creator credit needs research (likely shot off-site or band-supplied artwork); not yet confirmed. Too ambiguous to attribute to a specific named artist; credited generically per Bridget 2026-08-08.
IMG-0315,MEDIA/IMAGES/lobo-rap-group-black-and-white-group-portrait.jpeg,MEDIA/IMAGES/lobo-rap-group-black-and-white-group-portrait.webp,image,lobo rap group black and white group portrait,,,,,,Lobo,Courtesy of Lobo,© Lobo. Used with permission.,Property of Lobo; used with the artist's permission for Checkmark Audio promotional/website purposes.,verified,approved,public-website,artist-promotion,Black-and-white group portrait of the rap group Lobo.,,,pending-human-approval,"Page assignment is proposed from visible subject/filename and is not publication approval. Original source archived outside the repo in checkmark-audio-media-originals-2026-08-07.zip (Bridget's Desktop); only the optimized web copy remains in MEDIA/IMAGES. Draft alt text generated from the SEO filename/visual content; confirm against real page context before publishing. Creator credit needs research (likely shot off-site or band-supplied artwork); not yet confirmed. Confirmed by Gavin 2026-08-08: artist-supplied material, usable as originally discussed when sent to Checkmark Audio."
IMG-0316,MEDIA/IMAGES/los-angeles-film-school-logo-view-02.png,MEDIA/IMAGES/los-angeles-film-school-logo-view-02.webp,image,los angeles film school logo view 02,,,,,,not-applicable,,© Checkmark Audio. All rights reserved.,,third-party-review-required,not-applicable,school-site,home,Los Angeles Film School logo.,,,pending-human-approval,Third-party mark or source requires rights review. Separate-school scope candidate; keep off the studio site unless approved as a brief cross-link asset. Original source archived outside the repo in checkmark-audio-media-originals-2026-08-07.zip (Bridget's Desktop); only the optimized web copy remains in MEDIA/IMAGES. Draft alt text generated from the SEO filename/visual content; confirm against real page context before publishing.
IMG-0318,MEDIA/IMAGES/los-angeles-film-school-logo.png,MEDIA/IMAGES/los-angeles-film-school-logo.webp,image,los angeles film school logo,,,,,,not-applicable,,© Checkmark Audio. All rights reserved.,,third-party-review-required,not-applicable,school-site,home,Los Angeles Film School logo.,,,pending-human-approval,Third-party mark or source requires rights review. Separate-school scope candidate; keep off the studio site unless approved as a brief cross-link asset. Original source archived outside the repo in checkmark-audio-media-originals-2026-08-07.zip (Bridget's Desktop); only the optimized web copy remains in MEDIA/IMAGES. Draft alt text generated from the SEO filename/visual content; confirm against real page context before publishing.
IMG-0319,MEDIA/IMAGES/male-artist-blue-cap-studio-headshot.jpg,MEDIA/IMAGES/male-artist-blue-cap-studio-headshot.webp,image,male artist blue cap studio headshot,recording studio,,,,,Checkmark Audio staff,Checkmark Audio,© Checkmark Audio. All rights reserved.,Owned by Checkmark Audio; approved for public-website use.,verified,approved,public-website,artist-photography,Studio headshot of a male artist wearing a blue cap.,,recording studio,pending-human-approval,Page assignment is proposed from visible subject/filename and is not publication approval. Original source archived outside the repo in checkmark-audio-media-originals-2026-08-07.zip (Bridget's Desktop); only the optimized web copy remains in MEDIA/IMAGES. Draft alt text generated from the SEO filename/visual content; confirm against real page context before publishing.
IMG-0320,MEDIA/IMAGES/male-artist-looking-up-studio-portrait.jpg,MEDIA/IMAGES/male-artist-looking-up-studio-portrait.webp,image,male artist looking up studio portrait,recording studio,,,,,Checkmark Audio staff,Checkmark Audio,© Checkmark Audio. All rights reserved.,Owned by Checkmark Audio; approved for public-website use.,verified,approved,public-website,artist-photography,"Studio portrait of a male artist against acoustic panels, looking upward.",,recording studio,pending-human-approval,Page assignment is proposed from visible subject/filename and is not publication approval. Original source archived outside the repo in checkmark-audio-media-originals-2026-08-07.zip (Bridget's Desktop); only the optimized web copy remains in MEDIA/IMAGES. Draft alt text generated from the SEO filename/visual content; confirm against real page context before publishing.
IMG-0321,MEDIA/IMAGES/male-artist-praying-pink-portrait.jpg,MEDIA/IMAGES/male-artist-praying-pink-portrait.webp,image,male artist praying pink portrait,,,,,,Checkmark Audio staff,Checkmark Audio,© Checkmark Audio. All rights reserved.,Owned by Checkmark Audio; approved for public-website use.,verified,approved,public-website,artist-photography,Studio portrait of an unidentified male artist.,,,pending-human-approval,Page assignment is proposed from visible subject/filename and is not publication approval. Original source archived outside the repo in checkmark-audio-media-originals-2026-08-07.zip (Bridget's Desktop); only the optimized web copy remains in MEDIA/IMAGES. Draft alt text generated from the SEO filename/visual content; confirm against real page context before publishing.
IMG-0322,MEDIA/IMAGES/male-artist-purple-light-side-portrait.jpg,MEDIA/IMAGES/male-artist-purple-light-side-portrait.webp,image,male artist purple light side portrait,,,,,,Checkmark Audio staff,Checkmark Audio,© Checkmark Audio. All rights reserved.,Owned by Checkmark Audio; approved for public-website use.,verified,approved,public-website,artist-photography,Studio portrait of an unidentified male artist.,,,pending-human-approval,Page assignment is proposed from visible subject/filename and is not publication approval. Original source archived outside the repo in checkmark-audio-media-originals-2026-08-07.zip (Bridget's Desktop); only the optimized web copy remains in MEDIA/IMAGES. Draft alt text generated from the SEO filename/visual content; confirm against real page context before publishing.
IMG-0323,MEDIA/IMAGES/male-artist-purple-light-standing-silhouette.jpg,MEDIA/IMAGES/male-artist-purple-light-standing-silhouette.webp,image,male artist purple light standing silhouette,,,,,,Checkmark Audio staff,Checkmark Audio,© Checkmark Audio. All rights reserved.,Owned by Checkmark Audio; approved for public-website use.,verified,approved,public-website,artist-photography,Studio portrait of an unidentified male artist.,,,pending-human-approval,Page assignment is proposed from visible subject/filename and is not publication approval. Original source archived outside the repo in checkmark-audio-media-originals-2026-08-07.zip (Bridget's Desktop); only the optimized web copy remains in MEDIA/IMAGES. Draft alt text generated from the SEO filename/visual content; confirm against real page context before publishing.
IMG-0324,MEDIA/IMAGES/diego-headshot-view-02.jpg,MEDIA/IMAGES/diego-headshot-view-02.webp,image,male artist reclining close up portrait,,,,,,Checkmark Audio staff,Checkmark Audio,© Checkmark Audio. All rights reserved.,Owned by Checkmark Audio; approved for public-website use.,verified,approved,public-website,artist-photography,Studio headshot portrait of musician Diego.,,,pending-human-approval,Page assignment is proposed from visible subject/filename and is not publication approval. Original source archived outside the repo in checkmark-audio-media-originals-2026-08-07.zip (Bridget's Desktop); only the optimized web copy remains in MEDIA/IMAGES. Draft alt text generated from the SEO filename/visual content; confirm against real page context before publishing.
IMG-0325,MEDIA/IMAGES/male-artist-seated-white-background-portrait.jpg,MEDIA/IMAGES/male-artist-seated-white-background-portrait.webp,image,male artist seated white background portrait,,,,,,Checkmark Audio staff,Checkmark Audio,© Checkmark Audio. All rights reserved.,Owned by Checkmark Audio; approved for public-website use.,verified,approved,public-website,artist-photography,Studio portrait of an unidentified male artist.,,,pending-human-approval,Page assignment is proposed from visible subject/filename and is not publication approval. Original source archived outside the repo in checkmark-audio-media-originals-2026-08-07.zip (Bridget's Desktop); only the optimized web copy remains in MEDIA/IMAGES. Draft alt text generated from the SEO filename/visual content; confirm against real page context before publishing.
IMG-0326,MEDIA/IMAGES/male-artist-white-background-side-portrait.jpg,MEDIA/IMAGES/male-artist-white-background-side-portrait.webp,image,male artist white background side portrait,,,,,,Checkmark Audio staff,Checkmark Audio,© Checkmark Audio. All rights reserved.,Owned by Checkmark Audio; approved for public-website use.,verified,approved,public-website,artist-photography,Studio portrait of an unidentified male artist.,,,pending-human-approval,Page assignment is proposed from visible subject/filename and is not publication approval. Original source archived outside the repo in checkmark-audio-media-originals-2026-08-07.zip (Bridget's Desktop); only the optimized web copy remains in MEDIA/IMAGES. Draft alt text generated from the SEO filename/visual content; confirm against real page context before publishing.
IMG-0327,MEDIA/IMAGES/male-musician-studio-interview-speaking.png,MEDIA/IMAGES/male-musician-studio-interview-speaking.webp,image,male musician studio interview speaking,recording studio,,,,,Checkmark Audio staff,Checkmark Audio,© Checkmark Audio. All rights reserved.,Owned by Checkmark Audio; approved for public-website use.,verified,approved,public-website,artist-photography,Studio portrait of an unidentified male artist.,,recording studio,pending-human-approval,Page assignment is proposed from visible subject/filename and is not publication approval. Original source archived outside the repo in checkmark-audio-media-originals-2026-08-07.zip (Bridget's Desktop); only the optimized web copy remains in MEDIA/IMAGES. Draft alt text generated from the SEO filename/visual content; confirm against real page context before publishing.
IMG-0328,MEDIA/IMAGES/jjune-vocal-recording-session-view-02.jpg,MEDIA/IMAGES/jjune-vocal-recording-session-view-02.webp,image,male singer vocal booth microphone performance,vocal recording,Vocal booth,,,,Checkmark Audio staff,Checkmark Audio,© Checkmark Audio. All rights reserved.,Owned by Checkmark Audio; approved for public-website use.,verified,approved,public-website,artist-photography,Jjune recording vocals in the booth at Checkmark Audio.,,vocal recording; Vocal booth,pending-human-approval,Page assignment is proposed from visible subject/filename and is not publication approval. Original source archived outside the repo in checkmark-audio-media-originals-2026-08-07.zip (Bridget's Desktop); only the optimized web copy remains in MEDIA/IMAGES. Draft alt text generated from the SEO filename/visual content; confirm against real page context before publishing.
IMG-0329,MEDIA/IMAGES/male-vocalist-microphone-portrait-view-02.jpg,MEDIA/IMAGES/male-vocalist-microphone-portrait-view-02.webp,image,male vocalist microphone portrait view 02,,,,,,Checkmark Audio staff,Checkmark Audio,© Checkmark Audio. All rights reserved.,Owned by Checkmark Audio; approved for public-website use.,verified,approved,public-website,artist-photography,Vocalist portrait at the studio microphone at Checkmark Audio.,,,pending-human-approval,Page assignment is proposed from visible subject/filename and is not publication approval. Original source archived outside the repo in checkmark-audio-media-originals-2026-08-07.zip (Bridget's Desktop); only the optimized web copy remains in MEDIA/IMAGES. Draft alt text generated from the SEO filename/visual content; confirm against real page context before publishing.
IMG-0330,MEDIA/IMAGES/male-vocalist-microphone-portrait.jpg,MEDIA/IMAGES/male-vocalist-microphone-portrait.webp,image,male vocalist microphone portrait,,,,,,Checkmark Audio staff,Checkmark Audio,© Checkmark Audio. All rights reserved.,Owned by Checkmark Audio; approved for public-website use.,verified,approved,public-website,artist-photography,Vocalist portrait at the studio microphone at Checkmark Audio.,,,pending-human-approval,Page assignment is proposed from visible subject/filename and is not publication approval. Original source archived outside the repo in checkmark-audio-media-originals-2026-08-07.zip (Bridget's Desktop); only the optimized web copy remains in MEDIA/IMAGES. Draft alt text generated from the SEO filename/visual content; confirm against real page context before publishing.
IMG-0331,MEDIA/IMAGES/marz-artist-photography-promo-view-02.png,MEDIA/IMAGES/marz-artist-photography-promo-view-02.webp,image,marz artist photography promo view 02,,,,,,Marz,Courtesy of Marz,© Marz. Used with permission.,Property of Marz; used with the artist's permission for Checkmark Audio promotional/website purposes.,verified,approved,public-website,artist-promotion,Marz promotional artist photography.,,,pending-human-approval,"Page assignment is proposed from visible subject/filename and is not publication approval. Original source archived outside the repo in checkmark-audio-media-originals-2026-08-07.zip (Bridget's Desktop); only the optimized web copy remains in MEDIA/IMAGES. Draft alt text generated from the SEO filename/visual content; confirm against real page context before publishing. Creator credit needs research (likely shot off-site or band-supplied artwork); not yet confirmed. Confirmed by Gavin 2026-08-08: artist-supplied material, usable as originally discussed when sent to Checkmark Audio."
IMG-0332,MEDIA/IMAGES/marz-artist-photography-promo.png,MEDIA/IMAGES/marz-artist-photography-promo.webp,image,marz artist photography promo,,,,,,Marz,Courtesy of Marz,© Marz. Used with permission.,Property of Marz; used with the artist's permission for Checkmark Audio promotional/website purposes.,verified,approved,public-website,artist-promotion,Marz promotional artist photography.,,,pending-human-approval,"Page assignment is proposed from visible subject/filename and is not publication approval. Original source archived outside the repo in checkmark-audio-media-originals-2026-08-07.zip (Bridget's Desktop); only the optimized web copy remains in MEDIA/IMAGES. Draft alt text generated from the SEO filename/visual content; confirm against real page context before publishing. Creator credit needs research (likely shot off-site or band-supplied artwork); not yet confirmed. Confirmed by Gavin 2026-08-08: artist-supplied material, usable as originally discussed when sent to Checkmark Audio."
IMG-0333,MEDIA/IMAGES/marz-artist-photography-services-graphic.png,MEDIA/IMAGES/marz-artist-photography-services-graphic.webp,image,marz artist photography services graphic,,,,,,Marz,Courtesy of Marz,© Marz. Used with permission.,Property of Marz; used with the artist's permission for Checkmark Audio promotional/website purposes.,verified,approved,public-website,artist-promotion,Marz promotional artist photography.,,,pending-human-approval,"Page assignment is proposed from visible subject/filename and is not publication approval. Original source archived outside the repo in checkmark-audio-media-originals-2026-08-07.zip (Bridget's Desktop); only the optimized web copy remains in MEDIA/IMAGES. Draft alt text generated from the SEO filename/visual content; confirm against real page context before publishing. Creator credit needs research (likely shot off-site or band-supplied artwork); not yet confirmed. Confirmed by Gavin 2026-08-08: artist-supplied material, usable as originally discussed when sent to Checkmark Audio."
IMG-0334,MEDIA/IMAGES/marz-cubist-illustrated-artist-portrait.jpg,MEDIA/IMAGES/marz-cubist-illustrated-artist-portrait.webp,image,marz cubist illustrated artist portrait,,,,,,Marz,Courtesy of Marz,© Marz. Used with permission.,Property of Marz; used with the artist's permission for Checkmark Audio promotional/website purposes.,verified,approved,public-website,artist-promotion,Cubist-style illustrated portrait of Marz.,,,pending-human-approval,"Page assignment is proposed from visible subject/filename and is not publication approval. Original source archived outside the repo in checkmark-audio-media-originals-2026-08-07.zip (Bridget's Desktop); only the optimized web copy remains in MEDIA/IMAGES. Draft alt text generated from the SEO filename/visual content; confirm against real page context before publishing. Creator credit needs research (likely shot off-site or band-supplied artwork); not yet confirmed. Confirmed by Gavin 2026-08-08: artist-supplied material, usable as originally discussed when sent to Checkmark Audio."
IMG-0336,MEDIA/IMAGES/marz-studio-side-profile.jpg,MEDIA/IMAGES/marz-studio-side-profile.webp,image,marz studio side profile,recording studio,,,,,Checkmark Audio staff,Checkmark Audio,© Checkmark Audio. All rights reserved.,Owned by Checkmark Audio; approved for public-website use.,verified,approved,public-website,artist-photography,Side-profile portrait of Marz in the studio at Checkmark Audio.,,recording studio,duplicate-preferred-candidate,Page assignment is proposed from visible subject/filename and is not publication approval. Exact duplicate group DUP-066; proposed keeper based on active reference/name clarity. Original source archived outside the repo in checkmark-audio-media-originals-2026-08-07.zip (Bridget's Desktop); only the optimized web copy remains in MEDIA/IMAGES. Draft alt text generated from the SEO filename/visual content; confirm against real page context before publishing.
IMG-0337,MEDIA/IMAGES/marz-sunglasses-basketball-jersey-portrait.png,MEDIA/IMAGES/marz-sunglasses-basketball-jersey-portrait.webp,image,marz sunglasses basketball jersey portrait,,,,,,Marz,Courtesy of Marz,© Marz. Used with permission.,Property of Marz; used with the artist's permission for Checkmark Audio promotional/website purposes.,verified,approved,public-website,artist-promotion,Portrait of Marz wearing sunglasses and a basketball jersey.,,,pending-human-approval,"Page assignment is proposed from visible subject/filename and is not publication approval. Original source archived outside the repo in checkmark-audio-media-originals-2026-08-07.zip (Bridget's Desktop); only the optimized web copy remains in MEDIA/IMAGES. Draft alt text generated from the SEO filename/visual content; confirm against real page context before publishing. Creator credit needs research (likely shot off-site or band-supplied artwork); not yet confirmed. Confirmed by Gavin 2026-08-08: artist-supplied material, usable as originally discussed when sent to Checkmark Audio."
IMG-0338,MEDIA/IMAGES/microphone-keyboard-overlay.jpg,MEDIA/IMAGES/microphone-keyboard-overlay.webp,image,microphone keyboard overlay,music production,,,,,not-applicable,,© Checkmark Audio. All rights reserved.,,verified,not-applicable,public-website,studio-a,Studio microphone and keyboard graphic overlay.,,music production,pending-human-approval,Page assignment is proposed from visible subject/filename and is not publication approval. Original source archived outside the repo in checkmark-audio-media-originals-2026-08-07.zip (Bridget's Desktop); only the optimized web copy remains in MEDIA/IMAGES. Draft alt text generated from the SEO filename/visual content; confirm against real page context before publishing.
IMG-0340,MEDIA/IMAGES/millie-album-cover-2.jpg,MEDIA/IMAGES/millie-album-cover-2.webp,image,millie album cover 2,,,,,,Millie,Courtesy of Millie,© Millie. Used with permission.,Property of Millie; used with the artist's permission for Checkmark Audio promotional/website purposes.,verified,approved,public-website,artist-promotion,Millie's album cover artwork.,,,pending-human-approval,"Page assignment is proposed from visible subject/filename and is not publication approval. Original source archived outside the repo in checkmark-audio-media-originals-2026-08-07.zip (Bridget's Desktop); only the optimized web copy remains in MEDIA/IMAGES. Draft alt text generated from the SEO filename/visual content; confirm against real page context before publishing. Creator credit needs research (likely shot off-site or band-supplied artwork); not yet confirmed. Confirmed by Gavin 2026-08-08: artist-supplied material, usable as originally discussed when sent to Checkmark Audio."
IMG-0341,MEDIA/IMAGES/millie-artist-career-promotion-graphic.png,MEDIA/IMAGES/millie-artist-career-promotion-graphic.webp,image,millie artist career promotion graphic,,,,,,Millie,Courtesy of Millie,© Millie. Used with permission.,Property of Millie; used with the artist's permission for Checkmark Audio promotional/website purposes.,verified,approved,public-website,artist-promotion,Millie promotional artist photography.,,,pending-human-approval,"Page assignment is proposed from visible subject/filename and is not publication approval. Original source archived outside the repo in checkmark-audio-media-originals-2026-08-07.zip (Bridget's Desktop); only the optimized web copy remains in MEDIA/IMAGES. Draft alt text generated from the SEO filename/visual content; confirm against real page context before publishing. Creator credit needs research (likely shot off-site or band-supplied artwork); not yet confirmed. Confirmed by Gavin 2026-08-08: artist-supplied material, usable as originally discussed when sent to Checkmark Audio."
IMG-0344,MEDIA/IMAGES/millie-artist-photography-promo.png,MEDIA/IMAGES/millie-artist-photography-promo.webp,image,millie artist photography promo,,,,,,Millie,Courtesy of Millie,© Millie. Used with permission.,Property of Millie; used with the artist's permission for Checkmark Audio promotional/website purposes.,verified,approved,public-website,artist-promotion,Millie promotional artist photography.,,,pending-human-approval,"Page assignment is proposed from visible subject/filename and is not publication approval. Original source archived outside the repo in checkmark-audio-media-originals-2026-08-07.zip (Bridget's Desktop); only the optimized web copy remains in MEDIA/IMAGES. Draft alt text generated from the SEO filename/visual content; confirm against real page context before publishing. Creator credit needs research (likely shot off-site or band-supplied artwork); not yet confirmed. Confirmed by Gavin 2026-08-08: artist-supplied material, usable as originally discussed when sent to Checkmark Audio."
IMG-0345,MEDIA/IMAGES/millie-artist-photography-promotion-graphic.png,MEDIA/IMAGES/millie-artist-photography-promotion-graphic.webp,image,millie artist photography promotion graphic,,,,,,Millie,Courtesy of Millie,© Millie. Used with permission.,Property of Millie; used with the artist's permission for Checkmark Audio promotional/website purposes.,verified,approved,public-website,artist-promotion,Millie promotional artist photography.,,,pending-human-approval,"Page assignment is proposed from visible subject/filename and is not publication approval. Original source archived outside the repo in checkmark-audio-media-originals-2026-08-07.zip (Bridget's Desktop); only the optimized web copy remains in MEDIA/IMAGES. Draft alt text generated from the SEO filename/visual content; confirm against real page context before publishing. Creator credit needs research (likely shot off-site or band-supplied artwork); not yet confirmed. Confirmed by Gavin 2026-08-08: artist-supplied material, usable as originally discussed when sent to Checkmark Audio."
IMG-0347,MEDIA/IMAGES/millie-black-and-white-album-cover.jpg,MEDIA/IMAGES/millie-black-and-white-album-cover.webp,image,millie black and white album cover,,,,,,Millie,Courtesy of Millie,© Millie. Used with permission.,Property of Millie; used with the artist's permission for Checkmark Audio promotional/website purposes.,verified,approved,public-website,artist-promotion,Millie's black-and-white album cover artwork.,,,pending-human-approval,"Page assignment is proposed from visible subject/filename and is not publication approval. Original source archived outside the repo in checkmark-audio-media-originals-2026-08-07.zip (Bridget's Desktop); only the optimized web copy remains in MEDIA/IMAGES. Draft alt text generated from the SEO filename/visual content; confirm against real page context before publishing. Creator credit needs research (likely shot off-site or band-supplied artwork); not yet confirmed. Confirmed by Gavin 2026-08-08: artist-supplied material, usable as originally discussed when sent to Checkmark Audio."
IMG-0348,MEDIA/IMAGES/millie-relaxing-studio-lounge-session.jpg,MEDIA/IMAGES/GALLERY/millie-relaxing-studio-lounge-session.webp,image,millie relaxing studio lounge session,recording studio,Waiting area / lounge,,,,Checkmark Audio staff,Checkmark Audio,© Checkmark Audio. All rights reserved.,Owned by Checkmark Audio; approved for public-website use.,verified,approved,public-website,gallery,Millie relaxing in the studio lounge during a session at Checkmark Audio.,,recording studio; Waiting area / lounge,pending-human-approval,Page assignment is proposed from visible subject/filename and is not publication approval. Original source archived outside the repo in checkmark-audio-media-originals-2026-08-07.zip (Bridget's Desktop); only the optimized web copy remains in MEDIA/IMAGES. Draft alt text generated from the SEO filename/visual content; confirm against real page context before publishing.
IMG-0349,MEDIA/IMAGES/studio-control-room-workstation-view-01.jpg,MEDIA/IMAGES/studio-control-room-workstation-view-01.webp,image,mixing albuquerque dimly lit studio workstation checkmark audio,mixing and mastering,,,,,Checkmark Audio staff,Checkmark Audio,© Checkmark Audio. All rights reserved.,Owned by Checkmark Audio; approved for public-website use.,verified,not-applicable,public-website,studio-a,"Control room workstation, dimly lit, at Checkmark Audio.",,mixing and mastering,pending-human-approval,Page assignment is proposed from visible subject/filename and is not publication approval. Original source archived outside the repo in checkmark-audio-media-originals-2026-08-07.zip (Bridget's Desktop); only the optimized web copy remains in MEDIA/IMAGES. Draft alt text generated from the SEO filename/visual content; confirm against real page context before publishing.
IMG-0350,MEDIA/IMAGES/mixing-and-mastering-service-graphic.png,MEDIA/IMAGES/mixing-and-mastering-service-graphic.webp,image,mixing and mastering service graphic,mixing and mastering,,,,,not-applicable,,© Checkmark Audio. All rights reserved.,,verified,not-applicable,public-website,recording-mixing-mastering,Mixing and mastering service package graphic.,,mixing and mastering,pending-human-approval,Page assignment is proposed from visible subject/filename and is not publication approval. Original source archived outside the repo in checkmark-audio-media-originals-2026-08-07.zip (Bridget's Desktop); only the optimized web copy remains in MEDIA/IMAGES. Draft alt text generated from the SEO filename/visual content; confirm against real page context before publishing.
IMG-0352,MEDIA/IMAGES/mixing-console-close-up-black-and-white-view-01.jpg,MEDIA/IMAGES/mixing-console-close-up-black-and-white-view-01.webp,image,mixing console black white view 03,mixing and mastering,,,,,Checkmark Audio staff,Checkmark Audio,© Checkmark Audio. All rights reserved.,Owned by Checkmark Audio; approved for public-website use.,verified,not-applicable,public-website,studio-a,Close-up of the mixing console at Checkmark Audio.,,mixing and mastering,pending-human-approval,Page assignment is proposed from visible subject/filename and is not publication approval. Original source archived outside the repo in checkmark-audio-media-originals-2026-08-07.zip (Bridget's Desktop); only the optimized web copy remains in MEDIA/IMAGES. Draft alt text generated from the SEO filename/visual content; confirm against real page context before publishing.
IMG-0353,MEDIA/IMAGES/mixing-console-close-up-black-and-white-view-02.jpg,MEDIA/IMAGES/mixing-console-close-up-black-and-white-view-02.webp,image,mixing console black white,mixing and mastering,,,,,Checkmark Audio staff,Checkmark Audio,© Checkmark Audio. All rights reserved.,Owned by Checkmark Audio; approved for public-website use.,verified,not-applicable,public-website,studio-a,Close-up of the mixing console at Checkmark Audio.,,mixing and mastering,pending-human-approval,Page assignment is proposed from visible subject/filename and is not publication approval. Original source archived outside the repo in checkmark-audio-media-originals-2026-08-07.zip (Bridget's Desktop); only the optimized web copy remains in MEDIA/IMAGES. Draft alt text generated from the SEO filename/visual content; confirm against real page context before publishing.
IMG-0355,MEDIA/IMAGES/richard-baca-mixing-workstation-view-02.jpg,MEDIA/IMAGES/richard-baca-mixing-workstation-view-02.webp,image,mixing engineer at studio workstation view 03,mixing and mastering,,,,,Checkmark Audio staff,Checkmark Audio,© Checkmark Audio. All rights reserved.,Owned by Checkmark Audio; approved for public-website use.,verified,approved,public-website,our-team,Richard Baca at the mixing workstation at Checkmark Audio.,,mixing and mastering,pending-human-approval,Page assignment is proposed from visible subject/filename and is not publication approval. Original source archived outside the repo in checkmark-audio-media-originals-2026-08-07.zip (Bridget's Desktop); only the optimized web copy remains in MEDIA/IMAGES. Draft alt text generated from the SEO filename/visual content; confirm against real page context before publishing.
IMG-0356,MEDIA/IMAGES/richard-baca-mixing-workstation-view-03.jpg,MEDIA/IMAGES/richard-baca-mixing-workstation-view-03.webp,image,mixing engineer at studio workstation view 04,mixing and mastering,,,,,Checkmark Audio staff,Checkmark Audio,© Checkmark Audio. All rights reserved.,Owned by Checkmark Audio; approved for public-website use.,verified,approved,public-website,our-team,Richard Baca at the mixing workstation at Checkmark Audio.,,mixing and mastering,pending-human-approval,Page assignment is proposed from visible subject/filename and is not publication approval. Original source archived outside the repo in checkmark-audio-media-originals-2026-08-07.zip (Bridget's Desktop); only the optimized web copy remains in MEDIA/IMAGES. Draft alt text generated from the SEO filename/visual content; confirm against real page context before publishing.
IMG-0358,MEDIA/IMAGES/mixing-engineer-at-studio-workstation-view-06.jpg,MEDIA/IMAGES/mixing-engineer-at-studio-workstation-view-06.webp,image,mixing engineer at studio workstation view 06,mixing and mastering,,,,,Checkmark Audio staff,Checkmark Audio,© Checkmark Audio. All rights reserved.,Owned by Checkmark Audio; approved for public-website use.,verified,approved,public-website,our-team,Mixing engineer at the studio workstation at Checkmark Audio.,,mixing and mastering,pending-human-approval,Page assignment is proposed from visible subject/filename and is not publication approval. Original source archived outside the repo in checkmark-audio-media-originals-2026-08-07.zip (Bridget's Desktop); only the optimized web copy remains in MEDIA/IMAGES. Draft alt text generated from the SEO filename/visual content; confirm against real page context before publishing.
IMG-0359,MEDIA/IMAGES/richard-baca-mixing-workstation-view-04.jpg,MEDIA/IMAGES/richard-baca-mixing-workstation-view-04.webp,image,mixing engineer at studio workstation,mixing and mastering,,,,,Checkmark Audio staff,Checkmark Audio,© Checkmark Audio. All rights reserved.,Owned by Checkmark Audio; approved for public-website use.,verified,approved,public-website,our-team,Richard Baca at the mixing workstation at Checkmark Audio.,,mixing and mastering,pending-human-approval,Page assignment is proposed from visible subject/filename and is not publication approval. Original source archived outside the repo in checkmark-audio-media-originals-2026-08-07.zip (Bridget's Desktop); only the optimized web copy remains in MEDIA/IMAGES. Draft alt text generated from the SEO filename/visual content; confirm against real page context before publishing.
IMG-0360,MEDIA/IMAGES/mixing-engineer-control-room.jpg,MEDIA/IMAGES/mixing-engineer-control-room.webp,image,mixing engineer control room,mixing and mastering,Control room,,,,Checkmark Audio staff,Checkmark Audio,© Checkmark Audio. All rights reserved.,Owned by Checkmark Audio; approved for public-website use.,verified,approved,public-website,our-team,Mixing engineer at the studio workstation at Checkmark Audio.,,mixing and mastering; Control room,pending-human-approval,Page assignment is proposed from visible subject/filename and is not publication approval. Original source archived outside the repo in checkmark-audio-media-originals-2026-08-07.zip (Bridget's Desktop); only the optimized web copy remains in MEDIA/IMAGES. Draft alt text generated from the SEO filename/visual content; confirm against real page context before publishing.
IMG-0361,MEDIA/IMAGES/mixing-mastering-additional-revision-service-graphic.jpg,MEDIA/IMAGES/mixing-mastering-additional-revision-service-graphic.webp,image,mixing mastering additional revision service graphic,mixing and mastering,,,,,not-applicable,,© Checkmark Audio. All rights reserved.,,verified,not-applicable,public-website,recording-mixing-mastering,Mixing and mastering service package graphic.,,mixing and mastering,pending-human-approval,Page assignment is proposed from visible subject/filename and is not publication approval. Original source archived outside the repo in checkmark-audio-media-originals-2026-08-07.zip (Bridget's Desktop); only the optimized web copy remains in MEDIA/IMAGES. Draft alt text generated from the SEO filename/visual content; confirm against real page context before publishing.
IMG-0362,MEDIA/IMAGES/studio-compressor-rack-close-up-view-01.jpg,MEDIA/IMAGES/studio-compressor-rack-close-up-view-01.webp,image,mixing mastering albuquerque nm compressor rack,mixing and mastering,,Albuquerque,NM,USA,Checkmark Audio staff,Checkmark Audio,© Checkmark Audio. All rights reserved.,Owned by Checkmark Audio; approved for public-website use.,verified,not-applicable,public-website,studio-a,Close-up of the outboard compressor rack at Checkmark Audio.,,mixing and mastering; Albuquerque NM,pending-human-approval,Page assignment is proposed from visible subject/filename and is not publication approval. Original source archived outside the repo in checkmark-audio-media-originals-2026-08-07.zip (Bridget's Desktop); only the optimized web copy remains in MEDIA/IMAGES. Draft alt text generated from the SEO filename/visual content; confirm against real page context before publishing.
IMG-0363,MEDIA/IMAGES/mixing-console-close-up-view-02.jpg,MEDIA/IMAGES/mixing-console-close-up-view-02.webp,image,mixing mastering albuquerque nm studio console,mixing and mastering,,Albuquerque,NM,USA,Checkmark Audio staff,Checkmark Audio,© Checkmark Audio. All rights reserved.,Owned by Checkmark Audio; approved for public-website use.,verified,not-applicable,public-website,studio-a,Close-up of the mixing console at Checkmark Audio.,,mixing and mastering; Albuquerque NM,pending-human-approval,Page assignment is proposed from visible subject/filename and is not publication approval. Original source archived outside the repo in checkmark-audio-media-originals-2026-08-07.zip (Bridget's Desktop); only the optimized web copy remains in MEDIA/IMAGES. Draft alt text generated from the SEO filename/visual content; confirm against real page context before publishing.
IMG-0364,MEDIA/IMAGES/mixing-mastering-basic-package-graphic.jpg,MEDIA/IMAGES/mixing-mastering-basic-package-graphic.webp,image,mixing mastering basic package graphic,mixing and mastering,,,,,not-applicable,,© Checkmark Audio. All rights reserved.,,verified,not-applicable,public-website,recording-mixing-mastering,Basic mixing and mastering package graphic.,,mixing and mastering,pending-human-approval,Page assignment is proposed from visible subject/filename and is not publication approval. Original source archived outside the repo in checkmark-audio-media-originals-2026-08-07.zip (Bridget's Desktop); only the optimized web copy remains in MEDIA/IMAGES. Draft alt text generated from the SEO filename/visual content; confirm against real page context before publishing.
IMG-0365,MEDIA/IMAGES/mixing-mastering-mixed-stems-service-graphic.jpg,MEDIA/IMAGES/mixing-mastering-mixed-stems-service-graphic.webp,image,mixing mastering mixed stems service graphic,mixing and mastering,,,,,not-applicable,,© Checkmark Audio. All rights reserved.,,verified,not-applicable,public-website,recording-mixing-mastering,Mixing and mastering service package graphic.,,mixing and mastering,pending-human-approval,Page assignment is proposed from visible subject/filename and is not publication approval. Original source archived outside the repo in checkmark-audio-media-originals-2026-08-07.zip (Bridget's Desktop); only the optimized web copy remains in MEDIA/IMAGES. Draft alt text generated from the SEO filename/visual content; confirm against real page context before publishing.
IMG-0366,MEDIA/IMAGES/mixing-mastering-premium-package-graphic.jpg,MEDIA/IMAGES/mixing-mastering-premium-package-graphic.webp,image,mixing mastering premium package graphic,mixing and mastering,,,,,not-applicable,,© Checkmark Audio. All rights reserved.,,verified,not-applicable,public-website,recording-mixing-mastering,Premium mixing and mastering package graphic.,,mixing and mastering,pending-human-approval,Page assignment is proposed from visible subject/filename and is not publication approval. Original source archived outside the repo in checkmark-audio-media-originals-2026-08-07.zip (Bridget's Desktop); only the optimized web copy remains in MEDIA/IMAGES. Draft alt text generated from the SEO filename/visual content; confirm against real page context before publishing.
IMG-0367,MEDIA/IMAGES/mixing-mastering-standard-package-graphic.jpg,MEDIA/IMAGES/mixing-mastering-standard-package-graphic.webp,image,mixing mastering standard package graphic,mixing and mastering,,,,,not-applicable,,© Checkmark Audio. All rights reserved.,,verified,not-applicable,public-website,recording-mixing-mastering,Standard mixing and mastering package graphic.,,mixing and mastering,pending-human-approval,Page assignment is proposed from visible subject/filename and is not publication approval. Original source archived outside the repo in checkmark-audio-media-originals-2026-08-07.zip (Bridget's Desktop); only the optimized web copy remains in MEDIA/IMAGES. Draft alt text generated from the SEO filename/visual content; confirm against real page context before publishing.
IMG-0368,MEDIA/IMAGES/music-note-icon.png,MEDIA/IMAGES/music-note-icon.webp,image,music note icon,,,,,,not-applicable,,© Checkmark Audio. All rights reserved.,,verified,not-applicable,public-website,sitewide-logo,,,,pending-human-approval,Page assignment is proposed from visible subject/filename and is not publication approval. Original source archived outside the repo in checkmark-audio-media-originals-2026-08-07.zip (Bridget's Desktop); only the optimized web copy remains in MEDIA/IMAGES.
IMG-0369,MEDIA/IMAGES/richard-baca-mixing-workstation-view-05.jpg,MEDIA/IMAGES/richard-baca-mixing-workstation-view-05.webp,image,music producer keyboard daw workstation,music production,,,,,Checkmark Audio staff,Checkmark Audio,© Checkmark Audio. All rights reserved.,Owned by Checkmark Audio; approved for public-website use.,verified,not-applicable,public-website,our-team,Richard Baca at the mixing workstation at Checkmark Audio.,,music production,pending-human-approval,Page assignment is proposed from visible subject/filename and is not publication approval. Original source archived outside the repo in checkmark-audio-media-originals-2026-08-07.zip (Bridget's Desktop); only the optimized web copy remains in MEDIA/IMAGES. Draft alt text generated from the SEO filename/visual content; confirm against real page context before publishing.
IMG-0370,MEDIA/IMAGES/music-production-acapella-instrumental-service-graphic.jpg,MEDIA/IMAGES/music-production-acapella-instrumental-service-graphic.webp,image,music production acapella instrumental service graphic,music production,,,,,not-applicable,,© Checkmark Audio. All rights reserved.,,verified,not-applicable,public-website,recording-mixing-mastering,Music production service offer graphic.,,music production,pending-human-approval,Page assignment is proposed from visible subject/filename and is not publication approval. Original source archived outside the repo in checkmark-audio-media-originals-2026-08-07.zip (Bridget's Desktop); only the optimized web copy remains in MEDIA/IMAGES. Draft alt text generated from the SEO filename/visual content; confirm against real page context before publishing.
IMG-0371,MEDIA/IMAGES/control-room-desk-view-04.jpg,MEDIA/IMAGES/control-room-desk-view-04.webp,image,music production albuquerque nm control room desk,music production,Control room,Albuquerque,NM,USA,Checkmark Audio staff,Checkmark Audio,© Checkmark Audio. All rights reserved.,Owned by Checkmark Audio; approved for public-website use.,verified,not-applicable,public-website,studio-a,Control room desk with monitors and outboard gear at Checkmark Audio.,,music production; Control room; Albuquerque NM,pending-human-approval,Page assignment is proposed from visible subject/filename and is not publication approval. Original source archived outside the repo in checkmark-audio-media-originals-2026-08-07.zip (Bridget's Desktop); only the optimized web copy remains in MEDIA/IMAGES. Draft alt text generated from the SEO filename/visual content; confirm against real page context before publishing.
IMG-0372,MEDIA/IMAGES/synth-keyboards-view-01.jpg,MEDIA/IMAGES/synth-keyboards-view-01.webp,image,music production albuquerque nm stacked synth keyboards,music production,,Albuquerque,NM,USA,Checkmark Audio staff,Checkmark Audio,© Checkmark Audio. All rights reserved.,Owned by Checkmark Audio; approved for public-website use.,verified,not-applicable,public-website,studio-a,Synthesizers and keyboards at Checkmark Audio.,,music production; Albuquerque NM,pending-human-approval,Page assignment is proposed from visible subject/filename and is not publication approval. Original source archived outside the repo in checkmark-audio-media-originals-2026-08-07.zip (Bridget's Desktop); only the optimized web copy remains in MEDIA/IMAGES. Draft alt text generated from the SEO filename/visual content; confirm against real page context before publishing.
IMG-0375,MEDIA/IMAGES/music-studio-desk-checkmark-audio-black-and-white-view-02.jpg,MEDIA/IMAGES/music-studio-desk-checkmark-audio-black-and-white-view-02.webp,image,music production desk black and white view 02,music production,,,,,Checkmark Audio staff,Checkmark Audio,© Checkmark Audio. All rights reserved.,Owned by Checkmark Audio; approved for public-website use.,verified,not-applicable,public-website,studio-a,Studio desk with monitors and keyboard at Checkmark Audio.,,music production,pending-human-approval,Page assignment is proposed from visible subject/filename and is not publication approval. Original source archived outside the repo in checkmark-audio-media-originals-2026-08-07.zip (Bridget's Desktop); only the optimized web copy remains in MEDIA/IMAGES. Draft alt text generated from the SEO filename/visual content; confirm against real page context before publishing.
IMG-0376,MEDIA/IMAGES/music-production-desk-black-and-white.jpg,MEDIA/IMAGES/music-production-desk-black-and-white.webp,image,music production desk black and white,music production,,,,,Checkmark Audio staff,Checkmark Audio,© Checkmark Audio. All rights reserved.,Owned by Checkmark Audio; approved for public-website use.,verified,not-applicable,public-website,studio-a,Music production desk and workstation at Checkmark Audio.,,music production,pending-human-approval,Page assignment is proposed from visible subject/filename and is not publication approval. Original source archived outside the repo in checkmark-audio-media-originals-2026-08-07.zip (Bridget's Desktop); only the optimized web copy remains in MEDIA/IMAGES. Draft alt text generated from the SEO filename/visual content; confirm against real page context before publishing.
IMG-0377,MEDIA/IMAGES/music-production-engineer-keyboard.jpg,MEDIA/IMAGES/music-production-engineer-keyboard.webp,image,music production engineer keyboard,music production,,,,,Checkmark Audio staff,Checkmark Audio,© Checkmark Audio. All rights reserved.,Owned by Checkmark Audio; approved for public-website use.,verified,approved,public-website,studio-a,Music production desk and workstation at Checkmark Audio.,,music production,pending-human-approval,Page assignment is proposed from visible subject/filename and is not publication approval. Original source archived outside the repo in checkmark-audio-media-originals-2026-08-07.zip (Bridget's Desktop); only the optimized web copy remains in MEDIA/IMAGES. Draft alt text generated from the SEO filename/visual content; confirm against real page context before publishing.
IMG-0379,MEDIA/IMAGES/music-production-keyboard-blue-light.png,MEDIA/IMAGES/music-production-keyboard-blue-light.webp,image,music production keyboard blue light,music production,,,,,Checkmark Audio staff,Checkmark Audio,© Checkmark Audio. All rights reserved.,Owned by Checkmark Audio; approved for public-website use.,verified,not-applicable,public-website,studio-a,Keyboard lit in blue stage lighting during a production session.,,music production,pending-human-approval,Page assignment is proposed from visible subject/filename and is not publication approval. Original source archived outside the repo in checkmark-audio-media-originals-2026-08-07.zip (Bridget's Desktop); only the optimized web copy remains in MEDIA/IMAGES. Draft alt text generated from the SEO filename/visual content; confirm against real page context before publishing.
IMG-0382,MEDIA/IMAGES/music-studio-desk-checkmark-audio-view-02.jpg,MEDIA/IMAGES/music-studio-desk-checkmark-audio-view-02.webp,image,music studio desk checkmark audio view 02,recording studio,,,,,Checkmark Audio staff,Checkmark Audio,© Checkmark Audio. All rights reserved.,Owned by Checkmark Audio; approved for public-website use.,verified,not-applicable,public-website,studio-a,Studio desk with monitors and keyboard at Checkmark Audio.,,recording studio,pending-human-approval,Page assignment is proposed from visible subject/filename and is not publication approval. Original source archived outside the repo in checkmark-audio-media-originals-2026-08-07.zip (Bridget's Desktop); only the optimized web copy remains in MEDIA/IMAGES. Draft alt text generated from the SEO filename/visual content; confirm against real page context before publishing.
IMG-0383,MEDIA/IMAGES/music-studio-desk-checkmark-audio-view-03.jpg,MEDIA/IMAGES/music-studio-desk-checkmark-audio-view-03.webp,image,music studio desk checkmark audio view 03,recording studio,,,,,Checkmark Audio staff,Checkmark Audio,© Checkmark Audio. All rights reserved.,Owned by Checkmark Audio; approved for public-website use.,verified,not-applicable,public-website,studio-a,Studio desk with monitors and keyboard at Checkmark Audio.,,recording studio,pending-human-approval,Page assignment is proposed from visible subject/filename and is not publication approval. Original source archived outside the repo in checkmark-audio-media-originals-2026-08-07.zip (Bridget's Desktop); only the optimized web copy remains in MEDIA/IMAGES. Draft alt text generated from the SEO filename/visual content; confirm against real page context before publishing.
IMG-0384,MEDIA/IMAGES/music-studio-desk-checkmark-audio-view-04.jpg,MEDIA/IMAGES/music-studio-desk-checkmark-audio-view-04.webp,image,music studio desk checkmark audio view 04,recording studio,,,,,Checkmark Audio staff,Checkmark Audio,© Checkmark Audio. All rights reserved.,Owned by Checkmark Audio; approved for public-website use.,verified,not-applicable,public-website,studio-a,Studio desk with monitors and keyboard at Checkmark Audio.,,recording studio,pending-human-approval,Page assignment is proposed from visible subject/filename and is not publication approval. Original source archived outside the repo in checkmark-audio-media-originals-2026-08-07.zip (Bridget's Desktop); only the optimized web copy remains in MEDIA/IMAGES. Draft alt text generated from the SEO filename/visual content; confirm against real page context before publishing.
IMG-0385,MEDIA/IMAGES/music-studio-desk-checkmark-audio-view-05.jpg,MEDIA/IMAGES/music-studio-desk-checkmark-audio-view-05.webp,image,music studio desk checkmark audio view 05,recording studio,,,,,Checkmark Audio staff,Checkmark Audio,© Checkmark Audio. All rights reserved.,Owned by Checkmark Audio; approved for public-website use.,verified,not-applicable,public-website,studio-a,Studio desk with monitors and keyboard at Checkmark Audio.,,recording studio,pending-human-approval,Page assignment is proposed from visible subject/filename and is not publication approval. Original source archived outside the repo in checkmark-audio-media-originals-2026-08-07.zip (Bridget's Desktop); only the optimized web copy remains in MEDIA/IMAGES. Draft alt text generated from the SEO filename/visual content; confirm against real page context before publishing.
IMG-0387,MEDIA/IMAGES/music-studio-desk-checkmark-audio-view-07.jpg,MEDIA/IMAGES/music-studio-desk-checkmark-audio-view-07.webp,image,music studio desk checkmark audio view 07,recording studio,,,,,Checkmark Audio staff,Checkmark Audio,© Checkmark Audio. All rights reserved.,Owned by Checkmark Audio; approved for public-website use.,verified,not-applicable,public-website,studio-a,Studio desk with monitors and keyboard at Checkmark Audio.,,recording studio,pending-human-approval,Page assignment is proposed from visible subject/filename and is not publication approval. Original source archived outside the repo in checkmark-audio-media-originals-2026-08-07.zip (Bridget's Desktop); only the optimized web copy remains in MEDIA/IMAGES. Draft alt text generated from the SEO filename/visual content; confirm against real page context before publishing.
IMG-0388,MEDIA/IMAGES/music-studio-desk-checkmark-audio.jpg,MEDIA/IMAGES/music-studio-desk-checkmark-audio.webp,image,music studio desk checkmark audio,recording studio,,,,,Checkmark Audio staff,Checkmark Audio,© Checkmark Audio. All rights reserved.,Owned by Checkmark Audio; approved for public-website use.,verified,not-applicable,public-website,studio-a,Studio desk with monitors and keyboard at Checkmark Audio.,,recording studio,pending-human-approval,Page assignment is proposed from visible subject/filename and is not publication approval. Original source archived outside the repo in checkmark-audio-media-originals-2026-08-07.zip (Bridget's Desktop); only the optimized web copy remains in MEDIA/IMAGES. Draft alt text generated from the SEO filename/visual content; confirm against real page context before publishing.
IMG-0389,MEDIA/IMAGES/namm-believe-in-music-logo.png,MEDIA/IMAGES/namm-believe-in-music-logo.webp,image,namm believe in music logo,,,,,,not-applicable,,© Checkmark Audio. All rights reserved.,,third-party-review-required,not-applicable,public-website,home,"NAMM ""Believe in Music"" logo.",,,pending-human-approval,Third-party mark or source requires rights review. Original source archived outside the repo in checkmark-audio-media-originals-2026-08-07.zip (Bridget's Desktop); only the optimized web copy remains in MEDIA/IMAGES. Draft alt text generated from the SEO filename/visual content; confirm against real page context before publishing.
IMG-0391,MEDIA/IMAGES/piano-lessons-five-star-review-screenshot.png,MEDIA/IMAGES/piano-lessons-five-star-review-screenshot.webp,image,piano lessons five star review screenshot,,,,,,not-applicable,,© Checkmark Audio. All rights reserved.,,verified,not-applicable,school-site,sitewide-logo,Screenshot of a five-star customer review.,,,pending-human-approval,Separate-school scope candidate; keep off the studio site unless approved as a brief cross-link asset. Original source archived outside the repo in checkmark-audio-media-originals-2026-08-07.zip (Bridget's Desktop); only the optimized web copy remains in MEDIA/IMAGES. Draft alt text generated from the SEO filename/visual content; confirm against real page context before publishing.
IMG-0399,MEDIA/IMAGES/female-guitarist-purple-motion-portrait-view-01.jpg,MEDIA/IMAGES/female-guitarist-purple-motion-portrait-view-01.webp,image,purple artist motion view 03,,,,,,Checkmark Audio staff,Checkmark Audio,© Checkmark Audio. All rights reserved.,Owned by Checkmark Audio; approved for public-website use.,verified,approved,public-website,artist-photography,Guitarist captured in motion under purple stage lighting.,,,pending-human-approval,Page assignment is proposed from visible subject/filename and is not publication approval. Original source archived outside the repo in checkmark-audio-media-originals-2026-08-07.zip (Bridget's Desktop); only the optimized web copy remains in MEDIA/IMAGES. Draft alt text generated from the SEO filename/visual content; confirm against real page context before publishing.
IMG-0401,MEDIA/IMAGES/rapper-microphone-silhouette.webp,MEDIA/IMAGES/rapper-microphone-silhouette.webp,image,rapper microphone silhouette,vocal recording,,,,,Checkmark Audio staff,Checkmark Audio,© Checkmark Audio. All rights reserved.,Owned by Checkmark Audio; approved for public-website use.,verified,approved,public-website,sitewide-logo,Silhouette of a rapper on the microphone.,,vocal recording,pending-human-approval,Page assignment is proposed from visible subject/filename and is not publication approval. Draft alt text generated from the SEO filename/visual content; confirm against real page context before publishing.
IMG-0405,MEDIA/IMAGES/recording-session-studio-lounge-view-03.jpg,MEDIA/IMAGES/GALLERY/recording-session-studio-lounge-view-03.webp,image,recording session studio lounge view 03,recording studio,Waiting area / lounge,,,,Checkmark Audio staff,Checkmark Audio,© Checkmark Audio. All rights reserved.,Owned by Checkmark Audio; approved for public-website use.,verified,not-applicable,public-website,gallery,Recording session conversation in the studio lounge at Checkmark Audio.,,recording studio; Waiting area / lounge,pending-human-approval,Page assignment is proposed from visible subject/filename and is not publication approval. Original source archived outside the repo in checkmark-audio-media-originals-2026-08-07.zip (Bridget's Desktop); only the optimized web copy remains in MEDIA/IMAGES. Draft alt text generated from the SEO filename/visual content; confirm against real page context before publishing.
IMG-0406,MEDIA/IMAGES/recording-session-studio-lounge.jpg,MEDIA/IMAGES/GALLERY/recording-session-studio-lounge.webp,image,recording session studio lounge,recording studio,Waiting area / lounge,,,,Checkmark Audio staff,Checkmark Audio,© Checkmark Audio. All rights reserved.,Owned by Checkmark Audio; approved for public-website use.,verified,not-applicable,public-website,gallery,Recording session conversation in the studio lounge at Checkmark Audio.,,recording studio; Waiting area / lounge,pending-human-approval,Page assignment is proposed from visible subject/filename and is not publication approval. Original source archived outside the repo in checkmark-audio-media-originals-2026-08-07.zip (Bridget's Desktop); only the optimized web copy remains in MEDIA/IMAGES. Draft alt text generated from the SEO filename/visual content; confirm against real page context before publishing.
IMG-0407,MEDIA/IMAGES/recording-studio-albuquerque-nm-artist-collage-wall.jpg,MEDIA/IMAGES/recording-studio-albuquerque-nm-artist-collage-wall.webp,image,recording studio albuquerque nm artist collage wall,recording studio,Studio A,Albuquerque,NM,USA,Checkmark Audio staff,Checkmark Audio,© Checkmark Audio. All rights reserved.,Owned by Checkmark Audio; approved for public-website use.,verified,approved,public-website,studio-a,Artist photo collage wall at Checkmark Audio.,,recording studio; Studio A; Albuquerque NM,pending-human-approval,Page assignment is proposed from visible subject/filename and is not publication approval. Original source archived outside the repo in checkmark-audio-media-originals-2026-08-07.zip (Bridget's Desktop); only the optimized web copy remains in MEDIA/IMAGES. Draft alt text generated from the SEO filename/visual content; confirm against real page context before publishing.
IMG-0409,MEDIA/IMAGES/recording-studio-albuquerque-nm-checkmark-sign.jpg,MEDIA/IMAGES/recording-studio-albuquerque-nm-checkmark-sign.webp,image,recording studio albuquerque nm checkmark sign,recording studio,Studio A,Albuquerque,NM,USA,Checkmark Audio staff,Checkmark Audio,© Checkmark Audio. All rights reserved.,Owned by Checkmark Audio; approved for public-website use.,verified,not-applicable,public-website,studio-a,Checkmark Audio recording studio sign.,,recording studio; Studio A; Albuquerque NM,pending-human-approval,Page assignment is proposed from visible subject/filename and is not publication approval. Original source archived outside the repo in checkmark-audio-media-originals-2026-08-07.zip (Bridget's Desktop); only the optimized web copy remains in MEDIA/IMAGES. Draft alt text generated from the SEO filename/visual content; confirm against real page context before publishing.
IMG-0413,MEDIA/IMAGES/recording-studio-blue-patch-cables-close-up.jpg,MEDIA/IMAGES/recording-studio-blue-patch-cables-close-up.webp,image,recording studio blue patch cables close up,recording studio,Studio B,,,,Checkmark Audio staff,Checkmark Audio,© Checkmark Audio. All rights reserved.,Owned by Checkmark Audio; approved for public-website use.,verified,not-applicable,public-website,studio-a,Close-up of studio patch cables.,,recording studio; Studio B,pending-human-approval,Page assignment is proposed from visible subject/filename and is not publication approval. Original source archived outside the repo in checkmark-audio-media-originals-2026-08-07.zip (Bridget's Desktop); only the optimized web copy remains in MEDIA/IMAGES. Draft alt text generated from the SEO filename/visual content; confirm against real page context before publishing.
IMG-0414,MEDIA/IMAGES/recording-studio-engineer-and-clients-session.jpg,MEDIA/IMAGES/GALLERY/recording-studio-engineer-and-clients-session.webp,image,recording studio engineer and clients session,recording studio,,,,,Checkmark Audio staff,Checkmark Audio,© Checkmark Audio. All rights reserved.,Owned by Checkmark Audio; approved for public-website use.,verified,approved,public-website,gallery,Engineer working with clients during a session at Checkmark Audio.,,recording studio,pending-human-approval,Page assignment is proposed from visible subject/filename and is not publication approval. Original source archived outside the repo in checkmark-audio-media-originals-2026-08-07.zip (Bridget's Desktop); only the optimized web copy remains in MEDIA/IMAGES. Draft alt text generated from the SEO filename/visual content; confirm against real page context before publishing.
IMG-0416,MEDIA/IMAGES/richard-baca-and-marz-studio-session.jpg,MEDIA/IMAGES/richard-baca-and-marz-studio-session.webp,image,richard baca and marz studio session,recording studio,,,,,Checkmark Audio staff,Checkmark Audio,© Checkmark Audio. All rights reserved.,Owned by Checkmark Audio; approved for public-website use.,verified,approved,public-website,our-team,Richard Baca and Marz working together in the control room at Checkmark Audio.,,recording studio,pending-human-approval,Page assignment is proposed from visible subject/filename and is not publication approval. Original source archived outside the repo in checkmark-audio-media-originals-2026-08-07.zip (Bridget's Desktop); only the optimized web copy remains in MEDIA/IMAGES. Draft alt text generated from the SEO filename/visual content; confirm against real page context before publishing.
IMG-0417,MEDIA/IMAGES/richard-baca-bass-guitar-performance-profile.jpg,MEDIA/IMAGES/richard-baca-bass-guitar-performance-profile.webp,image,richard baca bass guitar performance profile,,,,,,Checkmark Audio staff,Checkmark Audio,© Checkmark Audio. All rights reserved.,Owned by Checkmark Audio; approved for public-website use.,verified,approved,public-website,our-team,Richard Baca performing on bass guitar.,,,pending-human-approval,Page assignment is proposed from visible subject/filename and is not publication approval. Original source archived outside the repo in checkmark-audio-media-originals-2026-08-07.zip (Bridget's Desktop); only the optimized web copy remains in MEDIA/IMAGES. Draft alt text generated from the SEO filename/visual content; confirm against real page context before publishing.
IMG-0418,MEDIA/IMAGES/richard-baca-control-room-profile.jpg,MEDIA/IMAGES/richard-baca-control-room-profile.webp,image,richard baca control room profile,recording studio,Control room,,,,Checkmark Audio staff,Checkmark Audio,© Checkmark Audio. All rights reserved.,Owned by Checkmark Audio; approved for public-website use.,verified,approved,public-website,our-team,Profile portrait of Richard Baca in the control room at Checkmark Audio.,,recording studio; Control room,pending-human-approval,Page assignment is proposed from visible subject/filename and is not publication approval. Original source archived outside the repo in checkmark-audio-media-originals-2026-08-07.zip (Bridget's Desktop); only the optimized web copy remains in MEDIA/IMAGES. Draft alt text generated from the SEO filename/visual content; confirm against real page context before publishing.
IMG-0420,MEDIA/IMAGES/richard-baca-engineering-at-console-view-03.jpg,MEDIA/IMAGES/richard-baca-engineering-at-console-view-03.webp,image,richard baca engineering at console view 03,mixing and mastering,,,,,Checkmark Audio staff,Checkmark Audio,© Checkmark Audio. All rights reserved.,Owned by Checkmark Audio; approved for public-website use.,verified,approved,public-website,our-team,Richard Baca engineering at the console at Checkmark Audio.,,mixing and mastering,pending-human-approval,Page assignment is proposed from visible subject/filename and is not publication approval. Original source archived outside the repo in checkmark-audio-media-originals-2026-08-07.zip (Bridget's Desktop); only the optimized web copy remains in MEDIA/IMAGES. Draft alt text generated from the SEO filename/visual content; confirm against real page context before publishing.
IMG-0421,MEDIA/IMAGES/richard-baca-engineering-at-console-view-04.jpg,MEDIA/IMAGES/richard-baca-engineering-at-console-view-04.webp,image,richard baca engineering at console view 04,mixing and mastering,,,,,Checkmark Audio staff,Checkmark Audio,© Checkmark Audio. All rights reserved.,Owned by Checkmark Audio; approved for public-website use.,verified,approved,public-website,our-team,Richard Baca engineering at the console at Checkmark Audio.,,mixing and mastering,pending-human-approval,Page assignment is proposed from visible subject/filename and is not publication approval. Original source archived outside the repo in checkmark-audio-media-originals-2026-08-07.zip (Bridget's Desktop); only the optimized web copy remains in MEDIA/IMAGES. Draft alt text generated from the SEO filename/visual content; confirm against real page context before publishing.
IMG-0423,MEDIA/IMAGES/richard-baca-gardenview-black-and-white-portrait.jpg,MEDIA/IMAGES/richard-baca-gardenview-black-and-white-portrait.webp,image,richard baca gardenview black and white portrait,,,,,,Checkmark Audio staff,Checkmark Audio,© Checkmark Audio. All rights reserved.,Owned by Checkmark Audio; approved for public-website use.,verified,approved,public-website,our-team,Black-and-white portrait of Richard Baca with the band Gardenview.,,,pending-human-approval,Page assignment is proposed from visible subject/filename and is not publication approval. Original source archived outside the repo in checkmark-audio-media-originals-2026-08-07.zip (Bridget's Desktop); only the optimized web copy remains in MEDIA/IMAGES. Draft alt text generated from the SEO filename/visual content; confirm against real page context before publishing.
IMG-0424,MEDIA/IMAGES/richard-baca-guitar-lesson.png,MEDIA/IMAGES/richard-baca-guitar-lesson.webp,image,richard baca guitar lesson,,,,,,Checkmark Audio staff,Checkmark Audio,© Checkmark Audio. All rights reserved.,Owned by Checkmark Audio; approved for public-website use.,verified,approved,school-site,our-team,Richard Baca giving a guitar lesson.,,,pending-human-approval,Separate-school scope candidate; keep off the studio site unless approved as a brief cross-link asset. Original source archived outside the repo in checkmark-audio-media-originals-2026-08-07.zip (Bridget's Desktop); only the optimized web copy remains in MEDIA/IMAGES. Draft alt text generated from the SEO filename/visual content; confirm against real page context before publishing.
IMG-0427,MEDIA/IMAGES/richard-baca-interview-close.jpg,MEDIA/IMAGES/richard-baca-interview-close.webp,image,richard baca interview close,,,,,,Checkmark Audio staff,Checkmark Audio,© Checkmark Audio. All rights reserved.,Owned by Checkmark Audio; approved for public-website use.,verified,approved,public-website,our-team,Richard Baca during a recorded interview.,,,pending-human-approval,Page assignment is proposed from visible subject/filename and is not publication approval. Original source archived outside the repo in checkmark-audio-media-originals-2026-08-07.zip (Bridget's Desktop); only the optimized web copy remains in MEDIA/IMAGES. Draft alt text generated from the SEO filename/visual content; confirm against real page context before publishing.
IMG-0429,MEDIA/IMAGES/richard-baca-interview-wide.jpg,MEDIA/IMAGES/richard-baca-interview-wide.webp,image,richard baca interview wide,,,,,,Checkmark Audio staff,Checkmark Audio,© Checkmark Audio. All rights reserved.,Owned by Checkmark Audio; approved for public-website use.,verified,approved,public-website,our-team,Richard Baca during a recorded interview.,,,pending-human-approval,Page assignment is proposed from visible subject/filename and is not publication approval. Original source archived outside the repo in checkmark-audio-media-originals-2026-08-07.zip (Bridget's Desktop); only the optimized web copy remains in MEDIA/IMAGES. Draft alt text generated from the SEO filename/visual content; confirm against real page context before publishing.
IMG-0431,MEDIA/IMAGES/richard-baca-mixing-workstation.jpg,MEDIA/IMAGES/richard-baca-mixing-workstation.webp,image,richard baca mixing workstation,mixing and mastering,,,,,Checkmark Audio staff,Checkmark Audio,© Checkmark Audio. All rights reserved.,Owned by Checkmark Audio; approved for public-website use.,verified,approved,public-website,our-team,Richard Baca at the mixing workstation at Checkmark Audio.,,mixing and mastering,pending-human-approval,Page assignment is proposed from visible subject/filename and is not publication approval. Original source archived outside the repo in checkmark-audio-media-originals-2026-08-07.zip (Bridget's Desktop); only the optimized web copy remains in MEDIA/IMAGES. Draft alt text generated from the SEO filename/visual content; confirm against real page context before publishing.
IMG-0432,MEDIA/IMAGES/richard-baca-title-card.jpg,MEDIA/IMAGES/richard-baca-title-card.webp,image,richard baca title card,,,,,,Checkmark Audio staff,Checkmark Audio,© Checkmark Audio. All rights reserved.,Owned by Checkmark Audio; approved for public-website use.,verified,approved,public-website,our-team,Title card introducing Richard Baca.,,,pending-human-approval,Page assignment is proposed from visible subject/filename and is not publication approval. Original source archived outside the repo in checkmark-audio-media-originals-2026-08-07.zip (Bridget's Desktop); only the optimized web copy remains in MEDIA/IMAGES. Draft alt text generated from the SEO filename/visual content; confirm against real page context before publishing.
IMG-0435,MEDIA/IMAGES/richard-w-guitar-3.jpg,MEDIA/IMAGES/richard-w-guitar-3-jpg.webp,image,richard w guitar 3,,,,,,Checkmark Audio staff,Checkmark Audio,© Checkmark Audio. All rights reserved.,Owned by Checkmark Audio; approved for public-website use.,verified,approved,public-website,our-team,Richard W. standing with an acoustic guitar in a studio portrait.,,,pending-human-approval,Page assignment is proposed from visible subject/filename and is not publication approval. Original source archived outside the repo in checkmark-audio-media-originals-2026-08-07.zip (Bridget's Desktop); only the optimized web copy remains in MEDIA/IMAGES. Draft alt text generated from the SEO filename/visual content; confirm against real page context before publishing.
IMG-0436,MEDIA/IMAGES/richard-w-guitar-3.png,MEDIA/IMAGES/richard-w-guitar-3-png.webp,image,richard w guitar 3,,,,,,Checkmark Audio staff,Checkmark Audio,© Checkmark Audio. All rights reserved.,Owned by Checkmark Audio; approved for public-website use.,verified,approved,public-website,our-team,Richard W. standing with an acoustic guitar in a studio portrait.,,,pending-human-approval,Page assignment is proposed from visible subject/filename and is not publication approval. Original source archived outside the repo in checkmark-audio-media-originals-2026-08-07.zip (Bridget's Desktop); only the optimized web copy remains in MEDIA/IMAGES. Draft alt text generated from the SEO filename/visual content; confirm against real page context before publishing.
IMG-0438,MEDIA/IMAGES/female-singer-smoke-stage-performance-view-01.jpg,MEDIA/IMAGES/female-singer-smoke-stage-performance-view-01.webp,image,singer stage smoke view 02,vocal recording,,,,,Artist (unidentified),Courtesy of the featured artist,© the featured artist. Used with permission.,"Property of the featured artist; used with permission for Checkmark Audio promotional/website purposes, per the same arrangement as other artist-supplied material. Specific artist name not confirmed.",verified,approved,public-website,artist-photography,Singer performing on stage in low light with stage smoke.,,vocal recording,pending-human-approval,Page assignment is proposed from visible subject/filename and is not publication approval. Original source archived outside the repo in checkmark-audio-media-originals-2026-08-07.zip (Bridget's Desktop); only the optimized web copy remains in MEDIA/IMAGES. Draft alt text generated from the SEO filename/visual content; confirm against real page context before publishing. Creator credit needs research (likely shot off-site or band-supplied artwork); not yet confirmed. Too ambiguous to attribute to a specific named artist; credited generically per Bridget 2026-08-08.
IMG-0439,MEDIA/IMAGES/soundcloud-logo-white.png,MEDIA/IMAGES/soundcloud-logo-white.webp,image,soundcloud logo white,,,,,,not-applicable,,© Checkmark Audio. All rights reserved.,,third-party-review-required,not-applicable,public-website,sitewide-logo,,,,pending-human-approval,Third-party mark or source requires rights review. Original source archived outside the repo in checkmark-audio-media-originals-2026-08-07.zip (Bridget's Desktop); only the optimized web copy remains in MEDIA/IMAGES.
IMG-0444,MEDIA/IMAGES/studio-a-guitar-mural-hallway.jpg,MEDIA/IMAGES/studio-a-guitar-mural-hallway.webp,image,studio a guitar mural hallway,recording studio,Studio A,,,,Checkmark Audio staff,Checkmark Audio,© Checkmark Audio. All rights reserved.,Owned by Checkmark Audio; approved for public-website use.,verified,not-applicable,public-website,studio-a,Studio A lounge with guitar and drum mural artwork.,,recording studio; Studio A,pending-human-approval,Page assignment is proposed from visible subject/filename and is not publication approval. Original source archived outside the repo in checkmark-audio-media-originals-2026-08-07.zip (Bridget's Desktop); only the optimized web copy remains in MEDIA/IMAGES. Draft alt text generated from the SEO filename/visual content; confirm against real page context before publishing.
IMG-0464,MEDIA/IMAGES/studio-compressor-rack-close-up-view-02.jpg,MEDIA/IMAGES/studio-compressor-rack-close-up-view-02.webp,image,studio audio controls close up,recording studio,Studio A,,,,Checkmark Audio staff,Checkmark Audio,© Checkmark Audio. All rights reserved.,Owned by Checkmark Audio; approved for public-website use.,verified,not-applicable,public-website,studio-a,Close-up of the outboard compressor rack at Checkmark Audio.,,recording studio; Studio A,pending-human-approval,Page assignment is proposed from visible subject/filename and is not publication approval. Original source archived outside the repo in checkmark-audio-media-originals-2026-08-07.zip (Bridget's Desktop); only the optimized web copy remains in MEDIA/IMAGES. Draft alt text generated from the SEO filename/visual content; confirm against real page context before publishing.
IMG-0468,MEDIA/IMAGES/studio-b-drum-recording-setup.jpg,MEDIA/IMAGES/studio-b-drum-recording-setup.webp,image,studio b drum recording setup,band recording,Studio B,,,,Checkmark Audio staff,Checkmark Audio,© Checkmark Audio. All rights reserved.,Owned by Checkmark Audio; approved for public-website use.,verified,not-applicable,public-website,studio-b,Drum kit set up for recording in Studio B at Checkmark Audio.,,band recording; Studio B,pending-human-approval,Page assignment is proposed from visible subject/filename and is not publication approval. Original source archived outside the repo in checkmark-audio-media-originals-2026-08-07.zip (Bridget's Desktop); only the optimized web copy remains in MEDIA/IMAGES. Draft alt text generated from the SEO filename/visual content; confirm against real page context before publishing.
IMG-0473,MEDIA/IMAGES/studio-b-instrument-room-black-and-white.jpg,MEDIA/IMAGES/studio-b-instrument-room-black-and-white.webp,image,studio b instrument room black and white,recording studio,Studio B,,,,Checkmark Audio staff,Checkmark Audio,© Checkmark Audio. All rights reserved.,Owned by Checkmark Audio; approved for public-website use.,verified,not-applicable,public-website,studio-b,Studio B instrument room wall with guitars and microphone at Checkmark Audio.,,recording studio; Studio B,pending-human-approval,Page assignment is proposed from visible subject/filename and is not publication approval. Original source archived outside the repo in checkmark-audio-media-originals-2026-08-07.zip (Bridget's Desktop); only the optimized web copy remains in MEDIA/IMAGES. Draft alt text generated from the SEO filename/visual content; confirm against real page context before publishing.
IMG-0477,MEDIA/IMAGES/studio-b-control-room-desk-synth-view-02.jpg,MEDIA/IMAGES/studio-b-control-room-desk-synth-view-02.webp,image,studio b music production workstation,music production,Studio B,,,,Checkmark Audio staff,Checkmark Audio,© Checkmark Audio. All rights reserved.,Owned by Checkmark Audio; approved for public-website use.,verified,not-applicable,public-website,studio-b,Studio B control room desk with synthesizer at Checkmark Audio.,,music production; Studio B,pending-human-approval,Page assignment is proposed from visible subject/filename and is not publication approval. Original source archived outside the repo in checkmark-audio-media-originals-2026-08-07.zip (Bridget's Desktop); only the optimized web copy remains in MEDIA/IMAGES. Draft alt text generated from the SEO filename/visual content; confirm against real page context before publishing.
IMG-0480,MEDIA/IMAGES/studio-b-vocal-booth-blue-light-view-03.jpg,MEDIA/IMAGES/studio-b-vocal-booth-blue-light-view-03.webp,image,studio b vocal booth blue light view 03,vocal recording,Studio B,,,,Checkmark Audio staff,Checkmark Audio,© Checkmark Audio. All rights reserved.,Owned by Checkmark Audio; approved for public-website use.,verified,not-applicable,public-website,studio-b,"Studio B vocal booth interior, lit in blue stage lighting, at Checkmark Audio.",,vocal recording; Studio B,pending-human-approval,Page assignment is proposed from visible subject/filename and is not publication approval. Original source archived outside the repo in checkmark-audio-media-originals-2026-08-07.zip (Bridget's Desktop); only the optimized web copy remains in MEDIA/IMAGES. Draft alt text generated from the SEO filename/visual content; confirm against real page context before publishing.
IMG-0481,MEDIA/IMAGES/studio-b-vocal-booth-blue-light-view-04.jpg,MEDIA/IMAGES/studio-b-vocal-booth-blue-light-view-04.webp,image,studio b vocal booth blue light view 04,vocal recording,Studio B,,,,Checkmark Audio staff,Checkmark Audio,© Checkmark Audio. All rights reserved.,Owned by Checkmark Audio; approved for public-website use.,verified,not-applicable,public-website,studio-b,"Studio B vocal booth interior, lit in blue stage lighting, at Checkmark Audio.",,vocal recording; Studio B,pending-human-approval,Page assignment is proposed from visible subject/filename and is not publication approval. Original source archived outside the repo in checkmark-audio-media-originals-2026-08-07.zip (Bridget's Desktop); only the optimized web copy remains in MEDIA/IMAGES. Draft alt text generated from the SEO filename/visual content; confirm against real page context before publishing.
IMG-0484,MEDIA/IMAGES/studio-b-instrument-room-view-02.jpg,MEDIA/IMAGES/studio-b-instrument-room-view-02.webp,image,studio b vocal booth checkmark audio,vocal recording,Studio B,,,,Checkmark Audio staff,Checkmark Audio,© Checkmark Audio. All rights reserved.,Owned by Checkmark Audio; approved for public-website use.,verified,not-applicable,public-website,studio-b,Studio B instrument room wall with guitars and microphone at Checkmark Audio.,,vocal recording; Studio B,pending-human-approval,Page assignment is proposed from visible subject/filename and is not publication approval. Original source archived outside the repo in checkmark-audio-media-originals-2026-08-07.zip (Bridget's Desktop); only the optimized web copy remains in MEDIA/IMAGES. Draft alt text generated from the SEO filename/visual content; confirm against real page context before publishing.
IMG-0486,MEDIA/IMAGES/studio-b-vocal-booth-green-light-view-03.jpg,MEDIA/IMAGES/studio-b-vocal-booth-green-light-view-03.webp,image,studio b vocal booth green light view 03,vocal recording,Studio B,,,,Checkmark Audio staff,Checkmark Audio,© Checkmark Audio. All rights reserved.,Owned by Checkmark Audio; approved for public-website use.,verified,not-applicable,public-website,studio-b,"Studio B vocal booth interior, lit in green stage lighting, at Checkmark Audio.",,vocal recording; Studio B,pending-human-approval,Page assignment is proposed from visible subject/filename and is not publication approval. Original source archived outside the repo in checkmark-audio-media-originals-2026-08-07.zip (Bridget's Desktop); only the optimized web copy remains in MEDIA/IMAGES. Draft alt text generated from the SEO filename/visual content; confirm against real page context before publishing.
IMG-0487,MEDIA/IMAGES/studio-b-vocal-booth-green-light.jpg,MEDIA/IMAGES/studio-b-vocal-booth-green-light.webp,image,studio b vocal booth green light,vocal recording,Studio B,,,,Checkmark Audio staff,Checkmark Audio,© Checkmark Audio. All rights reserved.,Owned by Checkmark Audio; approved for public-website use.,verified,not-applicable,public-website,studio-b,"Studio B vocal booth interior, lit in green stage lighting, at Checkmark Audio.",,vocal recording; Studio B,pending-human-approval,Page assignment is proposed from visible subject/filename and is not publication approval. Original source archived outside the repo in checkmark-audio-media-originals-2026-08-07.zip (Bridget's Desktop); only the optimized web copy remains in MEDIA/IMAGES. Draft alt text generated from the SEO filename/visual content; confirm against real page context before publishing.
IMG-0489,MEDIA/IMAGES/vocal-booth-microphone-teal-light-view-03.jpg,MEDIA/IMAGES/vocal-booth-microphone-teal-light-view-03.webp,image,studio b vocal booth microphone,vocal recording,Studio B,,,,Checkmark Audio staff,Checkmark Audio,© Checkmark Audio. All rights reserved.,Owned by Checkmark Audio; approved for public-website use.,verified,not-applicable,public-website,studio-b,Studio microphone in the vocal booth lit in teal stage lighting at Checkmark Audio.,,vocal recording; Studio B,pending-human-approval,Page assignment is proposed from visible subject/filename and is not publication approval. Original source archived outside the repo in checkmark-audio-media-originals-2026-08-07.zip (Bridget's Desktop); only the optimized web copy remains in MEDIA/IMAGES. Draft alt text generated from the SEO filename/visual content; confirm against real page context before publishing.
IMG-0490,MEDIA/IMAGES/studio-b-vocal-booth-red-light-view-02.jpg,MEDIA/IMAGES/studio-b-vocal-booth-red-light-view-02.webp,image,studio b vocal booth red light view 02,vocal recording,Studio B,,,,Checkmark Audio staff,Checkmark Audio,© Checkmark Audio. All rights reserved.,Owned by Checkmark Audio; approved for public-website use.,verified,not-applicable,public-website,studio-b,"Studio B vocal booth interior, lit in red stage lighting, at Checkmark Audio.",,vocal recording; Studio B,pending-human-approval,Page assignment is proposed from visible subject/filename and is not publication approval. Original source archived outside the repo in checkmark-audio-media-originals-2026-08-07.zip (Bridget's Desktop); only the optimized web copy remains in MEDIA/IMAGES. Draft alt text generated from the SEO filename/visual content; confirm against real page context before publishing.
IMG-0491,MEDIA/IMAGES/studio-b-vocal-booth-red-light-view-03.jpg,MEDIA/IMAGES/studio-b-vocal-booth-red-light-view-03.webp,image,studio b vocal booth red light view 03,vocal recording,Studio B,,,,Checkmark Audio staff,Checkmark Audio,© Checkmark Audio. All rights reserved.,Owned by Checkmark Audio; approved for public-website use.,verified,not-applicable,public-website,studio-b,"Studio B vocal booth interior, lit in red stage lighting, at Checkmark Audio.",,vocal recording; Studio B,pending-human-approval,Page assignment is proposed from visible subject/filename and is not publication approval. Original source archived outside the repo in checkmark-audio-media-originals-2026-08-07.zip (Bridget's Desktop); only the optimized web copy remains in MEDIA/IMAGES. Draft alt text generated from the SEO filename/visual content; confirm against real page context before publishing.
IMG-0492,MEDIA/IMAGES/studio-b-vocal-booth-red-light.jpg,MEDIA/IMAGES/studio-b-vocal-booth-red-light.webp,image,studio b vocal booth red light,vocal recording,Studio B,,,,Checkmark Audio staff,Checkmark Audio,© Checkmark Audio. All rights reserved.,Owned by Checkmark Audio; approved for public-website use.,verified,not-applicable,public-website,studio-b,"Studio B vocal booth interior, lit in red stage lighting, at Checkmark Audio.",,vocal recording; Studio B,pending-human-approval,Page assignment is proposed from visible subject/filename and is not publication approval. Original source archived outside the repo in checkmark-audio-media-originals-2026-08-07.zip (Bridget's Desktop); only the optimized web copy remains in MEDIA/IMAGES. Draft alt text generated from the SEO filename/visual content; confirm against real page context before publishing.
IMG-0495,MEDIA/IMAGES/studio-blue-cable-rack.png,MEDIA/IMAGES/studio-blue-cable-rack.webp,image,studio blue cable rack,recording studio,Studio B,,,,Checkmark Audio staff,Checkmark Audio,© Checkmark Audio. All rights reserved.,Owned by Checkmark Audio; approved for public-website use.,verified,not-applicable,public-website,studio-a,Close-up of studio patch cables.,,recording studio; Studio B,duplicate-preferred-candidate,Page assignment is proposed from visible subject/filename and is not publication approval. Exact duplicate group DUP-096; proposed keeper based on active reference/name clarity. Original source archived outside the repo in checkmark-audio-media-originals-2026-08-07.zip (Bridget's Desktop); only the optimized web copy remains in MEDIA/IMAGES. Draft alt text generated from the SEO filename/visual content; confirm against real page context before publishing.
IMG-0497,MEDIA/IMAGES/studio-compressor-rack-close-up-view-03.jpg,MEDIA/IMAGES/studio-compressor-rack-close-up-view-03.webp,image,studio compressor rack close up view 03,mixing and mastering,,,,,Checkmark Audio staff,Checkmark Audio,© Checkmark Audio. All rights reserved.,Owned by Checkmark Audio; approved for public-website use.,verified,not-applicable,public-website,studio-a,Close-up of the outboard compressor rack at Checkmark Audio.,,mixing and mastering,pending-human-approval,Page assignment is proposed from visible subject/filename and is not publication approval. Original source archived outside the repo in checkmark-audio-media-originals-2026-08-07.zip (Bridget's Desktop); only the optimized web copy remains in MEDIA/IMAGES. Draft alt text generated from the SEO filename/visual content; confirm against real page context before publishing.
IMG-0498,MEDIA/IMAGES/studio-compressor-rack-close-up-view-04.jpg,MEDIA/IMAGES/studio-compressor-rack-close-up-view-04.webp,image,studio compressor rack close up view 04,mixing and mastering,,,,,Checkmark Audio staff,Checkmark Audio,© Checkmark Audio. All rights reserved.,Owned by Checkmark Audio; approved for public-website use.,verified,not-applicable,public-website,studio-a,Close-up of the outboard compressor rack at Checkmark Audio.,,mixing and mastering,pending-human-approval,Page assignment is proposed from visible subject/filename and is not publication approval. Original source archived outside the repo in checkmark-audio-media-originals-2026-08-07.zip (Bridget's Desktop); only the optimized web copy remains in MEDIA/IMAGES. Draft alt text generated from the SEO filename/visual content; confirm against real page context before publishing.
IMG-0499,MEDIA/IMAGES/checkmark-audio-music-studio-equipment-view-07.jpg,MEDIA/IMAGES/checkmark-audio-music-studio-equipment-view-07.webp,image,studio compressor rack close up,mixing and mastering,,,,,Checkmark Audio staff,Checkmark Audio,© Checkmark Audio. All rights reserved.,Owned by Checkmark Audio; approved for public-website use.,verified,not-applicable,public-website,studio-a,Close-up of the outboard compressor rack at Checkmark Audio.,,mixing and mastering,pending-human-approval,Page assignment is proposed from visible subject/filename and is not publication approval. Original source archived outside the repo in checkmark-audio-media-originals-2026-08-07.zip (Bridget's Desktop); only the optimized web copy remains in MEDIA/IMAGES. Draft alt text generated from the SEO filename/visual content; confirm against real page context before publishing.
IMG-0500,MEDIA/IMAGES/control-room-speaker-mural-view-01.jpg,MEDIA/IMAGES/control-room-speaker-mural-view-01.webp,image,studio control room speakers and desk,recording studio,Control room,,,,Checkmark Audio staff,Checkmark Audio,© Checkmark Audio. All rights reserved.,Owned by Checkmark Audio; approved for public-website use.,verified,not-applicable,public-website,studio-a,Control room monitors with mural artwork on the wall at Checkmark Audio.,,recording studio; Control room,pending-human-approval,Page assignment is proposed from visible subject/filename and is not publication approval. Original source archived outside the repo in checkmark-audio-media-originals-2026-08-07.zip (Bridget's Desktop); only the optimized web copy remains in MEDIA/IMAGES. Draft alt text generated from the SEO filename/visual content; confirm against real page context before publishing.
IMG-0501,MEDIA/IMAGES/studio-control-room-workstation.jpg,MEDIA/IMAGES/studio-control-room-workstation.webp,image,studio control room workstation,music production,Control room,,,,Checkmark Audio staff,Checkmark Audio,© Checkmark Audio. All rights reserved.,Owned by Checkmark Audio; approved for public-website use.,verified,not-applicable,public-website,studio-a,"Control room workstation, dimly lit, at Checkmark Audio.",,music production; Control room,pending-human-approval,Page assignment is proposed from visible subject/filename and is not publication approval. Original source archived outside the repo in checkmark-audio-media-originals-2026-08-07.zip (Bridget's Desktop); only the optimized web copy remains in MEDIA/IMAGES. Draft alt text generated from the SEO filename/visual content; confirm against real page context before publishing.
IMG-0504,MEDIA/IMAGES/studio-hallway-musician-mural-view-04.jpg,MEDIA/IMAGES/studio-hallway-musician-mural-view-04.webp,image,studio hallway musician mural view 04,recording studio,,,,,Checkmark Audio staff,Checkmark Audio,© Checkmark Audio. All rights reserved.,Owned by Checkmark Audio; approved for public-website use.,verified,approved,public-website,studio-a,Studio hallway with musician mural artwork.,,recording studio,pending-human-approval,Page assignment is proposed from visible subject/filename and is not publication approval. Original source archived outside the repo in checkmark-audio-media-originals-2026-08-07.zip (Bridget's Desktop); only the optimized web copy remains in MEDIA/IMAGES. Draft alt text generated from the SEO filename/visual content; confirm against real page context before publishing.
IMG-0509,MEDIA/IMAGES/studio-microphone-and-sign.jpg,MEDIA/IMAGES/studio-microphone-and-sign.webp,image,studio microphone and sign,recording studio,,,,,Checkmark Audio staff,Checkmark Audio,© Checkmark Audio. All rights reserved.,Owned by Checkmark Audio; approved for public-website use.,verified,not-applicable,public-website,studio-a,Studio microphone next to the Checkmark Audio sign.,,recording studio,pending-human-approval,Page assignment is proposed from visible subject/filename and is not publication approval. Original source archived outside the repo in checkmark-audio-media-originals-2026-08-07.zip (Bridget's Desktop); only the optimized web copy remains in MEDIA/IMAGES. Draft alt text generated from the SEO filename/visual content; confirm against real page context before publishing.
IMG-0513,MEDIA/IMAGES/studio-patch-bay-and-rack-gear-view-02.jpg,MEDIA/IMAGES/studio-patch-bay-and-rack-gear-view-02.webp,image,studio patch bay and rack gear view 02,recording studio,,,,,Checkmark Audio staff,Checkmark Audio,© Checkmark Audio. All rights reserved.,Owned by Checkmark Audio; approved for public-website use.,verified,not-applicable,public-website,studio-a,Studio patch bay and rack gear at Checkmark Audio.,,recording studio,pending-human-approval,Page assignment is proposed from visible subject/filename and is not publication approval. Original source archived outside the repo in checkmark-audio-media-originals-2026-08-07.zip (Bridget's Desktop); only the optimized web copy remains in MEDIA/IMAGES. Draft alt text generated from the SEO filename/visual content; confirm against real page context before publishing.
IMG-0514,MEDIA/IMAGES/studio-patch-bay-and-rack-gear.jpg,MEDIA/IMAGES/studio-patch-bay-and-rack-gear.webp,image,studio patch bay and rack gear,recording studio,,,,,Checkmark Audio staff,Checkmark Audio,© Checkmark Audio. All rights reserved.,Owned by Checkmark Audio; approved for public-website use.,verified,not-applicable,public-website,studio-a,Studio patch bay and rack gear at Checkmark Audio.,,recording studio,pending-human-approval,Page assignment is proposed from visible subject/filename and is not publication approval. Original source archived outside the repo in checkmark-audio-media-originals-2026-08-07.zip (Bridget's Desktop); only the optimized web copy remains in MEDIA/IMAGES. Draft alt text generated from the SEO filename/visual content; confirm against real page context before publishing.
IMG-0515,MEDIA/IMAGES/studio-rack-gear-meters-view-02.jpg,MEDIA/IMAGES/studio-rack-gear-meters-view-02.webp,image,studio rack gear meters view 02,recording studio,,,,,Checkmark Audio staff,Checkmark Audio,© Checkmark Audio. All rights reserved.,Owned by Checkmark Audio; approved for public-website use.,verified,not-applicable,public-website,studio-a,Outboard rack gear meters at Checkmark Audio.,,recording studio,pending-human-approval,Page assignment is proposed from visible subject/filename and is not publication approval. Original source archived outside the repo in checkmark-audio-media-originals-2026-08-07.zip (Bridget's Desktop); only the optimized web copy remains in MEDIA/IMAGES. Draft alt text generated from the SEO filename/visual content; confirm against real page context before publishing.
IMG-0516,MEDIA/IMAGES/studio-rack-gear-meters.jpg,MEDIA/IMAGES/studio-rack-gear-meters.webp,image,studio rack gear meters,recording studio,,,,,Checkmark Audio staff,Checkmark Audio,© Checkmark Audio. All rights reserved.,Owned by Checkmark Audio; approved for public-website use.,verified,not-applicable,public-website,studio-a,Outboard rack gear meters at Checkmark Audio.,,recording studio,pending-human-approval,Page assignment is proposed from visible subject/filename and is not publication approval. Original source archived outside the repo in checkmark-audio-media-originals-2026-08-07.zip (Bridget's Desktop); only the optimized web copy remains in MEDIA/IMAGES. Draft alt text generated from the SEO filename/visual content; confirm against real page context before publishing.
IMG-0518,MEDIA/IMAGES/studio-team-casual-group-photo.jpg,MEDIA/IMAGES/studio-team-casual-group-photo.webp,image,studio team casual group photo,recording studio,,,,,Checkmark Audio staff,Checkmark Audio,© Checkmark Audio. All rights reserved.,Owned by Checkmark Audio; approved for public-website use.,verified,approved,public-website,our-team,Group portrait of the Checkmark Audio studio team.,,recording studio,pending-human-approval,Page assignment is proposed from visible subject/filename and is not publication approval. Original source archived outside the repo in checkmark-audio-media-originals-2026-08-07.zip (Bridget's Desktop); only the optimized web copy remains in MEDIA/IMAGES. Draft alt text generated from the SEO filename/visual content; confirm against real page context before publishing.
IMG-0520,MEDIA/IMAGES/studio-team-group-portrait.jpg,MEDIA/IMAGES/studio-team-group-portrait.webp,image,studio team group portrait,recording studio,,,,,Checkmark Audio staff,Checkmark Audio,© Checkmark Audio. All rights reserved.,Owned by Checkmark Audio; approved for public-website use.,verified,approved,public-website,our-team,Group portrait of the Checkmark Audio studio team.,,recording studio,pending-human-approval,Page assignment is proposed from visible subject/filename and is not publication approval. Original source archived outside the repo in checkmark-audio-media-originals-2026-08-07.zip (Bridget's Desktop); only the optimized web copy remains in MEDIA/IMAGES. Draft alt text generated from the SEO filename/visual content; confirm against real page context before publishing.
IMG-0523,MEDIA/IMAGES/studio-waiting-area-red-wall-view-04.jpg,MEDIA/IMAGES/studio-waiting-area-red-wall-view-04.webp,image,studio waiting area red wall view 04,recording studio,Waiting area / lounge,,,,Checkmark Audio staff,Checkmark Audio,© Checkmark Audio. All rights reserved.,Owned by Checkmark Audio; approved for public-website use.,verified,not-applicable,public-website,studio-a,Studio waiting area with a red accent wall.,,recording studio; Waiting area / lounge,pending-human-approval,Page assignment is proposed from visible subject/filename and is not publication approval. Original source archived outside the repo in checkmark-audio-media-originals-2026-08-07.zip (Bridget's Desktop); only the optimized web copy remains in MEDIA/IMAGES. Draft alt text generated from the SEO filename/visual content; confirm against real page context before publishing.
IMG-0525,MEDIA/IMAGES/studio-waiting-area-red-wall.jpg,MEDIA/IMAGES/studio-waiting-area-red-wall.webp,image,studio waiting area red wall,recording studio,Waiting area / lounge,,,,Checkmark Audio staff,Checkmark Audio,© Checkmark Audio. All rights reserved.,Owned by Checkmark Audio; approved for public-website use.,verified,not-applicable,public-website,studio-a,Studio waiting area with a red accent wall.,,recording studio; Waiting area / lounge,pending-human-approval,Page assignment is proposed from visible subject/filename and is not publication approval. Original source archived outside the repo in checkmark-audio-media-originals-2026-08-07.zip (Bridget's Desktop); only the optimized web copy remains in MEDIA/IMAGES. Draft alt text generated from the SEO filename/visual content; confirm against real page context before publishing.
IMG-0527,MEDIA/IMAGES/studio-waiting-room-tv-and-acoustic-panels.jpg,MEDIA/IMAGES/studio-waiting-room-tv-and-acoustic-panels.webp,image,studio waiting room tv and acoustic panels,recording studio,Waiting area / lounge,,,,Checkmark Audio staff,Checkmark Audio,© Checkmark Audio. All rights reserved.,Owned by Checkmark Audio; approved for public-website use.,verified,not-applicable,public-website,studio-a,Studio waiting room with TV and acoustic treatment panels.,,recording studio; Waiting area / lounge,pending-human-approval,Page assignment is proposed from visible subject/filename and is not publication approval. Original source archived outside the repo in checkmark-audio-media-originals-2026-08-07.zip (Bridget's Desktop); only the optimized web copy remains in MEDIA/IMAGES. Draft alt text generated from the SEO filename/visual content; confirm against real page context before publishing.
IMG-0529,MEDIA/IMAGES/studio-window-vocal-booth.jpg,MEDIA/IMAGES/studio-window-vocal-booth.webp,image,studio window vocal booth,vocal recording,Vocal booth,,,,Checkmark Audio staff,Checkmark Audio,© Checkmark Audio. All rights reserved.,Owned by Checkmark Audio; approved for public-website use.,verified,not-applicable,public-website,studio-b,Vocal booth seen through the studio window.,,vocal recording; Vocal booth,pending-human-approval,Page assignment is proposed from visible subject/filename and is not publication approval. Original source archived outside the repo in checkmark-audio-media-originals-2026-08-07.zip (Bridget's Desktop); only the optimized web copy remains in MEDIA/IMAGES. Draft alt text generated from the SEO filename/visual content; confirm against real page context before publishing.
IMG-0531,MEDIA/IMAGES/synth-keyboards-view-03.jpg,MEDIA/IMAGES/synth-keyboards-view-03.webp,image,synth keyboards view 03,music production,,,,,Checkmark Audio staff,Checkmark Audio,© Checkmark Audio. All rights reserved.,Owned by Checkmark Audio; approved for public-website use.,verified,not-applicable,public-website,studio-a,Synthesizers and keyboards at Checkmark Audio.,,music production,pending-human-approval,Page assignment is proposed from visible subject/filename and is not publication approval. Original source archived outside the repo in checkmark-audio-media-originals-2026-08-07.zip (Bridget's Desktop); only the optimized web copy remains in MEDIA/IMAGES. Draft alt text generated from the SEO filename/visual content; confirm against real page context before publishing.
IMG-0532,MEDIA/IMAGES/team-member-blue-shirt-headshot.jpg,MEDIA/IMAGES/team-member-blue-shirt-headshot.webp,image,team member blue shirt headshot,,,,,,Checkmark Audio staff,Checkmark Audio,© Checkmark Audio. All rights reserved.,Owned by Checkmark Audio; approved for public-website use.,verified,approved,public-website,our-team,Studio headshot of a Checkmark Audio team member.,,,pending-human-approval,Page assignment is proposed from visible subject/filename and is not publication approval. Original source archived outside the repo in checkmark-audio-media-originals-2026-08-07.zip (Bridget's Desktop); only the optimized web copy remains in MEDIA/IMAGES. Draft alt text generated from the SEO filename/visual content; confirm against real page context before publishing.
IMG-0538,MEDIA/IMAGES/top-pro-awards-logo.jpg,MEDIA/IMAGES/top-pro-awards-logo.webp,image,top pro awards logo,,,,,,not-applicable,,© Checkmark Audio. All rights reserved.,,third-party-review-required,not-applicable,public-website,home,Top Pro Awards logo.,,,pending-human-approval,Third-party mark or source requires rights review. Original source archived outside the repo in checkmark-audio-media-originals-2026-08-07.zip (Bridget's Desktop); only the optimized web copy remains in MEDIA/IMAGES. Draft alt text generated from the SEO filename/visual content; confirm against real page context before publishing.
IMG-0540,MEDIA/IMAGES/twitter-bird-logo-white.png,MEDIA/IMAGES/twitter-bird-logo-white.webp,image,twitter bird logo white,,,,,,not-applicable,,© Checkmark Audio. All rights reserved.,,third-party-review-required,not-applicable,public-website,sitewide-logo,,,,pending-human-approval,Third-party mark or source requires rights review. Original source archived outside the repo in checkmark-audio-media-originals-2026-08-07.zip (Bridget's Desktop); only the optimized web copy remains in MEDIA/IMAGES.
IMG-0541,MEDIA/IMAGES/richard-baca-and-marz-studio-session-view-02.jpg,MEDIA/IMAGES/richard-baca-and-marz-studio-session-view-02.webp,image,two engineers control room,recording studio,Control room,,,,Checkmark Audio staff,Checkmark Audio,© Checkmark Audio. All rights reserved.,Owned by Checkmark Audio; approved for public-website use.,verified,approved,public-website,our-team,Richard Baca and Marz working together in the control room at Checkmark Audio.,,recording studio; Control room,pending-human-approval,Page assignment is proposed from visible subject/filename and is not publication approval. Original source archived outside the repo in checkmark-audio-media-originals-2026-08-07.zip (Bridget's Desktop); only the optimized web copy remains in MEDIA/IMAGES. Draft alt text generated from the SEO filename/visual content; confirm against real page context before publishing.
IMG-0543,MEDIA/IMAGES/two-people-control-room-view-03.jpg,MEDIA/IMAGES/two-people-control-room-view-03.webp,image,two people control room view 03,recording studio,Control room,,,,Checkmark Audio staff,Checkmark Audio,© Checkmark Audio. All rights reserved.,Owned by Checkmark Audio; approved for public-website use.,verified,approved,public-website,our-team,Two engineers working together in the control room at Checkmark Audio.,,recording studio; Control room,pending-human-approval,Page assignment is proposed from visible subject/filename and is not publication approval. Original source archived outside the repo in checkmark-audio-media-originals-2026-08-07.zip (Bridget's Desktop); only the optimized web copy remains in MEDIA/IMAGES. Draft alt text generated from the SEO filename/visual content; confirm against real page context before publishing.
IMG-0544,MEDIA/IMAGES/two-people-control-room.jpg,MEDIA/IMAGES/two-people-control-room.webp,image,two people control room,recording studio,Control room,,,,Checkmark Audio staff,Checkmark Audio,© Checkmark Audio. All rights reserved.,Owned by Checkmark Audio; approved for public-website use.,verified,approved,public-website,our-team,Two engineers working together in the control room at Checkmark Audio.,,recording studio; Control room,pending-human-approval,Page assignment is proposed from visible subject/filename and is not publication approval. Original source archived outside the repo in checkmark-audio-media-originals-2026-08-07.zip (Bridget's Desktop); only the optimized web copy remains in MEDIA/IMAGES. Draft alt text generated from the SEO filename/visual content; confirm against real page context before publishing.
IMG-0546,MEDIA/IMAGES/upright-piano-black-and-white-wide.jpg,MEDIA/IMAGES/upright-piano-black-and-white-wide.webp,image,upright piano black and white wide,,,,,,Checkmark Audio staff,Checkmark Audio,© Checkmark Audio. All rights reserved.,Owned by Checkmark Audio; approved for public-website use.,verified,not-applicable,public-website,studio-a,Upright piano in the studio.,,,pending-human-approval,Page assignment is proposed from visible subject/filename and is not publication approval. Original source archived outside the repo in checkmark-audio-media-originals-2026-08-07.zip (Bridget's Desktop); only the optimized web copy remains in MEDIA/IMAGES. Draft alt text generated from the SEO filename/visual content; confirm against real page context before publishing.
IMG-0549,MEDIA/IMAGES/vocal-booth-artist-back-green-light-view-01.jpg,MEDIA/IMAGES/vocal-booth-artist-back-green-light-view-01.webp,image,vocal booth artist back 02,vocal recording,Vocal booth,,,,Checkmark Audio staff,Checkmark Audio,© Checkmark Audio. All rights reserved.,Owned by Checkmark Audio; approved for public-website use.,verified,approved,public-website,studio-b,"Artist recording in the vocal booth, seen from behind, under green lighting, at Checkmark Audio.",,vocal recording; Vocal booth,pending-human-approval,Page assignment is proposed from visible subject/filename and is not publication approval. Original source archived outside the repo in checkmark-audio-media-originals-2026-08-07.zip (Bridget's Desktop); only the optimized web copy remains in MEDIA/IMAGES. Draft alt text generated from the SEO filename/visual content; confirm against real page context before publishing.
IMG-0551,MEDIA/IMAGES/vocal-booth-artist-back-purple-light-view-01.jpg,MEDIA/IMAGES/vocal-booth-artist-back-purple-light-view-01.webp,image,vocal booth artist back view 03,vocal recording,Vocal booth,,,,Checkmark Audio staff,Checkmark Audio,© Checkmark Audio. All rights reserved.,Owned by Checkmark Audio; approved for public-website use.,verified,approved,public-website,studio-b,"Artist recording in the vocal booth, seen from behind, under purple lighting, at Checkmark Audio.",,vocal recording; Vocal booth,pending-human-approval,Page assignment is proposed from visible subject/filename and is not publication approval. Original source archived outside the repo in checkmark-audio-media-originals-2026-08-07.zip (Bridget's Desktop); only the optimized web copy remains in MEDIA/IMAGES. Draft alt text generated from the SEO filename/visual content; confirm against real page context before publishing.
IMG-0552,MEDIA/IMAGES/vocal-booth-artist-back-purple-light-view-02.jpg,MEDIA/IMAGES/vocal-booth-artist-back-purple-light-view-02.webp,image,vocal booth artist back,vocal recording,Vocal booth,,,,Checkmark Audio staff,Checkmark Audio,© Checkmark Audio. All rights reserved.,Owned by Checkmark Audio; approved for public-website use.,verified,approved,public-website,studio-b,"Artist recording in the vocal booth, seen from behind, under purple lighting, at Checkmark Audio.",,vocal recording; Vocal booth,pending-human-approval,Page assignment is proposed from visible subject/filename and is not publication approval. Original source archived outside the repo in checkmark-audio-media-originals-2026-08-07.zip (Bridget's Desktop); only the optimized web copy remains in MEDIA/IMAGES. Draft alt text generated from the SEO filename/visual content; confirm against real page context before publishing.
IMG-0554,MEDIA/IMAGES/vocal-booth-microphone-blue-green-light.jpg,MEDIA/IMAGES/vocal-booth-microphone-blue-green-light.webp,image,vocal booth microphone blue green light,vocal recording,Vocal booth,,,,Checkmark Audio staff,Checkmark Audio,© Checkmark Audio. All rights reserved.,Owned by Checkmark Audio; approved for public-website use.,verified,not-applicable,public-website,studio-b,Studio microphone in the vocal booth lit in blue-green stage lighting at Checkmark Audio.,,vocal recording; Vocal booth,pending-human-approval,Page assignment is proposed from visible subject/filename and is not publication approval. Original source archived outside the repo in checkmark-audio-media-originals-2026-08-07.zip (Bridget's Desktop); only the optimized web copy remains in MEDIA/IMAGES. Draft alt text generated from the SEO filename/visual content; confirm against real page context before publishing.
IMG-0556,MEDIA/IMAGES/vocal-booth-microphone-blue-light-view-03.jpg,MEDIA/IMAGES/vocal-booth-microphone-blue-light-view-03.webp,image,vocal booth microphone blue light view 03,vocal recording,Vocal booth,,,,Checkmark Audio staff,Checkmark Audio,© Checkmark Audio. All rights reserved.,Owned by Checkmark Audio; approved for public-website use.,verified,not-applicable,public-website,studio-b,Studio microphone in the vocal booth lit in blue stage lighting at Checkmark Audio.,,vocal recording; Vocal booth,pending-human-approval,Page assignment is proposed from visible subject/filename and is not publication approval. Original source archived outside the repo in checkmark-audio-media-originals-2026-08-07.zip (Bridget's Desktop); only the optimized web copy remains in MEDIA/IMAGES. Draft alt text generated from the SEO filename/visual content; confirm against real page context before publishing.
IMG-0559,MEDIA/IMAGES/vocal-booth-microphone-blue-light-view-06.jpg,MEDIA/IMAGES/vocal-booth-microphone-blue-light-view-06.webp,image,vocal booth microphone blue light view 06,vocal recording,Vocal booth,,,,Checkmark Audio staff,Checkmark Audio,© Checkmark Audio. All rights reserved.,Owned by Checkmark Audio; approved for public-website use.,verified,not-applicable,public-website,studio-b,Studio microphone in the vocal booth lit in blue stage lighting at Checkmark Audio.,,vocal recording; Vocal booth,pending-human-approval,Page assignment is proposed from visible subject/filename and is not publication approval. Original source archived outside the repo in checkmark-audio-media-originals-2026-08-07.zip (Bridget's Desktop); only the optimized web copy remains in MEDIA/IMAGES. Draft alt text generated from the SEO filename/visual content; confirm against real page context before publishing.
IMG-0560,MEDIA/IMAGES/vocal-booth-microphone-blue-light-view-07.jpg,MEDIA/IMAGES/vocal-booth-microphone-blue-light-view-07.webp,image,vocal booth microphone blue light view 07,vocal recording,Vocal booth,,,,Checkmark Audio staff,Checkmark Audio,© Checkmark Audio. All rights reserved.,Owned by Checkmark Audio; approved for public-website use.,verified,not-applicable,public-website,studio-b,Studio microphone in the vocal booth lit in blue stage lighting at Checkmark Audio.,,vocal recording; Vocal booth,pending-human-approval,Page assignment is proposed from visible subject/filename and is not publication approval. Original source archived outside the repo in checkmark-audio-media-originals-2026-08-07.zip (Bridget's Desktop); only the optimized web copy remains in MEDIA/IMAGES. Draft alt text generated from the SEO filename/visual content; confirm against real page context before publishing.
IMG-0563,MEDIA/IMAGES/vocal-booth-microphone-blue-light-view-10.jpg,MEDIA/IMAGES/vocal-booth-microphone-blue-light-view-10.webp,image,vocal booth microphone blue light view 10,vocal recording,Vocal booth,,,,Checkmark Audio staff,Checkmark Audio,© Checkmark Audio. All rights reserved.,Owned by Checkmark Audio; approved for public-website use.,verified,not-applicable,public-website,studio-b,Studio microphone in the vocal booth lit in blue stage lighting at Checkmark Audio.,,vocal recording; Vocal booth,pending-human-approval,Page assignment is proposed from visible subject/filename and is not publication approval. Original source archived outside the repo in checkmark-audio-media-originals-2026-08-07.zip (Bridget's Desktop); only the optimized web copy remains in MEDIA/IMAGES. Draft alt text generated from the SEO filename/visual content; confirm against real page context before publishing.
IMG-0564,MEDIA/IMAGES/vocal-booth-microphone-blue-light-view-11.jpg,MEDIA/IMAGES/vocal-booth-microphone-blue-light-view-11.webp,image,vocal booth microphone blue light view 11,vocal recording,Vocal booth,,,,Checkmark Audio staff,Checkmark Audio,© Checkmark Audio. All rights reserved.,Owned by Checkmark Audio; approved for public-website use.,verified,not-applicable,public-website,studio-b,Studio microphone in the vocal booth lit in blue stage lighting at Checkmark Audio.,,vocal recording; Vocal booth,pending-human-approval,Page assignment is proposed from visible subject/filename and is not publication approval. Original source archived outside the repo in checkmark-audio-media-originals-2026-08-07.zip (Bridget's Desktop); only the optimized web copy remains in MEDIA/IMAGES. Draft alt text generated from the SEO filename/visual content; confirm against real page context before publishing.
IMG-0565,MEDIA/IMAGES/vocal-booth-microphone-blue-light.jpg,MEDIA/IMAGES/vocal-booth-microphone-blue-light.webp,image,vocal booth microphone blue light,vocal recording,Vocal booth,,,,Checkmark Audio staff,Checkmark Audio,© Checkmark Audio. All rights reserved.,Owned by Checkmark Audio; approved for public-website use.,verified,not-applicable,public-website,studio-b,Studio microphone in the vocal booth lit in blue stage lighting at Checkmark Audio.,,vocal recording; Vocal booth,pending-human-approval,Page assignment is proposed from visible subject/filename and is not publication approval. Original source archived outside the repo in checkmark-audio-media-originals-2026-08-07.zip (Bridget's Desktop); only the optimized web copy remains in MEDIA/IMAGES. Draft alt text generated from the SEO filename/visual content; confirm against real page context before publishing.
IMG-0566,MEDIA/IMAGES/vocal-booth-microphone-green-light-view-02.jpg,MEDIA/IMAGES/vocal-booth-microphone-green-light-view-02.webp,image,vocal booth microphone green light view 02,vocal recording,Vocal booth,,,,Checkmark Audio staff,Checkmark Audio,© Checkmark Audio. All rights reserved.,Owned by Checkmark Audio; approved for public-website use.,verified,not-applicable,public-website,studio-b,Studio microphone in the vocal booth lit in green stage lighting at Checkmark Audio.,,vocal recording; Vocal booth,pending-human-approval,Page assignment is proposed from visible subject/filename and is not publication approval. Original source archived outside the repo in checkmark-audio-media-originals-2026-08-07.zip (Bridget's Desktop); only the optimized web copy remains in MEDIA/IMAGES. Draft alt text generated from the SEO filename/visual content; confirm against real page context before publishing.
IMG-0567,MEDIA/IMAGES/vocal-booth-microphone-green-light-view-03.jpg,MEDIA/IMAGES/vocal-booth-microphone-green-light-view-03.webp,image,vocal booth microphone green light view 03,vocal recording,Vocal booth,,,,Checkmark Audio staff,Checkmark Audio,© Checkmark Audio. All rights reserved.,Owned by Checkmark Audio; approved for public-website use.,verified,not-applicable,public-website,studio-b,Studio microphone in the vocal booth lit in green stage lighting at Checkmark Audio.,,vocal recording; Vocal booth,pending-human-approval,Page assignment is proposed from visible subject/filename and is not publication approval. Original source archived outside the repo in checkmark-audio-media-originals-2026-08-07.zip (Bridget's Desktop); only the optimized web copy remains in MEDIA/IMAGES. Draft alt text generated from the SEO filename/visual content; confirm against real page context before publishing.
IMG-0568,MEDIA/IMAGES/vocal-booth-microphone-green-light-view-04.jpg,MEDIA/IMAGES/vocal-booth-microphone-green-light-view-04.webp,image,vocal booth microphone green light view 04,vocal recording,Vocal booth,,,,Checkmark Audio staff,Checkmark Audio,© Checkmark Audio. All rights reserved.,Owned by Checkmark Audio; approved for public-website use.,verified,not-applicable,public-website,studio-b,Studio microphone in the vocal booth lit in green stage lighting at Checkmark Audio.,,vocal recording; Vocal booth,pending-human-approval,Page assignment is proposed from visible subject/filename and is not publication approval. Original source archived outside the repo in checkmark-audio-media-originals-2026-08-07.zip (Bridget's Desktop); only the optimized web copy remains in MEDIA/IMAGES. Draft alt text generated from the SEO filename/visual content; confirm against real page context before publishing.
IMG-0570,MEDIA/IMAGES/vocal-booth-microphone-green-light-view-06.jpg,MEDIA/IMAGES/vocal-booth-microphone-green-light-view-06.webp,image,vocal booth microphone green light view 06,vocal recording,Vocal booth,,,,Checkmark Audio staff,Checkmark Audio,© Checkmark Audio. All rights reserved.,Owned by Checkmark Audio; approved for public-website use.,verified,not-applicable,public-website,studio-b,Studio microphone in the vocal booth lit in green stage lighting at Checkmark Audio.,,vocal recording; Vocal booth,pending-human-approval,Page assignment is proposed from visible subject/filename and is not publication approval. Original source archived outside the repo in checkmark-audio-media-originals-2026-08-07.zip (Bridget's Desktop); only the optimized web copy remains in MEDIA/IMAGES. Draft alt text generated from the SEO filename/visual content; confirm against real page context before publishing.
IMG-0571,MEDIA/IMAGES/vocal-booth-microphone-green-light-view-07.jpg,MEDIA/IMAGES/vocal-booth-microphone-green-light-view-07.webp,image,vocal booth microphone green light view 07,vocal recording,Vocal booth,,,,Checkmark Audio staff,Checkmark Audio,© Checkmark Audio. All rights reserved.,Owned by Checkmark Audio; approved for public-website use.,verified,not-applicable,public-website,studio-b,Studio microphone in the vocal booth lit in green stage lighting at Checkmark Audio.,,vocal recording; Vocal booth,pending-human-approval,Page assignment is proposed from visible subject/filename and is not publication approval. Original source archived outside the repo in checkmark-audio-media-originals-2026-08-07.zip (Bridget's Desktop); only the optimized web copy remains in MEDIA/IMAGES. Draft alt text generated from the SEO filename/visual content; confirm against real page context before publishing.
IMG-0572,MEDIA/IMAGES/vocal-booth-microphone-green-light-view-08.jpg,MEDIA/IMAGES/vocal-booth-microphone-green-light-view-08.webp,image,vocal booth microphone green light view 08,vocal recording,Vocal booth,,,,Checkmark Audio staff,Checkmark Audio,© Checkmark Audio. All rights reserved.,Owned by Checkmark Audio; approved for public-website use.,verified,not-applicable,public-website,studio-b,Studio microphone in the vocal booth lit in green stage lighting at Checkmark Audio.,,vocal recording; Vocal booth,pending-human-approval,Page assignment is proposed from visible subject/filename and is not publication approval. Original source archived outside the repo in checkmark-audio-media-originals-2026-08-07.zip (Bridget's Desktop); only the optimized web copy remains in MEDIA/IMAGES. Draft alt text generated from the SEO filename/visual content; confirm against real page context before publishing.
IMG-0573,MEDIA/IMAGES/vocal-booth-microphone-green-light.jpg,MEDIA/IMAGES/vocal-booth-microphone-green-light.webp,image,vocal booth microphone green light,vocal recording,Vocal booth,,,,Checkmark Audio staff,Checkmark Audio,© Checkmark Audio. All rights reserved.,Owned by Checkmark Audio; approved for public-website use.,verified,not-applicable,public-website,studio-b,Studio microphone in the vocal booth lit in green stage lighting at Checkmark Audio.,,vocal recording; Vocal booth,pending-human-approval,Page assignment is proposed from visible subject/filename and is not publication approval. Original source archived outside the repo in checkmark-audio-media-originals-2026-08-07.zip (Bridget's Desktop); only the optimized web copy remains in MEDIA/IMAGES. Draft alt text generated from the SEO filename/visual content; confirm against real page context before publishing.
IMG-0576,MEDIA/IMAGES/vocal-booth-microphone-pop-filter-view-02.jpg,MEDIA/IMAGES/vocal-booth-microphone-pop-filter-view-02.webp,image,vocal booth microphone pop filter view 02,vocal recording,Vocal booth,,,,Checkmark Audio staff,Checkmark Audio,© Checkmark Audio. All rights reserved.,Owned by Checkmark Audio; approved for public-website use.,verified,not-applicable,public-website,studio-b,Studio microphone and pop filter in the vocal booth at Checkmark Audio.,,vocal recording; Vocal booth,pending-human-approval,Page assignment is proposed from visible subject/filename and is not publication approval. Original source archived outside the repo in checkmark-audio-media-originals-2026-08-07.zip (Bridget's Desktop); only the optimized web copy remains in MEDIA/IMAGES. Draft alt text generated from the SEO filename/visual content; confirm against real page context before publishing.
IMG-0577,MEDIA/IMAGES/vocal-booth-microphone-pop-filter-view-03.jpg,MEDIA/IMAGES/vocal-booth-microphone-pop-filter-view-03.webp,image,vocal booth microphone pop filter view 03,vocal recording,Vocal booth,,,,Checkmark Audio staff,Checkmark Audio,© Checkmark Audio. All rights reserved.,Owned by Checkmark Audio; approved for public-website use.,verified,not-applicable,public-website,studio-b,Studio microphone and pop filter in the vocal booth at Checkmark Audio.,,vocal recording; Vocal booth,pending-human-approval,Page assignment is proposed from visible subject/filename and is not publication approval. Original source archived outside the repo in checkmark-audio-media-originals-2026-08-07.zip (Bridget's Desktop); only the optimized web copy remains in MEDIA/IMAGES. Draft alt text generated from the SEO filename/visual content; confirm against real page context before publishing.
IMG-0578,MEDIA/IMAGES/vocal-booth-microphone-pop-filter.jpg,MEDIA/IMAGES/vocal-booth-microphone-pop-filter.webp,image,vocal booth microphone pop filter,vocal recording,Vocal booth,,,,Checkmark Audio staff,Checkmark Audio,© Checkmark Audio. All rights reserved.,Owned by Checkmark Audio; approved for public-website use.,verified,not-applicable,public-website,studio-b,Studio microphone and pop filter in the vocal booth at Checkmark Audio.,,vocal recording; Vocal booth,pending-human-approval,Page assignment is proposed from visible subject/filename and is not publication approval. Original source archived outside the repo in checkmark-audio-media-originals-2026-08-07.zip (Bridget's Desktop); only the optimized web copy remains in MEDIA/IMAGES. Draft alt text generated from the SEO filename/visual content; confirm against real page context before publishing.
IMG-0579,MEDIA/IMAGES/vocal-booth-microphone-purple-light.jpg,MEDIA/IMAGES/vocal-booth-microphone-purple-light.webp,image,vocal booth microphone purple light,vocal recording,Vocal booth,,,,Checkmark Audio staff,Checkmark Audio,© Checkmark Audio. All rights reserved.,Owned by Checkmark Audio; approved for public-website use.,verified,not-applicable,public-website,studio-b,Studio microphone in the vocal booth lit in purple stage lighting at Checkmark Audio.,,vocal recording; Vocal booth,pending-human-approval,Page assignment is proposed from visible subject/filename and is not publication approval. Original source archived outside the repo in checkmark-audio-media-originals-2026-08-07.zip (Bridget's Desktop); only the optimized web copy remains in MEDIA/IMAGES. Draft alt text generated from the SEO filename/visual content; confirm against real page context before publishing.
IMG-0582,MEDIA/IMAGES/vocal-booth-microphone-red-light-view-02.jpg,MEDIA/IMAGES/vocal-booth-microphone-red-light-view-02.webp,image,vocal booth microphone red light view 02,vocal recording,Vocal booth,,,,Checkmark Audio staff,Checkmark Audio,© Checkmark Audio. All rights reserved.,Owned by Checkmark Audio; approved for public-website use.,verified,not-applicable,public-website,studio-b,Studio microphone in the vocal booth lit in red stage lighting at Checkmark Audio.,,vocal recording; Vocal booth,pending-human-approval,Page assignment is proposed from visible subject/filename and is not publication approval. Original source archived outside the repo in checkmark-audio-media-originals-2026-08-07.zip (Bridget's Desktop); only the optimized web copy remains in MEDIA/IMAGES. Draft alt text generated from the SEO filename/visual content; confirm against real page context before publishing.
IMG-0583,MEDIA/IMAGES/vocal-booth-microphone-red-light-view-03.jpg,MEDIA/IMAGES/vocal-booth-microphone-red-light-view-03.webp,image,vocal booth microphone red light view 03,vocal recording,Vocal booth,,,,Checkmark Audio staff,Checkmark Audio,© Checkmark Audio. All rights reserved.,Owned by Checkmark Audio; approved for public-website use.,verified,not-applicable,public-website,studio-b,Studio microphone in the vocal booth lit in red stage lighting at Checkmark Audio.,,vocal recording; Vocal booth,pending-human-approval,Page assignment is proposed from visible subject/filename and is not publication approval. Original source archived outside the repo in checkmark-audio-media-originals-2026-08-07.zip (Bridget's Desktop); only the optimized web copy remains in MEDIA/IMAGES. Draft alt text generated from the SEO filename/visual content; confirm against real page context before publishing.
IMG-0584,MEDIA/IMAGES/vocal-booth-microphone-red-light.jpg,MEDIA/IMAGES/vocal-booth-microphone-red-light.webp,image,vocal booth microphone red light,vocal recording,Vocal booth,,,,Checkmark Audio staff,Checkmark Audio,© Checkmark Audio. All rights reserved.,Owned by Checkmark Audio; approved for public-website use.,verified,not-applicable,public-website,studio-b,Studio microphone in the vocal booth lit in red stage lighting at Checkmark Audio.,,vocal recording; Vocal booth,pending-human-approval,Page assignment is proposed from visible subject/filename and is not publication approval. Original source archived outside the repo in checkmark-audio-media-originals-2026-08-07.zip (Bridget's Desktop); only the optimized web copy remains in MEDIA/IMAGES. Draft alt text generated from the SEO filename/visual content; confirm against real page context before publishing.
IMG-0585,MEDIA/IMAGES/vocal-booth-microphone-green-light-view-09.jpg,MEDIA/IMAGES/vocal-booth-microphone-green-light-view-09.webp,image,vocal booth microphone teal light view 02,vocal recording,Vocal booth,,,,Checkmark Audio staff,Checkmark Audio,© Checkmark Audio. All rights reserved.,Owned by Checkmark Audio; approved for public-website use.,verified,not-applicable,public-website,studio-b,Studio microphone in the vocal booth lit in green stage lighting at Checkmark Audio.,,vocal recording; Vocal booth,pending-human-approval,Page assignment is proposed from visible subject/filename and is not publication approval. Original source archived outside the repo in checkmark-audio-media-originals-2026-08-07.zip (Bridget's Desktop); only the optimized web copy remains in MEDIA/IMAGES. Draft alt text generated from the SEO filename/visual content; confirm against real page context before publishing.
IMG-0586,MEDIA/IMAGES/vocal-booth-microphone-teal-light.jpg,MEDIA/IMAGES/vocal-booth-microphone-teal-light.webp,image,vocal booth microphone teal light,vocal recording,Vocal booth,,,,Checkmark Audio staff,Checkmark Audio,© Checkmark Audio. All rights reserved.,Owned by Checkmark Audio; approved for public-website use.,verified,not-applicable,public-website,studio-b,Studio microphone in the vocal booth lit in teal stage lighting at Checkmark Audio.,,vocal recording; Vocal booth,pending-human-approval,Page assignment is proposed from visible subject/filename and is not publication approval. Original source archived outside the repo in checkmark-audio-media-originals-2026-08-07.zip (Bridget's Desktop); only the optimized web copy remains in MEDIA/IMAGES. Draft alt text generated from the SEO filename/visual content; confirm against real page context before publishing.
IMG-0588,MEDIA/IMAGES/vocal-booth-microphone-warm-light-view-03.jpg,MEDIA/IMAGES/vocal-booth-microphone-warm-light-view-03.webp,image,vocal booth microphone warm light view 03,vocal recording,Vocal booth,,,,Checkmark Audio staff,Checkmark Audio,© Checkmark Audio. All rights reserved.,Owned by Checkmark Audio; approved for public-website use.,verified,not-applicable,public-website,studio-b,Studio microphone in the vocal booth lit in warm stage lighting at Checkmark Audio.,,vocal recording; Vocal booth,pending-human-approval,Page assignment is proposed from visible subject/filename and is not publication approval. Original source archived outside the repo in checkmark-audio-media-originals-2026-08-07.zip (Bridget's Desktop); only the optimized web copy remains in MEDIA/IMAGES. Draft alt text generated from the SEO filename/visual content; confirm against real page context before publishing.
IMG-0589,MEDIA/IMAGES/vocal-booth-microphone-warm-light.jpg,MEDIA/IMAGES/vocal-booth-microphone-warm-light.webp,image,vocal booth microphone warm light,vocal recording,Vocal booth,,,,Checkmark Audio staff,Checkmark Audio,© Checkmark Audio. All rights reserved.,Owned by Checkmark Audio; approved for public-website use.,verified,not-applicable,public-website,studio-b,Studio microphone in the vocal booth lit in warm stage lighting at Checkmark Audio.,,vocal recording; Vocal booth,pending-human-approval,Page assignment is proposed from visible subject/filename and is not publication approval. Original source archived outside the repo in checkmark-audio-media-originals-2026-08-07.zip (Bridget's Desktop); only the optimized web copy remains in MEDIA/IMAGES. Draft alt text generated from the SEO filename/visual content; confirm against real page context before publishing.
IMG-0592,MEDIA/IMAGES/vocal-booth-artist-back-green-light-view-02.jpg,MEDIA/IMAGES/vocal-booth-artist-back-green-light-view-02.webp,image,vocal recording albuquerque nm artist booth rear,vocal recording,,Albuquerque,NM,USA,Checkmark Audio staff,Checkmark Audio,© Checkmark Audio. All rights reserved.,Owned by Checkmark Audio; approved for public-website use.,verified,approved,public-website,studio-b,"Artist recording in the vocal booth, seen from behind, under green lighting, at Checkmark Audio.",,vocal recording; Albuquerque NM,pending-human-approval,Page assignment is proposed from visible subject/filename and is not publication approval. Original source archived outside the repo in checkmark-audio-media-originals-2026-08-07.zip (Bridget's Desktop); only the optimized web copy remains in MEDIA/IMAGES. Draft alt text generated from the SEO filename/visual content; confirm against real page context before publishing.
IMG-0593,MEDIA/IMAGES/vocal-booth-microphone-teal-light-view-04.jpg,MEDIA/IMAGES/vocal-booth-microphone-teal-light-view-04.webp,image,vocal recording albuquerque nm blue booth microphone,vocal recording,,Albuquerque,NM,USA,Checkmark Audio staff,Checkmark Audio,© Checkmark Audio. All rights reserved.,Owned by Checkmark Audio; approved for public-website use.,verified,not-applicable,public-website,studio-b,Studio microphone in the vocal booth lit in teal stage lighting at Checkmark Audio.,,vocal recording; Albuquerque NM,pending-human-approval,Page assignment is proposed from visible subject/filename and is not publication approval. Original source archived outside the repo in checkmark-audio-media-originals-2026-08-07.zip (Bridget's Desktop); only the optimized web copy remains in MEDIA/IMAGES. Draft alt text generated from the SEO filename/visual content; confirm against real page context before publishing.
IMG-0594,MEDIA/IMAGES/vocal-booth-microphone-blue-light-view-13.jpg,MEDIA/IMAGES/vocal-booth-microphone-blue-light-view-13.webp,image,vocal recording albuquerque nm blue microphone close up,vocal recording,,Albuquerque,NM,USA,Checkmark Audio staff,Checkmark Audio,© Checkmark Audio. All rights reserved.,Owned by Checkmark Audio; approved for public-website use.,verified,not-applicable,public-website,studio-b,Studio microphone in the vocal booth lit in blue stage lighting at Checkmark Audio.,,vocal recording; Albuquerque NM,pending-human-approval,Page assignment is proposed from visible subject/filename and is not publication approval. Original source archived outside the repo in checkmark-audio-media-originals-2026-08-07.zip (Bridget's Desktop); only the optimized web copy remains in MEDIA/IMAGES. Draft alt text generated from the SEO filename/visual content; confirm against real page context before publishing.
IMG-0595,MEDIA/IMAGES/vocal-recording-albuquerque-nm-control-room-microphone.jpg,MEDIA/IMAGES/vocal-recording-albuquerque-nm-control-room-microphone.webp,image,vocal recording albuquerque nm control room microphone,vocal recording,Control room,Albuquerque,NM,USA,Checkmark Audio staff,Checkmark Audio,© Checkmark Audio. All rights reserved.,Owned by Checkmark Audio; approved for public-website use.,verified,not-applicable,public-website,studio-a,Studio microphone with the control room console in the background at Checkmark Audio.,,vocal recording; Control room; Albuquerque NM,pending-human-approval,Page assignment is proposed from visible subject/filename and is not publication approval. Original source archived outside the repo in checkmark-audio-media-originals-2026-08-07.zip (Bridget's Desktop); only the optimized web copy remains in MEDIA/IMAGES. Draft alt text generated from the SEO filename/visual content; confirm against real page context before publishing.
IMG-0596,MEDIA/IMAGES/dark-microphone-pop-filter-view-01.jpg,MEDIA/IMAGES/dark-microphone-pop-filter-view-01.webp,image,vocal recording albuquerque nm dark microphone pop filter,vocal recording,,Albuquerque,NM,USA,Checkmark Audio staff,Checkmark Audio,© Checkmark Audio. All rights reserved.,Owned by Checkmark Audio; approved for public-website use.,verified,not-applicable,public-website,studio-a,Studio microphone and pop filter in low light.,,vocal recording; Albuquerque NM,pending-human-approval,Page assignment is proposed from visible subject/filename and is not publication approval. Original source archived outside the repo in checkmark-audio-media-originals-2026-08-07.zip (Bridget's Desktop); only the optimized web copy remains in MEDIA/IMAGES. Draft alt text generated from the SEO filename/visual content; confirm against real page context before publishing.
IMG-0597,MEDIA/IMAGES/vocal-recording-albuquerque-nm-microphone-studio-sign.jpg,MEDIA/IMAGES/vocal-recording-albuquerque-nm-microphone-studio-sign.webp,image,vocal recording albuquerque nm microphone studio sign,vocal recording,,Albuquerque,NM,USA,Checkmark Audio staff,Checkmark Audio,© Checkmark Audio. All rights reserved.,Owned by Checkmark Audio; approved for public-website use.,verified,not-applicable,public-website,studio-a,Close-up of the studio vocal recording microphone at Checkmark Audio.,,vocal recording; Albuquerque NM,pending-human-approval,Page assignment is proposed from visible subject/filename and is not publication approval. Original source archived outside the repo in checkmark-audio-media-originals-2026-08-07.zip (Bridget's Desktop); only the optimized web copy remains in MEDIA/IMAGES. Draft alt text generated from the SEO filename/visual content; confirm against real page context before publishing.
IMG-0598,MEDIA/IMAGES/studio-b-vocal-booth-purple-light-view-01.jpg,MEDIA/IMAGES/studio-b-vocal-booth-purple-light-view-01.webp,image,vocal recording albuquerque nm purple booth curtain,vocal recording,,Albuquerque,NM,USA,Checkmark Audio staff,Checkmark Audio,© Checkmark Audio. All rights reserved.,Owned by Checkmark Audio; approved for public-website use.,verified,not-applicable,public-website,studio-b,"Studio B vocal booth interior, lit in purple stage lighting, at Checkmark Audio.",,vocal recording; Albuquerque NM,pending-human-approval,Page assignment is proposed from visible subject/filename and is not publication approval. Original source archived outside the repo in checkmark-audio-media-originals-2026-08-07.zip (Bridget's Desktop); only the optimized web copy remains in MEDIA/IMAGES. Draft alt text generated from the SEO filename/visual content; confirm against real page context before publishing.
IMG-0600,MEDIA/IMAGES/studio-b-vocal-booth-purple-light-view-02.jpg,MEDIA/IMAGES/studio-b-vocal-booth-purple-light-view-02.webp,image,vocal recording albuquerque studio b neon microphone booth checkmark audio,vocal recording,Studio B,,,,Checkmark Audio staff,Checkmark Audio,© Checkmark Audio. All rights reserved.,Owned by Checkmark Audio; approved for public-website use.,verified,not-applicable,public-website,studio-b,"Studio B vocal booth interior, lit in purple stage lighting, at Checkmark Audio.",,vocal recording; Studio B,pending-human-approval,Page assignment is proposed from visible subject/filename and is not publication approval. Original source archived outside the repo in checkmark-audio-media-originals-2026-08-07.zip (Bridget's Desktop); only the optimized web copy remains in MEDIA/IMAGES. Draft alt text generated from the SEO filename/visual content; confirm against real page context before publishing.
IMG-0601,MEDIA/IMAGES/vocal-booth-artist-back-purple-light-view-03.jpg,MEDIA/IMAGES/vocal-booth-artist-back-purple-light-view-03.webp,image,vocal recording artist booth blue light,vocal recording,,,,,Checkmark Audio staff,Checkmark Audio,© Checkmark Audio. All rights reserved.,Owned by Checkmark Audio; approved for public-website use.,verified,approved,public-website,studio-b,"Artist recording in the vocal booth, seen from behind, under purple lighting, at Checkmark Audio.",,vocal recording,pending-human-approval,Page assignment is proposed from visible subject/filename and is not publication approval. Original source archived outside the repo in checkmark-audio-media-originals-2026-08-07.zip (Bridget's Desktop); only the optimized web copy remains in MEDIA/IMAGES. Draft alt text generated from the SEO filename/visual content; confirm against real page context before publishing.
IMG-0602,MEDIA/IMAGES/vocal-booth-artist-back-green-light-view-03.jpg,MEDIA/IMAGES/vocal-booth-artist-back-green-light-view-03.webp,image,vocal recording artist booth green light,vocal recording,,,,,Checkmark Audio staff,Checkmark Audio,© Checkmark Audio. All rights reserved.,Owned by Checkmark Audio; approved for public-website use.,verified,approved,public-website,studio-b,"Artist recording in the vocal booth, seen from behind, under green lighting, at Checkmark Audio.",,vocal recording,pending-human-approval,Page assignment is proposed from visible subject/filename and is not publication approval. Original source archived outside the repo in checkmark-audio-media-originals-2026-08-07.zip (Bridget's Desktop); only the optimized web copy remains in MEDIA/IMAGES. Draft alt text generated from the SEO filename/visual content; confirm against real page context before publishing.
IMG-0603,MEDIA/IMAGES/vocal-recording-artist-booth-purple-light.jpg,MEDIA/IMAGES/vocal-recording-artist-booth-purple-light.webp,image,vocal recording artist booth purple light,vocal recording,,,,,Checkmark Audio staff,Checkmark Audio,© Checkmark Audio. All rights reserved.,Owned by Checkmark Audio; approved for public-website use.,verified,approved,public-website,studio-b,"Artist recording in the vocal booth, seen from behind.",,vocal recording,pending-human-approval,Page assignment is proposed from visible subject/filename and is not publication approval. Original source archived outside the repo in checkmark-audio-media-originals-2026-08-07.zip (Bridget's Desktop); only the optimized web copy remains in MEDIA/IMAGES. Draft alt text generated from the SEO filename/visual content; confirm against real page context before publishing.
IMG-0604,MEDIA/IMAGES/vocal-recording-artist-booth-rear.jpg,MEDIA/IMAGES/vocal-recording-artist-booth-rear.webp,image,vocal recording artist booth rear,vocal recording,,,,,Checkmark Audio staff,Checkmark Audio,© Checkmark Audio. All rights reserved.,Owned by Checkmark Audio; approved for public-website use.,verified,approved,public-website,studio-b,"Artist recording in the vocal booth, seen from behind.",,vocal recording,pending-human-approval,Page assignment is proposed from visible subject/filename and is not publication approval. Original source archived outside the repo in checkmark-audio-media-originals-2026-08-07.zip (Bridget's Desktop); only the optimized web copy remains in MEDIA/IMAGES. Draft alt text generated from the SEO filename/visual content; confirm against real page context before publishing.
IMG-0605,MEDIA/IMAGES/vocal-recording-engineer-headphones.png,MEDIA/IMAGES/vocal-recording-engineer-headphones.webp,image,vocal recording engineer headphones,vocal recording,,,,,Checkmark Audio staff,Checkmark Audio,© Checkmark Audio. All rights reserved.,Owned by Checkmark Audio; approved for public-website use.,verified,approved,public-website,studio-a,Recording engineer wearing studio headphones.,,vocal recording,pending-human-approval,Page assignment is proposed from visible subject/filename and is not publication approval. Original source archived outside the repo in checkmark-audio-media-originals-2026-08-07.zip (Bridget's Desktop); only the optimized web copy remains in MEDIA/IMAGES. Draft alt text generated from the SEO filename/visual content; confirm against real page context before publishing.
IMG-0606,MEDIA/IMAGES/vocal-recording-microphone-close-up.jpg,MEDIA/IMAGES/vocal-recording-microphone-close-up.webp,image,vocal recording microphone close up,vocal recording,,,,,Checkmark Audio staff,Checkmark Audio,© Checkmark Audio. All rights reserved.,Owned by Checkmark Audio; approved for public-website use.,verified,not-applicable,public-website,studio-a,Close-up of the studio vocal recording microphone at Checkmark Audio.,,vocal recording,pending-human-approval,Page assignment is proposed from visible subject/filename and is not publication approval. Original source archived outside the repo in checkmark-audio-media-originals-2026-08-07.zip (Bridget's Desktop); only the optimized web copy remains in MEDIA/IMAGES. Draft alt text generated from the SEO filename/visual content; confirm against real page context before publishing.
IMG-0608,MEDIA/IMAGES/vocal-recording-albuquerque-nm-control-room-microphone-view-01.jpg,MEDIA/IMAGES/vocal-recording-albuquerque-nm-control-room-microphone-view-01.webp,image,vocal recording microphone console,vocal recording,,,,,Checkmark Audio staff,Checkmark Audio,© Checkmark Audio. All rights reserved.,Owned by Checkmark Audio; approved for public-website use.,verified,not-applicable,public-website,studio-a,Studio microphone with the control room console in the background at Checkmark Audio.,,vocal recording,pending-human-approval,Page assignment is proposed from visible subject/filename and is not publication approval. Original source archived outside the repo in checkmark-audio-media-originals-2026-08-07.zip (Bridget's Desktop); only the optimized web copy remains in MEDIA/IMAGES. Draft alt text generated from the SEO filename/visual content; confirm against real page context before publishing.
IMG-0611,MEDIA/IMAGES/vocal-recording-studio-microphone-close-up.jpg,MEDIA/IMAGES/vocal-recording-studio-microphone-close-up.webp,image,vocal recording studio microphone close up,vocal recording,,,,,Checkmark Audio staff,Checkmark Audio,© Checkmark Audio. All rights reserved.,Owned by Checkmark Audio; approved for public-website use.,verified,not-applicable,public-website,studio-a,Close-up of the studio vocal recording microphone at Checkmark Audio.,,vocal recording,pending-human-approval,Page assignment is proposed from visible subject/filename and is not publication approval. Original source archived outside the repo in checkmark-audio-media-originals-2026-08-07.zip (Bridget's Desktop); only the optimized web copy remains in MEDIA/IMAGES. Draft alt text generated from the SEO filename/visual content; confirm against real page context before publishing.
IMG-0613,MEDIA/IMAGES/vocalist-through-studio-window-view-02.jpg,MEDIA/IMAGES/vocalist-through-studio-window-view-02.webp,image,vocalist through studio window view 02,recording studio,,,,,Checkmark Audio staff,Checkmark Audio,© Checkmark Audio. All rights reserved.,Owned by Checkmark Audio; approved for public-website use.,verified,approved,public-website,studio-b,Vocalist seen through the vocal booth window.,,recording studio,pending-human-approval,Page assignment is proposed from visible subject/filename and is not publication approval. Original source archived outside the repo in checkmark-audio-media-originals-2026-08-07.zip (Bridget's Desktop); only the optimized web copy remains in MEDIA/IMAGES. Draft alt text generated from the SEO filename/visual content; confirm against real page context before publishing.
IMG-0615,MEDIA/IMAGES/vocalist-through-studio-window-view-04.jpg,MEDIA/IMAGES/vocalist-through-studio-window-view-04.webp,image,vocalist through studio window view 04,recording studio,,,,,Checkmark Audio staff,Checkmark Audio,© Checkmark Audio. All rights reserved.,Owned by Checkmark Audio; approved for public-website use.,verified,approved,public-website,studio-b,Vocalist seen through the vocal booth window.,,recording studio,pending-human-approval,Page assignment is proposed from visible subject/filename and is not publication approval. Original source archived outside the repo in checkmark-audio-media-originals-2026-08-07.zip (Bridget's Desktop); only the optimized web copy remains in MEDIA/IMAGES. Draft alt text generated from the SEO filename/visual content; confirm against real page context before publishing.
IMG-0618,MEDIA/IMAGES/vohn-live-singer-microphone-performance.jpg,MEDIA/IMAGES/vohn-live-singer-microphone-performance.webp,image,vohn live singer microphone performance,vocal recording,,,,,Vohn,Courtesy of Vohn,© Vohn. Used with permission.,Property of Vohn; used with the artist's permission for Checkmark Audio promotional/website purposes.,verified,approved,public-website,artist-photography,Vohn performing live on the microphone.,,vocal recording,pending-human-approval,"Page assignment is proposed from visible subject/filename and is not publication approval. Original source archived outside the repo in checkmark-audio-media-originals-2026-08-07.zip (Bridget's Desktop); only the optimized web copy remains in MEDIA/IMAGES. Draft alt text generated from the SEO filename/visual content; confirm against real page context before publishing. Creator credit needs research (likely shot off-site or band-supplied artwork); not yet confirmed. Confirmed by Gavin 2026-08-08: artist-supplied material, usable as originally discussed when sent to Checkmark Audio."
IMG-0620,MEDIA/IMAGES/vohn-on-air-studio-portrait.jpg,MEDIA/IMAGES/vohn-on-air-studio-portrait.webp,image,vohn on air studio portrait,recording studio,,,,,Checkmark Audio staff,Checkmark Audio,© Checkmark Audio. All rights reserved.,Owned by Checkmark Audio; approved for public-website use.,verified,approved,public-website,artist-photography,Portrait of Vohn at the on-air interview set at Checkmark Audio.,,recording studio,pending-human-approval,Page assignment is proposed from visible subject/filename and is not publication approval. Original source archived outside the repo in checkmark-audio-media-originals-2026-08-07.zip (Bridget's Desktop); only the optimized web copy remains in MEDIA/IMAGES. Draft alt text generated from the SEO filename/visual content; confirm against real page context before publishing.
IMG-0625,MEDIA/IMAGES/workforce-connection-logo.png,MEDIA/IMAGES/workforce-connection-logo.webp,image,workforce connection logo,,,,,,not-applicable,,© Checkmark Audio. All rights reserved.,,third-party-review-required,not-applicable,school-site,home,New Mexico Workforce Connection logo.,,,pending-human-approval,Third-party mark or source requires rights review. Separate-school scope candidate; keep off the studio site unless approved as a brief cross-link asset. Original source archived outside the repo in checkmark-audio-media-originals-2026-08-07.zip (Bridget's Desktop); only the optimized web copy remains in MEDIA/IMAGES. Draft alt text generated from the SEO filename/visual content; confirm against real page context before publishing.
IMG-0627,MEDIA/IMAGES/youtube-play-button.png,MEDIA/IMAGES/youtube-play-button.webp,image,youtube play button,,,,,,not-applicable,,© Checkmark Audio. All rights reserved.,,third-party-review-required,not-applicable,public-website,sitewide-logo,,,,pending-human-approval,Third-party mark or source requires rights review. Original source archived outside the repo in checkmark-audio-media-originals-2026-08-07.zip (Bridget's Desktop); only the optimized web copy remains in MEDIA/IMAGES.
IMG-0628,MEDIA/IMAGES/yung-critical-urban-album-cover.jpg,MEDIA/IMAGES/yung-critical-urban-album-cover.webp,image,yung critical urban album cover,,,,,,Yung Critical,Courtesy of Yung Critical,© Yung Critical. Used with permission.,Property of Yung Critical; used with the artist's permission for Checkmark Audio promotional/website purposes.,verified,approved,public-website,artist-promotion,Yung Critical's album cover artwork.,,,pending-human-approval,"Page assignment is proposed from visible subject/filename and is not publication approval. Original source archived outside the repo in checkmark-audio-media-originals-2026-08-07.zip (Bridget's Desktop); only the optimized web copy remains in MEDIA/IMAGES. Draft alt text generated from the SEO filename/visual content; confirm against real page context before publishing. Creator credit needs research (likely shot off-site or band-supplied artwork); not yet confirmed. Confirmed by Gavin 2026-08-08: artist-supplied material, usable as originally discussed when sent to Checkmark Audio."
VID-0001,MEDIA/VIDEO/05-sharlet-alternate-02.mp4,,video,05 sharlet alternate 02,,,,,,,,,,unverified,not-applicable,public-website,,,,,duplicate-alternate-candidate,Exact duplicate group DUP-117; alternate to proposed keeper MEDIA/VIDEO/05-sharlet.mp4.
VID-0002,MEDIA/VIDEO/05-sharlet.mp4,,video,05 sharlet,,,,,,,,,,unverified,not-applicable,public-website,,,,,duplicate-preferred-candidate,Exact duplicate group DUP-117; proposed keeper based on active reference/name clarity.
VID-0003,MEDIA/VIDEO/06-john-and-elizabeth-song.mov,,video,06 john and elizabeth song,,,,,,,,,,unverified,not-applicable,public-website,,,,,pending-human-approval,
VID-0004,MEDIA/VIDEO/11-music-video-black-and-white-1-alternate-02.mp4,,video,11 music video black and white 1 alternate 02,,,,,,,,,,unverified,not-applicable,public-website,,,,,duplicate-alternate-candidate,Exact duplicate group DUP-118; alternate to proposed keeper MEDIA/VIDEO/11-music-video-black-and-white-1.mp4.
VID-0005,MEDIA/VIDEO/11-music-video-black-and-white-1.mp4,,video,11 music video black and white 1,,,,,,,,,,unverified,not-applicable,public-website,,,,,duplicate-preferred-candidate,Exact duplicate group DUP-118; proposed keeper based on active reference/name clarity.
VID-0006,MEDIA/VIDEO/12-music-video-black-and-white-2-alternate-02.mp4,,video,12 music video black and white 2 alternate 02,,,,,,,,,,unverified,not-applicable,public-website,,,,,duplicate-alternate-candidate,Exact duplicate group DUP-119; alternate to proposed keeper MEDIA/VIDEO/12-music-video-black-and-white-2.mp4.
VID-0007,MEDIA/VIDEO/12-music-video-black-and-white-2.mp4,,video,12 music video black and white 2,,,,,,,,,,unverified,not-applicable,public-website,,,,,duplicate-preferred-candidate,Exact duplicate group DUP-119; proposed keeper based on active reference/name clarity.
VID-0008,MEDIA/VIDEO/13-music-video-black-and-white-alternate-02.mp4,,video,13 music video black and white alternate 02,,,,,,,,,,unverified,not-applicable,public-website,,,,,duplicate-alternate-candidate,Exact duplicate group DUP-120; alternate to proposed keeper MEDIA/VIDEO/13-music-video-black-and-white.mp4.
VID-0009,MEDIA/VIDEO/13-music-video-black-and-white-alternate-03.mp4,,video,13 music video black and white alternate 03,,,,,,,,,,unverified,not-applicable,public-website,,,,,duplicate-alternate-candidate,Exact duplicate group DUP-120; alternate to proposed keeper MEDIA/VIDEO/13-music-video-black-and-white.mp4.
VID-0010,MEDIA/VIDEO/13-music-video-black-and-white-alternate-04.mp4,,video,13 music video black and white alternate 04,,,,,,,,,,unverified,not-applicable,public-website,,,,,duplicate-alternate-candidate,Exact duplicate group DUP-120; alternate to proposed keeper MEDIA/VIDEO/13-music-video-black-and-white.mp4.
VID-0011,MEDIA/VIDEO/13-music-video-black-and-white.mp4,,video,13 music video black and white,,,,,,,,,,unverified,not-applicable,public-website,,,,,duplicate-preferred-candidate,Exact duplicate group DUP-120; proposed keeper based on active reference/name clarity.
VID-0012,MEDIA/VIDEO/18-music-video-alternate-02.mp4,,video,18 music video alternate 02,,,,,,,,,,unverified,not-applicable,public-website,,,,,duplicate-alternate-candidate,Exact duplicate group DUP-121; alternate to proposed keeper MEDIA/VIDEO/18-music-video.mp4.
VID-0013,MEDIA/VIDEO/18-music-video.mp4,,video,18 music video,,,,,,,,,,unverified,not-applicable,public-website,,,,,duplicate-preferred-candidate,Exact duplicate group DUP-121; proposed keeper based on active reference/name clarity.
VID-0014,MEDIA/VIDEO/19-checkmark-accountant-1-1-alternate-02.mp4,,video,19 checkmark accountant 1 1 alternate 02,,,,,,,,,,unverified,not-applicable,public-website,,,,,duplicate-alternate-candidate,Exact duplicate group DUP-122; alternate to proposed keeper MEDIA/VIDEO/19-checkmark-accountant-1-1.mp4.
VID-0015,MEDIA/VIDEO/19-checkmark-accountant-1-1.mp4,,video,19 checkmark accountant 1 1,,,,,,,,,,unverified,not-applicable,public-website,,,,,duplicate-preferred-candidate,Exact duplicate group DUP-122; proposed keeper based on active reference/name clarity.
VID-0016,MEDIA/VIDEO/20-checkmark-accountant-alternate-02.mp4,,video,20 checkmark accountant alternate 02,,,,,,,,,,unverified,not-applicable,public-website,,,,,duplicate-alternate-candidate,Exact duplicate group DUP-123; alternate to proposed keeper MEDIA/VIDEO/20-checkmark-accountant.mp4.
VID-0017,MEDIA/VIDEO/20-checkmark-accountant.mp4,,video,20 checkmark accountant,,,,,,,,,,unverified,not-applicable,public-website,,,,,duplicate-preferred-candidate,Exact duplicate group DUP-123; proposed keeper based on active reference/name clarity.
VID-0018,MEDIA/VIDEO/28-guitar-demo-reel-1-alternate-02.mp4,,video,28 guitar demo reel 1 alternate 02,,,,,,,,,,unverified,not-applicable,public-website,,,,,duplicate-alternate-candidate,Exact duplicate group DUP-124; alternate to proposed keeper MEDIA/VIDEO/28-guitar-demo-reel-1.mp4.
VID-0019,MEDIA/VIDEO/28-guitar-demo-reel-1.mp4,,video,28 guitar demo reel 1,,,,,,,,,,unverified,not-applicable,public-website,,,,,duplicate-preferred-candidate,Exact duplicate group DUP-124; proposed keeper based on active reference/name clarity.
VID-0020,MEDIA/VIDEO/39-sharlet.mp4,,video,39 sharlet,,,,,,,,,,unverified,not-applicable,public-website,,,,,pending-human-approval,
VID-0021,MEDIA/VIDEO/checkmark-audio-albuquerque-music-studio-demoreelupdated.mp4,,video,checkmark audio albuquerque music studio demoreelupdated,recording studio,,,,,,,,,unverified,not-applicable,public-website,/recording-studio-albuquerque,,,recording studio,pending-human-approval,Page assignment is proposed from visible subject/filename and is not publication approval.
VID-0022,MEDIA/VIDEO/checkmark-audio-albuquerque-recording-studio-ad.mp4,,video,checkmark audio albuquerque recording studio ad,recording studio,Studio A,,,,,,,,unverified,not-applicable,public-website,/recording-studio-albuquerque,,,recording studio; Studio A,pending-human-approval,Page assignment is proposed from visible subject/filename and is not publication approval.
VID-0023,MEDIA/VIDEO/cma-music-studio-demo-alternate-02.mp4,,video,cma music studio demo alternate 02,recording studio,,,,,,,,,unverified,not-applicable,public-website,/recording-studio-albuquerque,,,recording studio,duplicate-alternate-candidate,Page assignment is proposed from visible subject/filename and is not publication approval. Exact duplicate group DUP-125; alternate to proposed keeper MEDIA/VIDEO/cma-music-studio-demo.mp4.
VID-0024,MEDIA/VIDEO/cma-music-studio-demo.mp4,,video,cma music studio demo,recording studio,,,,,,,,,unverified,not-applicable,public-website,/recording-studio-albuquerque,,,recording studio,duplicate-preferred-candidate,Page assignment is proposed from visible subject/filename and is not publication approval. Exact duplicate group DUP-125; proposed keeper based on active reference/name clarity.
VID-0025,MEDIA/VIDEO/demo-reel-updated.mp4,,video,demo reel updated,,,,,,,,,,unverified,not-applicable,public-website,,,,,pending-human-approval,
VID-0026,MEDIA/VIDEO/freestyle-3.mov,,video,freestyle 3,,,,,,,,,,unverified,not-applicable,public-website,,,,,pending-human-approval,
VID-0027,MEDIA/VIDEO/intro-richard-music-studio-checkmark-audio-recording.mp4,,video,intro richard music studio checkmark audio recording,recording studio,,,,,,,,,unverified,approved,public-website,/recording-studio-albuquerque,,,recording studio,pending-human-approval,Page assignment is proposed from visible subject/filename and is not publication approval.
VID-0028,MEDIA/VIDEO/introrichard-3.mp4,,video,introrichard 3,,,,,,,,,,unverified,approved,public-website,,,,,pending-human-approval,
VID-0029,MEDIA/VIDEO/john-and-elizabeth-song.mov,,video,john and elizabeth song,,,,,,,,,,unverified,not-applicable,public-website,,,,,pending-human-approval,
VID-0030,MEDIA/VIDEO/let-go-move-on.mp4,,video,let go move on,,,,,,,,,,unverified,not-applicable,public-website,,,,,pending-human-approval,
VID-0031,MEDIA/VIDEO/recording-studio-2.mp4,,video,recording studio 2,recording studio,,,,,,,,,unverified,not-applicable,public-website,/recording-studio-albuquerque,,,recording studio,pending-human-approval,Page assignment is proposed from visible subject/filename and is not publication approval.
VID-0032,MEDIA/VIDEO/recording-studio-3.mp4,,video,recording studio 3,recording studio,,,,,,,,,unverified,not-applicable,public-website,/recording-studio-albuquerque,,,recording studio,pending-human-approval,Page assignment is proposed from visible subject/filename and is not publication approval.
VID-0033,MEDIA/VIDEO/richard-in-the-studio-music-recording-fiverr-bio-full-vid-alternate-02.mp4,,video,richard in the studio music recording fiverr bio full vid alternate 02,recording studio,,,,,,,,,unverified,approved,public-website,/recording-studio-albuquerque,,,recording studio,duplicate-alternate-candidate,Page assignment is proposed from visible subject/filename and is not publication approval. Exact duplicate group DUP-126; alternate to proposed keeper MEDIA/VIDEO/richard-in-the-studio-music-recording-fiverr-bio-full-vid.mp4.
VID-0034,MEDIA/VIDEO/richard-in-the-studio-music-recording-fiverr-bio-full-vid.mp4,,video,richard in the studio music recording fiverr bio full vid,recording studio,,,,,,,,,unverified,approved,public-website,/recording-studio-albuquerque,,,recording studio,duplicate-preferred-candidate,Page assignment is proposed from visible subject/filename and is not publication approval. Exact duplicate group DUP-126; proposed keeper based on active reference/name clarity.
VID-0035,MEDIA/VIDEO/small-world-vohn.mov,,video,small world vohn,,,,,,,,,,unverified,approved,public-website,,,,,pending-human-approval,
VID-0036,MEDIA/VIDEO/surrender.mp4,,video,surrender,,,,,,,,,,unverified,not-applicable,public-website,,,,,pending-human-approval,
VID-0037,MEDIA/VIDEO/vidinsta-instagram-post-66bfe0e6af5b6-alternate-02.mp4,,video,vidinsta instagram post 66bfe0e6af5b6 alternate 02,,,,,,,,,,third-party-review-required,not-applicable,public-website,,,,,duplicate-alternate-candidate,Exact duplicate group DUP-127; alternate to proposed keeper MEDIA/VIDEO/vidinsta-instagram-post-66bfe0e6af5b6.mp4. Third-party mark or source requires rights review.
VID-0038,MEDIA/VIDEO/vidinsta-instagram-post-66bfe0e6af5b6.mp4,,video,vidinsta instagram post 66bfe0e6af5b6,,,,,,,,,,third-party-review-required,not-applicable,public-website,,,,,duplicate-preferred-candidate,Exact duplicate group DUP-127; proposed keeper based on active reference/name clarity. Third-party mark or source requires rights review.
VID-0039,MEDIA/VIDEO/vocal-production-mixing-and-mastering-checkmark-audio.mp4,,video,vocal production mixing and mastering checkmark audio,mixing and mastering,,,,,,,,,unverified,not-applicable,public-website,/mixing-mastering-albuquerque,,,mixing and mastering,pending-human-approval,Page assignment is proposed from visible subject/filename and is not publication approval.
VID-0040,MEDIA/VIDEO/void-gregorio-and-the-unknown.mov,,video,void gregorio and the unknown,,,,,,,,,,unverified,approved,public-website,,,,,pending-human-approval,
VID-0041,MEDIA/VIDEO/want-you-so-bad-teaser-2.mp4,,video,want you so bad teaser 2,,,,,,,,,,unverified,not-applicable,public-website,,,,,pending-human-approval,
IMG-0629,MEDIA/IMAGES/music-studio-desk-checkmark-audio-view-06.jpg,MEDIA/IMAGES/music-studio-desk-checkmark-audio-view-06.webp,image,music studio control room checkmark audio,music production,Control room,,,,Checkmark Audio staff,Checkmark Audio,© Checkmark Audio. All rights reserved.,Owned by Checkmark Audio; approved for public-website use.,verified,not-applicable,public-website,studio-a,Studio desk with monitors and keyboard at Checkmark Audio.,,music production; Control room,pending-human-approval,Page assignment is proposed from visible subject and is not publication approval. Original source archived outside the repo in checkmark-audio-media-originals-2026-08-07.zip (Bridget's Desktop); only the optimized web copy remains in MEDIA/IMAGES. Draft alt text generated from the SEO filename/visual content; confirm against real page context before publishing.
IMG-0630,MEDIA/IMAGES/tiny-house-elevator-checkmark-live-performance.png,MEDIA/IMAGES/GALLERY/tiny-house-elevator-checkmark-live-performance.webp,image,tiny house elevator checkmark live performance,,,,,,Checkmark Audio staff,Checkmark Audio,© Checkmark Audio. All rights reserved.,Owned by Checkmark Audio; approved for public-website use.,verified,approved,public-website,gallery,Tiny House Elevator performing live at Checkmark Audio.,,live performance,pending-human-approval,Page assignment is proposed from visible subject and is not publication approval; identifiable people require approval. Original source archived outside the repo in checkmark-audio-media-originals-2026-08-07.zip (Bridget's Desktop); only the optimized web copy remains in MEDIA/IMAGES. Draft alt text generated from the SEO filename/visual content; confirm against real page context before publishing.
IMG-0631,MEDIA/IMAGES/recording-session-behind-the-scenes-checkmark-audio-view-01.jpg,MEDIA/IMAGES/GALLERY/recording-session-behind-the-scenes-checkmark-audio-view-01.webp,image,recording session behind the scenes checkmark audio view 01,,,,,,Checkmark Audio staff,Checkmark Audio,© Checkmark Audio. All rights reserved.,Owned by Checkmark Audio; approved for public-website use.,verified,approved,public-website,gallery,Behind-the-scenes photo from a recording session at Checkmark Audio.,,,pending-human-approval,New addition; renamed for SEO consistency from original filename during cleanup pass. Original source archived outside the repo in checkmark-audio-media-originals-2026-08-07.zip (Bridget's Desktop); only the optimized web copy remains in MEDIA/IMAGES. Draft alt text generated from the SEO filename/visual content; confirm against real page context before publishing.
IMG-0632,MEDIA/IMAGES/recording-session-behind-the-scenes-checkmark-audio-view-02.jpg,MEDIA/IMAGES/GALLERY/recording-session-behind-the-scenes-checkmark-audio-view-02.webp,image,recording session behind the scenes checkmark audio view 02,,,,,,Checkmark Audio staff,Checkmark Audio,© Checkmark Audio. All rights reserved.,Owned by Checkmark Audio; approved for public-website use.,verified,approved,public-website,gallery,Behind-the-scenes photo from a recording session at Checkmark Audio.,,,pending-human-approval,New addition; renamed for SEO consistency from original filename during cleanup pass. Original source archived outside the repo in checkmark-audio-media-originals-2026-08-07.zip (Bridget's Desktop); only the optimized web copy remains in MEDIA/IMAGES. Draft alt text generated from the SEO filename/visual content; confirm against real page context before publishing.
IMG-0633,MEDIA/IMAGES/recording-session-behind-the-scenes-checkmark-audio-view-03.jpg,MEDIA/IMAGES/GALLERY/recording-session-behind-the-scenes-checkmark-audio-view-03.webp,image,recording session behind the scenes checkmark audio view 03,,,,,,Checkmark Audio staff,Checkmark Audio,© Checkmark Audio. All rights reserved.,Owned by Checkmark Audio; approved for public-website use.,verified,approved,public-website,gallery,Behind-the-scenes photo from a recording session at Checkmark Audio.,,,pending-human-approval,New addition; renamed for SEO consistency from original filename during cleanup pass. Original source archived outside the repo in checkmark-audio-media-originals-2026-08-07.zip (Bridget's Desktop); only the optimized web copy remains in MEDIA/IMAGES. Draft alt text generated from the SEO filename/visual content; confirm against real page context before publishing.
IMG-0634,MEDIA/IMAGES/recording-session-behind-the-scenes-checkmark-audio-view-04.jpg,MEDIA/IMAGES/GALLERY/recording-session-behind-the-scenes-checkmark-audio-view-04.webp,image,recording session behind the scenes checkmark audio view 04,,,,,,Checkmark Audio staff,Checkmark Audio,© Checkmark Audio. All rights reserved.,Owned by Checkmark Audio; approved for public-website use.,verified,approved,public-website,gallery,Behind-the-scenes photo from a recording session at Checkmark Audio.,,,pending-human-approval,New addition; renamed for SEO consistency from original filename during cleanup pass. Original source archived outside the repo in checkmark-audio-media-originals-2026-08-07.zip (Bridget's Desktop); only the optimized web copy remains in MEDIA/IMAGES. Draft alt text generated from the SEO filename/visual content; confirm against real page context before publishing.
IMG-0635,MEDIA/IMAGES/recording-session-behind-the-scenes-checkmark-audio-view-05.jpg,MEDIA/IMAGES/GALLERY/recording-session-behind-the-scenes-checkmark-audio-view-05.webp,image,recording session behind the scenes checkmark audio view 05,,,,,,Checkmark Audio staff,Checkmark Audio,© Checkmark Audio. All rights reserved.,Owned by Checkmark Audio; approved for public-website use.,verified,approved,public-website,gallery,Behind-the-scenes photo from a recording session at Checkmark Audio.,,,pending-human-approval,New addition; renamed for SEO consistency from original filename during cleanup pass. Original source archived outside the repo in checkmark-audio-media-originals-2026-08-07.zip (Bridget's Desktop); only the optimized web copy remains in MEDIA/IMAGES. Draft alt text generated from the SEO filename/visual content; confirm against real page context before publishing.
IMG-0636,MEDIA/IMAGES/recording-session-behind-the-scenes-checkmark-audio-view-06.jpg,MEDIA/IMAGES/GALLERY/recording-session-behind-the-scenes-checkmark-audio-view-06.webp,image,recording session behind the scenes checkmark audio view 06,,,,,,Checkmark Audio staff,Checkmark Audio,© Checkmark Audio. All rights reserved.,Owned by Checkmark Audio; approved for public-website use.,verified,approved,public-website,gallery,Behind-the-scenes photo from a recording session at Checkmark Audio.,,,pending-human-approval,New addition; renamed for SEO consistency from original filename during cleanup pass. Original source archived outside the repo in checkmark-audio-media-originals-2026-08-07.zip (Bridget's Desktop); only the optimized web copy remains in MEDIA/IMAGES. Draft alt text generated from the SEO filename/visual content; confirm against real page context before publishing.
IMG-0637,MEDIA/IMAGES/recording-session-behind-the-scenes-checkmark-audio-view-07.jpg,MEDIA/IMAGES/GALLERY/recording-session-behind-the-scenes-checkmark-audio-view-07.webp,image,recording session behind the scenes checkmark audio view 07,,,,,,Checkmark Audio staff,Checkmark Audio,© Checkmark Audio. All rights reserved.,Owned by Checkmark Audio; approved for public-website use.,verified,approved,public-website,gallery,Behind-the-scenes photo from a recording session at Checkmark Audio.,,,pending-human-approval,New addition; renamed for SEO consistency from original filename during cleanup pass. Original source archived outside the repo in checkmark-audio-media-originals-2026-08-07.zip (Bridget's Desktop); only the optimized web copy remains in MEDIA/IMAGES. Draft alt text generated from the SEO filename/visual content; confirm against real page context before publishing.
IMG-0638,MEDIA/IMAGES/unchained-albuquerque-music-scene-checkmark-audio-client-view-01.jpg,MEDIA/IMAGES/GALLERY/unchained-albuquerque-music-scene-checkmark-audio-client-view-01.webp,image,unchained albuquerque music scene checkmark audio client view 01,,,,,,Unchained,Courtesy of Unchained,© Unchained. Used with permission.,Property of Unchained; used with the band's permission for Checkmark Audio promotional/website purposes.,verified,approved,public-website,gallery,"Unchained, an Albuquerque band Checkmark Audio has recorded and mixed for.",,,pending-human-approval,"New addition; renamed for SEO consistency from original filename during cleanup pass. Original source archived outside the repo in checkmark-audio-media-originals-2026-08-07.zip (Bridget's Desktop); only the optimized web copy remains in MEDIA/IMAGES. Draft alt text generated from the SEO filename/visual content; confirm against real page context before publishing. Confirmed by Gavin 2026-08-08: image usable, credited as property of Unchained."
IMG-0639,MEDIA/IMAGES/unchained-albuquerque-music-scene-checkmark-audio-client-view-02.jpg,MEDIA/IMAGES/GALLERY/unchained-albuquerque-music-scene-checkmark-audio-client-view-02.webp,image,unchained albuquerque music scene checkmark audio client view 02,,,,,,Unchained,Courtesy of Unchained,© Unchained. Used with permission.,Property of Unchained; used with the band's permission for Checkmark Audio promotional/website purposes.,verified,approved,public-website,gallery,"Unchained, an Albuquerque band Checkmark Audio has recorded and mixed for.",,,pending-human-approval,"New addition; renamed for SEO consistency from original filename during cleanup pass. Original source archived outside the repo in checkmark-audio-media-originals-2026-08-07.zip (Bridget's Desktop); only the optimized web copy remains in MEDIA/IMAGES. Draft alt text generated from the SEO filename/visual content; confirm against real page context before publishing. Confirmed by Gavin 2026-08-08: image usable, credited as property of Unchained."
IMG-0640,MEDIA/IMAGES/unchained-interview-checkmark-audio-studio-albuquerque.jpg,MEDIA/IMAGES/unchained-interview-checkmark-audio-studio-albuquerque.webp,image,unchained interview checkmark audio studio albuquerque,,,,,,Checkmark Audio staff,Checkmark Audio,© Checkmark Audio. All rights reserved.,Owned by Checkmark Audio; approved for public-website use.,verified,approved,public-website,studio-a,Unchained at the on-air interview set at Checkmark Audio.,,,pending-human-approval,New addition; renamed for SEO consistency from original filename during cleanup pass. Original source archived outside the repo in checkmark-audio-media-originals-2026-08-07.zip (Bridget's Desktop); only the optimized web copy remains in MEDIA/IMAGES. Draft alt text generated from the SEO filename/visual content; confirm against real page context before publishing.
IMG-0641,MEDIA/IMAGES/ann-and-kqakqa-albuquerque-music-scene-checkmark-audio-client-view-01.jpg,MEDIA/IMAGES/GALLERY/ann-and-kqakqa-albuquerque-music-scene-checkmark-audio-client-view-01.webp,image,ann and kqakqa albuquerque music scene checkmark audio client view 01,,,,,,Ann & KqaKqa,Courtesy of Ann & KqaKqa,© Ann & KqaKqa. Used with permission.,Property of Ann & KqaKqa; used with the band's permission for Checkmark Audio promotional/website purposes.,verified,approved,public-website,gallery,"Ann & KqaKqa, an Albuquerque band Checkmark Audio has recorded and mixed for.",,,pending-human-approval,"New addition; renamed for SEO consistency from original filename during cleanup pass. Original source archived outside the repo in checkmark-audio-media-originals-2026-08-07.zip (Bridget's Desktop); only the optimized web copy remains in MEDIA/IMAGES. Draft alt text generated from the SEO filename/visual content; confirm against real page context before publishing. Confirmed by Gavin 2026-08-08: image usable, credited as property of Ann & KqaKqa."
IMG-0642,MEDIA/IMAGES/ann-and-kqakqa-albuquerque-music-scene-checkmark-audio-client-view-02.jpg,MEDIA/IMAGES/GALLERY/ann-and-kqakqa-albuquerque-music-scene-checkmark-audio-client-view-02.webp,image,ann and kqakqa albuquerque music scene checkmark audio client view 02,,,,,,Ann & KqaKqa,Courtesy of Ann & KqaKqa,© Ann & KqaKqa. Used with permission.,Property of Ann & KqaKqa; used with the band's permission for Checkmark Audio promotional/website purposes.,verified,approved,public-website,gallery,"Ann & KqaKqa, an Albuquerque band Checkmark Audio has recorded and mixed for.",,,pending-human-approval,"New addition; renamed for SEO consistency from original filename during cleanup pass. Original source archived outside the repo in checkmark-audio-media-originals-2026-08-07.zip (Bridget's Desktop); only the optimized web copy remains in MEDIA/IMAGES. Draft alt text generated from the SEO filename/visual content; confirm against real page context before publishing. Confirmed by Gavin 2026-08-08: image usable, credited as property of Ann & KqaKqa."
IMG-0643,MEDIA/IMAGES/ann-and-kqakqa-albuquerque-music-scene-checkmark-audio-client-view-03.jpg,MEDIA/IMAGES/GALLERY/ann-and-kqakqa-albuquerque-music-scene-checkmark-audio-client-view-03.webp,image,ann and kqakqa albuquerque music scene checkmark audio client view 03,,,,,,Ann & KqaKqa,Courtesy of Ann & KqaKqa,© Ann & KqaKqa. Used with permission.,Property of Ann & KqaKqa; used with the band's permission for Checkmark Audio promotional/website purposes.,verified,approved,public-website,gallery,"Ann & KqaKqa, an Albuquerque band Checkmark Audio has recorded and mixed for.",,,pending-human-approval,"New addition; renamed for SEO consistency from original filename during cleanup pass. Original source archived outside the repo in checkmark-audio-media-originals-2026-08-07.zip (Bridget's Desktop); only the optimized web copy remains in MEDIA/IMAGES. Draft alt text generated from the SEO filename/visual content; confirm against real page context before publishing. Confirmed by Gavin 2026-08-08: image usable, credited as property of Ann & KqaKqa."
IMG-0644,MEDIA/IMAGES/ann-and-kqakqa-albuquerque-music-scene-checkmark-audio-client-view-04.jpg,MEDIA/IMAGES/GALLERY/ann-and-kqakqa-albuquerque-music-scene-checkmark-audio-client-view-04.webp,image,ann and kqakqa albuquerque music scene checkmark audio client view 04,,,,,,Ann & KqaKqa,Courtesy of Ann & KqaKqa,© Ann & KqaKqa. Used with permission.,Property of Ann & KqaKqa; used with the band's permission for Checkmark Audio promotional/website purposes.,verified,approved,public-website,gallery,"Ann & KqaKqa, an Albuquerque band Checkmark Audio has recorded and mixed for.",,,pending-human-approval,"New addition; renamed for SEO consistency from original filename during cleanup pass. Original source archived outside the repo in checkmark-audio-media-originals-2026-08-07.zip (Bridget's Desktop); only the optimized web copy remains in MEDIA/IMAGES. Draft alt text generated from the SEO filename/visual content; confirm against real page context before publishing. Confirmed by Gavin 2026-08-08: image usable, credited as property of Ann & KqaKqa."
IMG-0645,MEDIA/IMAGES/ann-and-kqakqa-albuquerque-music-scene-checkmark-audio-client-view-05.jpg,MEDIA/IMAGES/GALLERY/ann-and-kqakqa-albuquerque-music-scene-checkmark-audio-client-view-05.webp,image,ann and kqakqa albuquerque music scene checkmark audio client view 05,,,,,,Ann & KqaKqa,Courtesy of Ann & KqaKqa,© Ann & KqaKqa. Used with permission.,Property of Ann & KqaKqa; used with the band's permission for Checkmark Audio promotional/website purposes.,verified,approved,public-website,gallery,"Ann & KqaKqa, an Albuquerque band Checkmark Audio has recorded and mixed for.",,,pending-human-approval,"New addition; renamed for SEO consistency from original filename during cleanup pass. Original source archived outside the repo in checkmark-audio-media-originals-2026-08-07.zip (Bridget's Desktop); only the optimized web copy remains in MEDIA/IMAGES. Draft alt text generated from the SEO filename/visual content; confirm against real page context before publishing. Confirmed by Gavin 2026-08-08: image usable, credited as property of Ann & KqaKqa."
IMG-0646,MEDIA/IMAGES/neh-albuquerque-music-scene-checkmark-audio-client-view-01.jpg,MEDIA/IMAGES/GALLERY/neh-albuquerque-music-scene-checkmark-audio-client-view-01.webp,image,neh albuquerque music scene checkmark audio client view 01,,,,,,NEH,Courtesy of NEH,© NEH. Used with permission.,Property of NEH; used with the band's permission for Checkmark Audio promotional/website purposes.,verified,approved,public-website,gallery,"NEH, an Albuquerque band Checkmark Audio has recorded and mixed for.",,,pending-human-approval,"New addition; renamed for SEO consistency from original filename during cleanup pass. Original source archived outside the repo in checkmark-audio-media-originals-2026-08-07.zip (Bridget's Desktop); only the optimized web copy remains in MEDIA/IMAGES. Draft alt text generated from the SEO filename/visual content; confirm against real page context before publishing. Confirmed by Gavin 2026-08-08: image usable, credited as property of NEH."
IMG-0647,MEDIA/IMAGES/neh-albuquerque-music-scene-checkmark-audio-client-view-02.jpg,MEDIA/IMAGES/GALLERY/neh-albuquerque-music-scene-checkmark-audio-client-view-02.webp,image,neh albuquerque music scene checkmark audio client view 02,,,,,,NEH,Courtesy of NEH,© NEH. Used with permission.,Property of NEH; used with the band's permission for Checkmark Audio promotional/website purposes.,verified,approved,public-website,gallery,"NEH, an Albuquerque band Checkmark Audio has recorded and mixed for.",,,pending-human-approval,"New addition; renamed for SEO consistency from original filename during cleanup pass. Original source archived outside the repo in checkmark-audio-media-originals-2026-08-07.zip (Bridget's Desktop); only the optimized web copy remains in MEDIA/IMAGES. Draft alt text generated from the SEO filename/visual content; confirm against real page context before publishing. Confirmed by Gavin 2026-08-08: image usable, credited as property of NEH."
IMG-0648,MEDIA/IMAGES/neh-albuquerque-music-scene-checkmark-audio-client-view-03.jpg,MEDIA/IMAGES/GALLERY/neh-albuquerque-music-scene-checkmark-audio-client-view-03.webp,image,neh albuquerque music scene checkmark audio client view 03,,,,,,NEH,Courtesy of NEH,© NEH. Used with permission.,Property of NEH; used with the band's permission for Checkmark Audio promotional/website purposes.,verified,approved,public-website,gallery,"NEH, an Albuquerque band Checkmark Audio has recorded and mixed for.",,,pending-human-approval,"New addition; renamed for SEO consistency from original filename during cleanup pass. Original source archived outside the repo in checkmark-audio-media-originals-2026-08-07.zip (Bridget's Desktop); only the optimized web copy remains in MEDIA/IMAGES. Draft alt text generated from the SEO filename/visual content; confirm against real page context before publishing. Confirmed by Gavin 2026-08-08: image usable, credited as property of NEH."
IMG-0649,MEDIA/IMAGES/neh-albuquerque-music-scene-checkmark-audio-client-view-04.jpg,MEDIA/IMAGES/GALLERY/neh-albuquerque-music-scene-checkmark-audio-client-view-04.webp,image,neh albuquerque music scene checkmark audio client view 04,,,,,,NEH,Courtesy of NEH,© NEH. Used with permission.,Property of NEH; used with the band's permission for Checkmark Audio promotional/website purposes.,verified,approved,public-website,gallery,"NEH, an Albuquerque band Checkmark Audio has recorded and mixed for.",,,pending-human-approval,"New addition; renamed for SEO consistency from original filename during cleanup pass. Original source archived outside the repo in checkmark-audio-media-originals-2026-08-07.zip (Bridget's Desktop); only the optimized web copy remains in MEDIA/IMAGES. Draft alt text generated from the SEO filename/visual content; confirm against real page context before publishing. Confirmed by Gavin 2026-08-08: image usable, credited as property of NEH."
IMG-0650,MEDIA/IMAGES/neh-band-logo.jpg,MEDIA/IMAGES/neh-band-logo.webp,image,neh band logo,,,,,,NEH,Courtesy of NEH,© NEH. Used with permission.,Property of NEH; used with the band's permission for Checkmark Audio promotional/website purposes.,verified,approved,public-website,artist-promotion,NEH's band logo.,,,pending-human-approval,New addition; renamed for SEO consistency from original filename during cleanup pass. Original source archived outside the repo in checkmark-audio-media-originals-2026-08-07.zip (Bridget's Desktop); only the optimized web copy remains in MEDIA/IMAGES. Draft alt text generated from the SEO filename/visual content; confirm against real page context before publishing. Band's own logo; same permission basis as their other supplied material.
IMG-0651,MEDIA/IMAGES/neh-albuquerque-music-scene-checkmark-audio-client-view-05.jpg,MEDIA/IMAGES/GALLERY/neh-albuquerque-music-scene-checkmark-audio-client-view-05.webp,image,neh albuquerque music scene checkmark audio client view 05,,,,,,NEH,Courtesy of NEH,© NEH. Used with permission.,Property of NEH; used with the band's permission for Checkmark Audio promotional/website purposes.,verified,approved,public-website,gallery,"NEH, an Albuquerque band Checkmark Audio has recorded and mixed for.",,,pending-human-approval,"New addition; renamed for SEO consistency from original filename during cleanup pass. Original source archived outside the repo in checkmark-audio-media-originals-2026-08-07.zip (Bridget's Desktop); only the optimized web copy remains in MEDIA/IMAGES. Draft alt text generated from the SEO filename/visual content; confirm against real page context before publishing. Confirmed by Gavin 2026-08-08: image usable, credited as property of NEH."
IMG-0652,MEDIA/IMAGES/neh-albuquerque-music-scene-checkmark-audio-client-view-06.jpg,MEDIA/IMAGES/GALLERY/neh-albuquerque-music-scene-checkmark-audio-client-view-06.webp,image,neh albuquerque music scene checkmark audio client view 06,,,,,,NEH,Courtesy of NEH,© NEH. Used with permission.,Property of NEH; used with the band's permission for Checkmark Audio promotional/website purposes.,verified,approved,public-website,gallery,"NEH, an Albuquerque band Checkmark Audio has recorded and mixed for.",,,pending-human-approval,"New addition; renamed for SEO consistency from original filename during cleanup pass. Original source archived outside the repo in checkmark-audio-media-originals-2026-08-07.zip (Bridget's Desktop); only the optimized web copy remains in MEDIA/IMAGES. Draft alt text generated from the SEO filename/visual content; confirm against real page context before publishing. Confirmed by Gavin 2026-08-08: image usable, credited as property of NEH."
IMG-0653,MEDIA/IMAGES/neh-albuquerque-music-scene-checkmark-audio-client-view-07.jpg,MEDIA/IMAGES/GALLERY/neh-albuquerque-music-scene-checkmark-audio-client-view-07.webp,image,neh albuquerque music scene checkmark audio client view 07,,,,,,NEH,Courtesy of NEH,© NEH. Used with permission.,Property of NEH; used with the band's permission for Checkmark Audio promotional/website purposes.,verified,approved,public-website,gallery,"NEH, an Albuquerque band Checkmark Audio has recorded and mixed for.",,,pending-human-approval,"New addition; renamed for SEO consistency from original filename during cleanup pass. Original source archived outside the repo in checkmark-audio-media-originals-2026-08-07.zip (Bridget's Desktop); only the optimized web copy remains in MEDIA/IMAGES. Draft alt text generated from the SEO filename/visual content; confirm against real page context before publishing. Confirmed by Gavin 2026-08-08: image usable, credited as property of NEH."
IMG-0654,MEDIA/IMAGES/neh-albuquerque-music-scene-checkmark-audio-client-view-08.jpg,MEDIA/IMAGES/GALLERY/neh-albuquerque-music-scene-checkmark-audio-client-view-08.webp,image,neh albuquerque music scene checkmark audio client view 08,,,,,,NEH,Courtesy of NEH,© NEH. Used with permission.,Property of NEH; used with the band's permission for Checkmark Audio promotional/website purposes.,verified,approved,public-website,gallery,"NEH, an Albuquerque band Checkmark Audio has recorded and mixed for.",,,pending-human-approval,"New addition; renamed for SEO consistency from original filename during cleanup pass. Original source archived outside the repo in checkmark-audio-media-originals-2026-08-07.zip (Bridget's Desktop); only the optimized web copy remains in MEDIA/IMAGES. Draft alt text generated from the SEO filename/visual content; confirm against real page context before publishing. Confirmed by Gavin 2026-08-08: image usable, credited as property of NEH."
IMG-0655,MEDIA/IMAGES/neh-albuquerque-music-scene-checkmark-audio-client-view-09.jpg,MEDIA/IMAGES/GALLERY/neh-albuquerque-music-scene-checkmark-audio-client-view-09.webp,image,neh albuquerque music scene checkmark audio client view 09,,,,,,NEH,Courtesy of NEH,© NEH. Used with permission.,Property of NEH; used with the band's permission for Checkmark Audio promotional/website purposes.,verified,approved,public-website,gallery,"NEH, an Albuquerque band Checkmark Audio has recorded and mixed for.",,,pending-human-approval,"New addition; renamed for SEO consistency from original filename during cleanup pass. Original source archived outside the repo in checkmark-audio-media-originals-2026-08-07.zip (Bridget's Desktop); only the optimized web copy remains in MEDIA/IMAGES. Draft alt text generated from the SEO filename/visual content; confirm against real page context before publishing. Confirmed by Gavin 2026-08-08: image usable, credited as property of NEH."
IMG-0656,MEDIA/IMAGES/neh-albuquerque-music-scene-checkmark-audio-client-view-10.jpg,MEDIA/IMAGES/GALLERY/neh-albuquerque-music-scene-checkmark-audio-client-view-10.webp,image,neh albuquerque music scene checkmark audio client view 10,,,,,,NEH,Courtesy of NEH,© NEH. Used with permission.,Property of NEH; used with the band's permission for Checkmark Audio promotional/website purposes.,verified,approved,public-website,gallery,"NEH, an Albuquerque band Checkmark Audio has recorded and mixed for.",,,pending-human-approval,"New addition; renamed for SEO consistency from original filename during cleanup pass. Original source archived outside the repo in checkmark-audio-media-originals-2026-08-07.zip (Bridget's Desktop); only the optimized web copy remains in MEDIA/IMAGES. Draft alt text generated from the SEO filename/visual content; confirm against real page context before publishing. Confirmed by Gavin 2026-08-08: image usable, credited as property of NEH."
IMG-0657,MEDIA/IMAGES/artist-interview-checkmark-audio-studio-episode-thumbnail.jpg,MEDIA/IMAGES/artist-interview-checkmark-audio-studio-episode-thumbnail.webp,image,artist interview checkmark audio studio episode thumbnail,,,,,,Checkmark Audio staff,Checkmark Audio,© Checkmark Audio. All rights reserved.,Owned by Checkmark Audio; approved for public-website use.,verified,approved,public-website,studio-a,Thumbnail for an artist interview episode filmed at Checkmark Audio.,,,pending-human-approval,New addition; renamed for SEO consistency from original filename during cleanup pass. Original source archived outside the repo in checkmark-audio-media-originals-2026-08-07.zip (Bridget's Desktop); only the optimized web copy remains in MEDIA/IMAGES. Draft alt text generated from the SEO filename/visual content; confirm against real page context before publishing.
IMG-0658,MEDIA/IMAGES/gavin-hammond-live-room-checkmark-audio.png,MEDIA/IMAGES/gavin-hammond-live-room-checkmark-audio.webp,image,gavin hammond live room checkmark audio,,,,,,Checkmark Audio staff,Checkmark Audio,© Checkmark Audio. All rights reserved.,Owned by Checkmark Audio; approved for public-website use.,verified,approved,public-website,our-team,Gavin Hammond playing keyboard in the Live Room at Checkmark Audio.,,,pending-human-approval,New addition; renamed for SEO consistency from original filename during cleanup pass. Original source archived outside the repo in checkmark-audio-media-originals-2026-08-07.zip (Bridget's Desktop); only the optimized web copy remains in MEDIA/IMAGES. Draft alt text generated from the SEO filename/visual content; confirm against real page context before publishing.
IMG-0659,MEDIA/IMAGES/christian-recording-artist-live-performance-checkmark-audio.jpg,MEDIA/IMAGES/christian-recording-artist-live-performance-checkmark-audio.webp,image,christian recording artist live performance checkmark audio,,,,,,Checkmark Audio staff,Checkmark Audio,© Checkmark Audio. All rights reserved.,Owned by Checkmark Audio; approved for public-website use.,verified,approved,public-website,artist-photography,Christian performing live.,,,pending-human-approval,New addition; renamed for SEO consistency from original filename during cleanup pass. Original source archived outside the repo in checkmark-audio-media-originals-2026-08-07.zip (Bridget's Desktop); only the optimized web copy remains in MEDIA/IMAGES. Draft alt text generated from the SEO filename/visual content; confirm against real page context before publishing.
IMG-0660,MEDIA/IMAGES/country-medicine-recording-session-checkmark-audio-view-01.jpg,MEDIA/IMAGES/GALLERY/country-medicine-recording-session-checkmark-audio-view-01.webp,image,country medicine recording session checkmark audio view 01,,,,,,Checkmark Audio staff,Checkmark Audio,© Checkmark Audio. All rights reserved.,Owned by Checkmark Audio; approved for public-website use.,verified,approved,public-website,gallery,Country Medicine recording a session at Checkmark Audio.,,,pending-human-approval,New addition; renamed for SEO consistency from original filename during cleanup pass. Original source archived outside the repo in checkmark-audio-media-originals-2026-08-07.zip (Bridget's Desktop); only the optimized web copy remains in MEDIA/IMAGES. Draft alt text generated from the SEO filename/visual content; confirm against real page context before publishing.
IMG-0661,MEDIA/IMAGES/country-medicine-recording-session-checkmark-audio-view-02.jpg,MEDIA/IMAGES/GALLERY/country-medicine-recording-session-checkmark-audio-view-02.webp,image,country medicine recording session checkmark audio view 02,,,,,,Checkmark Audio staff,Checkmark Audio,© Checkmark Audio. All rights reserved.,Owned by Checkmark Audio; approved for public-website use.,verified,approved,public-website,gallery,Country Medicine recording a session at Checkmark Audio.,,,pending-human-approval,New addition; renamed for SEO consistency from original filename during cleanup pass. Original source archived outside the repo in checkmark-audio-media-originals-2026-08-07.zip (Bridget's Desktop); only the optimized web copy remains in MEDIA/IMAGES. Draft alt text generated from the SEO filename/visual content; confirm against real page context before publishing.
IMG-0662,MEDIA/IMAGES/country-medicine-recording-session-checkmark-audio-view-03.jpg,MEDIA/IMAGES/GALLERY/country-medicine-recording-session-checkmark-audio-view-03.webp,image,country medicine recording session checkmark audio view 03,,,,,,Checkmark Audio staff,Checkmark Audio,© Checkmark Audio. All rights reserved.,Owned by Checkmark Audio; approved for public-website use.,verified,approved,public-website,gallery,Country Medicine recording a session at Checkmark Audio.,,,pending-human-approval,New addition; renamed for SEO consistency from original filename during cleanup pass. Original source archived outside the repo in checkmark-audio-media-originals-2026-08-07.zip (Bridget's Desktop); only the optimized web copy remains in MEDIA/IMAGES. Draft alt text generated from the SEO filename/visual content; confirm against real page context before publishing.
IMG-0663,MEDIA/IMAGES/country-medicine-interview-checkmark-audio-studio-thumbnail.jpg,MEDIA/IMAGES/country-medicine-interview-checkmark-audio-studio-thumbnail.webp,image,country medicine interview checkmark audio studio thumbnail,,,,,,Checkmark Audio staff,Checkmark Audio,© Checkmark Audio. All rights reserved.,Owned by Checkmark Audio; approved for public-website use.,verified,approved,public-website,studio-a,Country Medicine at the on-air interview set at Checkmark Audio.,,,pending-human-approval,New addition; renamed for SEO consistency from original filename during cleanup pass. Original source archived outside the repo in checkmark-audio-media-originals-2026-08-07.zip (Bridget's Desktop); only the optimized web copy remains in MEDIA/IMAGES. Draft alt text generated from the SEO filename/visual content; confirm against real page context before publishing.
IMG-0664,MEDIA/IMAGES/country-medicine-albuquerque-music-scene-checkmark-audio-client-view-01.jpg,MEDIA/IMAGES/GALLERY/country-medicine-albuquerque-music-scene-checkmark-audio-client-view-01.webp,image,country medicine albuquerque music scene checkmark audio client view 01,,,,,,Country Medicine,Courtesy of Country Medicine,© Country Medicine. Used with permission.,Property of Country Medicine; used with the band's permission for Checkmark Audio promotional/website purposes.,verified,approved,public-website,gallery,"Country Medicine, an Albuquerque band Checkmark Audio has recorded and mixed for.",,,pending-human-approval,"New addition; renamed for SEO consistency from original filename during cleanup pass. Original source archived outside the repo in checkmark-audio-media-originals-2026-08-07.zip (Bridget's Desktop); only the optimized web copy remains in MEDIA/IMAGES. Draft alt text generated from the SEO filename/visual content; confirm against real page context before publishing. Confirmed by Gavin 2026-08-08: image usable, credited as property of Country Medicine."
IMG-0665,MEDIA/IMAGES/daniel-interview-checkmark-audio-studio-teaser-thumbnail.jpg,MEDIA/IMAGES/daniel-interview-checkmark-audio-studio-teaser-thumbnail.webp,image,daniel interview checkmark audio studio teaser thumbnail,,,,,,Checkmark Audio staff,Checkmark Audio,© Checkmark Audio. All rights reserved.,Owned by Checkmark Audio; approved for public-website use.,verified,approved,public-website,studio-a,Daniel during a recorded interview at Checkmark Audio.,,,pending-human-approval,New addition; renamed for SEO consistency from original filename during cleanup pass. Original source archived outside the repo in checkmark-audio-media-originals-2026-08-07.zip (Bridget's Desktop); only the optimized web copy remains in MEDIA/IMAGES. Draft alt text generated from the SEO filename/visual content; confirm against real page context before publishing.
IMG-0666,MEDIA/IMAGES/daniel-interview-checkmark-audio-studio-thumbnail-view-01.jpg,MEDIA/IMAGES/daniel-interview-checkmark-audio-studio-thumbnail-view-01.webp,image,daniel interview checkmark audio studio thumbnail view 01,,,,,,Checkmark Audio staff,Checkmark Audio,© Checkmark Audio. All rights reserved.,Owned by Checkmark Audio; approved for public-website use.,verified,approved,public-website,studio-a,Daniel during a recorded interview at Checkmark Audio.,,,pending-human-approval,New addition; renamed for SEO consistency from original filename during cleanup pass. Original source archived outside the repo in checkmark-audio-media-originals-2026-08-07.zip (Bridget's Desktop); only the optimized web copy remains in MEDIA/IMAGES. Draft alt text generated from the SEO filename/visual content; confirm against real page context before publishing.
IMG-0667,MEDIA/IMAGES/daniel-interview-checkmark-audio-studio-thumbnail-view-02.jpg,MEDIA/IMAGES/daniel-interview-checkmark-audio-studio-thumbnail-view-02.webp,image,daniel interview checkmark audio studio thumbnail view 02,,,,,,Checkmark Audio staff,Checkmark Audio,© Checkmark Audio. All rights reserved.,Owned by Checkmark Audio; approved for public-website use.,verified,approved,public-website,studio-a,Daniel during a recorded interview at Checkmark Audio.,,,pending-human-approval,New addition; renamed for SEO consistency from original filename during cleanup pass. Original source archived outside the repo in checkmark-audio-media-originals-2026-08-07.zip (Bridget's Desktop); only the optimized web copy remains in MEDIA/IMAGES. Draft alt text generated from the SEO filename/visual content; confirm against real page context before publishing.
IMG-0668,MEDIA/IMAGES/daniel-interview-checkmark-audio-studio-view-01.jpg,MEDIA/IMAGES/daniel-interview-checkmark-audio-studio-view-01.webp,image,daniel interview checkmark audio studio view 01,,,,,,Checkmark Audio staff,Checkmark Audio,© Checkmark Audio. All rights reserved.,Owned by Checkmark Audio; approved for public-website use.,verified,approved,public-website,studio-a,Daniel during a recorded interview at Checkmark Audio.,,,pending-human-approval,New addition; renamed for SEO consistency from original filename during cleanup pass. Original source archived outside the repo in checkmark-audio-media-originals-2026-08-07.zip (Bridget's Desktop); only the optimized web copy remains in MEDIA/IMAGES. Draft alt text generated from the SEO filename/visual content; confirm against real page context before publishing.
IMG-0669,MEDIA/IMAGES/daniel-interview-checkmark-audio-studio-view-02.jpg,MEDIA/IMAGES/daniel-interview-checkmark-audio-studio-view-02.webp,image,daniel interview checkmark audio studio view 02,,,,,,Checkmark Audio staff,Checkmark Audio,© Checkmark Audio. All rights reserved.,Owned by Checkmark Audio; approved for public-website use.,verified,approved,public-website,studio-a,Daniel during a recorded interview at Checkmark Audio.,,,pending-human-approval,New addition; renamed for SEO consistency from original filename during cleanup pass. Original source archived outside the repo in checkmark-audio-media-originals-2026-08-07.zip (Bridget's Desktop); only the optimized web copy remains in MEDIA/IMAGES. Draft alt text generated from the SEO filename/visual content; confirm against real page context before publishing.
IMG-0670,MEDIA/IMAGES/daniel-interview-checkmark-audio-studio-view-03.jpg,MEDIA/IMAGES/daniel-interview-checkmark-audio-studio-view-03.webp,image,daniel interview checkmark audio studio view 03,,,,,,Checkmark Audio staff,Checkmark Audio,© Checkmark Audio. All rights reserved.,Owned by Checkmark Audio; approved for public-website use.,verified,approved,public-website,studio-a,Daniel during a recorded interview at Checkmark Audio.,,,pending-human-approval,New addition; renamed for SEO consistency from original filename during cleanup pass. Original source archived outside the repo in checkmark-audio-media-originals-2026-08-07.zip (Bridget's Desktop); only the optimized web copy remains in MEDIA/IMAGES. Draft alt text generated from the SEO filename/visual content; confirm against real page context before publishing.
IMG-0671,MEDIA/IMAGES/daniel-behind-the-scenes-checkmark-audio-view-01.jpg,MEDIA/IMAGES/GALLERY/daniel-behind-the-scenes-checkmark-audio-view-01.webp,image,daniel behind the scenes checkmark audio view 01,,,,,,Checkmark Audio staff,Checkmark Audio,© Checkmark Audio. All rights reserved.,Owned by Checkmark Audio; approved for public-website use.,verified,approved,public-website,gallery,Behind-the-scenes photo of Daniel's session at Checkmark Audio.,,,pending-human-approval,New addition; renamed for SEO consistency from original filename during cleanup pass. Original source archived outside the repo in checkmark-audio-media-originals-2026-08-07.zip (Bridget's Desktop); only the optimized web copy remains in MEDIA/IMAGES. Draft alt text generated from the SEO filename/visual content; confirm against real page context before publishing.
IMG-0672,MEDIA/IMAGES/daniel-behind-the-scenes-checkmark-audio-view-02.jpg,MEDIA/IMAGES/GALLERY/daniel-behind-the-scenes-checkmark-audio-view-02.webp,image,daniel behind the scenes checkmark audio view 02,,,,,,Checkmark Audio staff,Checkmark Audio,© Checkmark Audio. All rights reserved.,Owned by Checkmark Audio; approved for public-website use.,verified,approved,public-website,gallery,Behind-the-scenes photo of Daniel's session at Checkmark Audio.,,,pending-human-approval,New addition; renamed for SEO consistency from original filename during cleanup pass. Original source archived outside the repo in checkmark-audio-media-originals-2026-08-07.zip (Bridget's Desktop); only the optimized web copy remains in MEDIA/IMAGES. Draft alt text generated from the SEO filename/visual content; confirm against real page context before publishing.
IMG-0673,MEDIA/IMAGES/daniel-albuquerque-music-scene-checkmark-audio-client-view-01.jpg,MEDIA/IMAGES/GALLERY/daniel-albuquerque-music-scene-checkmark-audio-client-view-01.webp,image,daniel albuquerque music scene checkmark audio client view 01,,,,,,Daniel,Courtesy of Daniel,© Daniel. Used with permission.,Property of Daniel; used with the band's permission for Checkmark Audio promotional/website purposes.,verified,approved,public-website,gallery,"Daniel, an Albuquerque-based artist Checkmark Audio has worked with, out in the community.",,,pending-human-approval,"New addition; renamed for SEO consistency from original filename during cleanup pass. Original source archived outside the repo in checkmark-audio-media-originals-2026-08-07.zip (Bridget's Desktop); only the optimized web copy remains in MEDIA/IMAGES. Draft alt text generated from the SEO filename/visual content; confirm against real page context before publishing. Confirmed by Gavin 2026-08-08: image usable, credited as property of Daniel."
IMG-0674,MEDIA/IMAGES/daniel-albuquerque-music-scene-checkmark-audio-client-view-02.jpg,MEDIA/IMAGES/GALLERY/daniel-albuquerque-music-scene-checkmark-audio-client-view-02.webp,image,daniel albuquerque music scene checkmark audio client view 02,,,,,,Daniel,Courtesy of Daniel,© Daniel. Used with permission.,Property of Daniel; used with the band's permission for Checkmark Audio promotional/website purposes.,verified,approved,public-website,gallery,"Daniel, an Albuquerque-based artist Checkmark Audio has worked with, out in the community.",,,pending-human-approval,"New addition; renamed for SEO consistency from original filename during cleanup pass. Original source archived outside the repo in checkmark-audio-media-originals-2026-08-07.zip (Bridget's Desktop); only the optimized web copy remains in MEDIA/IMAGES. Draft alt text generated from the SEO filename/visual content; confirm against real page context before publishing. Confirmed by Gavin 2026-08-08: image usable, credited as property of Daniel."
IMG-0675,MEDIA/IMAGES/gregorio-and-the-unknown-music-video-checkmark-audio-thumbnail.jpg,MEDIA/IMAGES/gregorio-and-the-unknown-music-video-checkmark-audio-thumbnail.webp,image,gregorio and the unknown music video checkmark audio thumbnail,,,,,,Checkmark Audio staff,Checkmark Audio,© Checkmark Audio. All rights reserved.,Owned by Checkmark Audio; approved for public-website use.,verified,approved,public-website,artist-promotion,Thumbnail for a Gregorio and The Unknown music video.,,,pending-human-approval,New addition; renamed for SEO consistency from original filename during cleanup pass. Original source archived outside the repo in checkmark-audio-media-originals-2026-08-07.zip (Bridget's Desktop); only the optimized web copy remains in MEDIA/IMAGES. Draft alt text generated from the SEO filename/visual content; confirm against real page context before publishing.
IMG-0676,MEDIA/IMAGES/gregorio-and-the-unknown-albuquerque-music-scene-checkmark-audio-client-view-01.jpeg,MEDIA/IMAGES/GALLERY/gregorio-and-the-unknown-albuquerque-music-scene-checkmark-audio-client-view-01.webp,image,gregorio and the unknown albuquerque music scene checkmark audio client view 01,,,,,,Gregorio and The Unknown,Courtesy of Gregorio and The Unknown,© Gregorio and The Unknown. Used with permission.,Property of Gregorio and The Unknown; used with the band's permission for Checkmark Audio promotional/website purposes.,verified,approved,public-website,gallery,"Gregorio and The Unknown, an Albuquerque band Checkmark Audio has recorded and mixed for.",,,pending-human-approval,"New addition; renamed for SEO consistency from original filename during cleanup pass. Original source archived outside the repo in checkmark-audio-media-originals-2026-08-07.zip (Bridget's Desktop); only the optimized web copy remains in MEDIA/IMAGES. Draft alt text generated from the SEO filename/visual content; confirm against real page context before publishing. Confirmed by Gavin 2026-08-08: image usable, credited as property of Gregorio and The Unknown."
IMG-0677,MEDIA/IMAGES/gregorio-and-the-unknown-music-video-session-studio-b-checkmark-audio-view-01.jpg,MEDIA/IMAGES/GALLERY/gregorio-and-the-unknown-music-video-session-studio-b-checkmark-audio-view-01.webp,image,gregorio and the unknown music video session studio b checkmark audio view 01,,,,,,Checkmark Audio staff,Checkmark Audio,© Checkmark Audio. All rights reserved.,Owned by Checkmark Audio; approved for public-website use.,verified,approved,public-website,gallery,Gregorio and The Unknown during a styled music-video session in Studio B at Checkmark Audio.,,,pending-human-approval,New addition; renamed for SEO consistency from original filename during cleanup pass. Original source archived outside the repo in checkmark-audio-media-originals-2026-08-07.zip (Bridget's Desktop); only the optimized web copy remains in MEDIA/IMAGES. Draft alt text generated from the SEO filename/visual content; confirm against real page context before publishing.
IMG-0678,MEDIA/IMAGES/gregorio-and-the-unknown-music-video-session-studio-b-checkmark-audio-view-02.jpg,MEDIA/IMAGES/GALLERY/gregorio-and-the-unknown-music-video-session-studio-b-checkmark-audio-view-02.webp,image,gregorio and the unknown music video session studio b checkmark audio view 02,,,,,,Checkmark Audio staff,Checkmark Audio,© Checkmark Audio. All rights reserved.,Owned by Checkmark Audio; approved for public-website use.,verified,approved,public-website,gallery,Gregorio and The Unknown during a styled music-video session in Studio B at Checkmark Audio.,,,pending-human-approval,New addition; renamed for SEO consistency from original filename during cleanup pass. Original source archived outside the repo in checkmark-audio-media-originals-2026-08-07.zip (Bridget's Desktop); only the optimized web copy remains in MEDIA/IMAGES. Draft alt text generated from the SEO filename/visual content; confirm against real page context before publishing.
IMG-0679,MEDIA/IMAGES/gregorio-and-the-unknown-music-video-session-studio-b-checkmark-audio-view-03.jpg,MEDIA/IMAGES/GALLERY/gregorio-and-the-unknown-music-video-session-studio-b-checkmark-audio-view-03.webp,image,gregorio and the unknown music video session studio b checkmark audio view 03,,,,,,Checkmark Audio staff,Checkmark Audio,© Checkmark Audio. All rights reserved.,Owned by Checkmark Audio; approved for public-website use.,verified,approved,public-website,gallery,Gregorio and The Unknown during a styled music-video session in Studio B at Checkmark Audio.,,,pending-human-approval,New addition; renamed for SEO consistency from original filename during cleanup pass. Original source archived outside the repo in checkmark-audio-media-originals-2026-08-07.zip (Bridget's Desktop); only the optimized web copy remains in MEDIA/IMAGES. Draft alt text generated from the SEO filename/visual content; confirm against real page context before publishing.
IMG-0680,MEDIA/IMAGES/gregorio-and-the-unknown-music-video-session-studio-b-checkmark-audio-view-04.jpg,MEDIA/IMAGES/GALLERY/gregorio-and-the-unknown-music-video-session-studio-b-checkmark-audio-view-04.webp,image,gregorio and the unknown music video session studio b checkmark audio view 04,,,,,,Checkmark Audio staff,Checkmark Audio,© Checkmark Audio. All rights reserved.,Owned by Checkmark Audio; approved for public-website use.,verified,approved,public-website,gallery,Gregorio and The Unknown during a styled music-video session in Studio B at Checkmark Audio.,,,pending-human-approval,New addition; renamed for SEO consistency from original filename during cleanup pass. Original source archived outside the repo in checkmark-audio-media-originals-2026-08-07.zip (Bridget's Desktop); only the optimized web copy remains in MEDIA/IMAGES. Draft alt text generated from the SEO filename/visual content; confirm against real page context before publishing.
IMG-0681,MEDIA/IMAGES/gregorio-and-the-unknown-music-video-session-studio-b-checkmark-audio-view-05.jpg,MEDIA/IMAGES/GALLERY/gregorio-and-the-unknown-music-video-session-studio-b-checkmark-audio-view-05.webp,image,gregorio and the unknown music video session studio b checkmark audio view 05,,,,,,Checkmark Audio staff,Checkmark Audio,© Checkmark Audio. All rights reserved.,Owned by Checkmark Audio; approved for public-website use.,verified,approved,public-website,gallery,Gregorio and The Unknown during a styled music-video session in Studio B at Checkmark Audio.,,,pending-human-approval,New addition; renamed for SEO consistency from original filename during cleanup pass. Original source archived outside the repo in checkmark-audio-media-originals-2026-08-07.zip (Bridget's Desktop); only the optimized web copy remains in MEDIA/IMAGES. Draft alt text generated from the SEO filename/visual content; confirm against real page context before publishing.
IMG-0682,MEDIA/IMAGES/gregorio-and-the-unknown-music-video-behind-the-scenes-checkmark-audio-view-01.jpg,MEDIA/IMAGES/GALLERY/gregorio-and-the-unknown-music-video-behind-the-scenes-checkmark-audio-view-01.webp,image,gregorio and the unknown music video behind the scenes checkmark audio view 01,,,,,,Checkmark Audio staff,Checkmark Audio,© Checkmark Audio. All rights reserved.,Owned by Checkmark Audio; approved for public-website use.,verified,approved,public-website,gallery,Behind-the-scenes photo from Gregorio and The Unknown's music-video shoot at Checkmark Audio.,,,pending-human-approval,New addition; renamed for SEO consistency from original filename during cleanup pass. Original source archived outside the repo in checkmark-audio-media-originals-2026-08-07.zip (Bridget's Desktop); only the optimized web copy remains in MEDIA/IMAGES. Draft alt text generated from the SEO filename/visual content; confirm against real page context before publishing.
IMG-0683,MEDIA/IMAGES/gregorio-and-the-unknown-music-video-behind-the-scenes-checkmark-audio-view-02.jpg,MEDIA/IMAGES/GALLERY/gregorio-and-the-unknown-music-video-behind-the-scenes-checkmark-audio-view-02.webp,image,gregorio and the unknown music video behind the scenes checkmark audio view 02,,,,,,Checkmark Audio staff,Checkmark Audio,© Checkmark Audio. All rights reserved.,Owned by Checkmark Audio; approved for public-website use.,verified,approved,public-website,gallery,Behind-the-scenes photo from Gregorio and The Unknown's music-video shoot at Checkmark Audio.,,,pending-human-approval,New addition; renamed for SEO consistency from original filename during cleanup pass. Original source archived outside the repo in checkmark-audio-media-originals-2026-08-07.zip (Bridget's Desktop); only the optimized web copy remains in MEDIA/IMAGES. Draft alt text generated from the SEO filename/visual content; confirm against real page context before publishing.
IMG-0684,MEDIA/IMAGES/gregorio-and-the-unknown-music-video-behind-the-scenes-checkmark-audio-view-03.jpg,MEDIA/IMAGES/GALLERY/gregorio-and-the-unknown-music-video-behind-the-scenes-checkmark-audio-view-03.webp,image,gregorio and the unknown music video behind the scenes checkmark audio view 03,,,,,,Checkmark Audio staff,Checkmark Audio,© Checkmark Audio. All rights reserved.,Owned by Checkmark Audio; approved for public-website use.,verified,approved,public-website,gallery,Behind-the-scenes photo from Gregorio and The Unknown's music-video shoot at Checkmark Audio.,,,pending-human-approval,New addition; renamed for SEO consistency from original filename during cleanup pass. Original source archived outside the repo in checkmark-audio-media-originals-2026-08-07.zip (Bridget's Desktop); only the optimized web copy remains in MEDIA/IMAGES. Draft alt text generated from the SEO filename/visual content; confirm against real page context before publishing.
IMG-0685,MEDIA/IMAGES/gregorio-and-the-unknown-music-video-behind-the-scenes-checkmark-audio-view-04.jpg,MEDIA/IMAGES/GALLERY/gregorio-and-the-unknown-music-video-behind-the-scenes-checkmark-audio-view-04.webp,image,gregorio and the unknown music video behind the scenes checkmark audio view 04,,,,,,Checkmark Audio staff,Checkmark Audio,© Checkmark Audio. All rights reserved.,Owned by Checkmark Audio; approved for public-website use.,verified,approved,public-website,gallery,Behind-the-scenes photo from Gregorio and The Unknown's music-video shoot at Checkmark Audio.,,,pending-human-approval,New addition; renamed for SEO consistency from original filename during cleanup pass. Original source archived outside the repo in checkmark-audio-media-originals-2026-08-07.zip (Bridget's Desktop); only the optimized web copy remains in MEDIA/IMAGES. Draft alt text generated from the SEO filename/visual content; confirm against real page context before publishing.
IMG-0686,MEDIA/IMAGES/gregorio-and-the-unknown-music-video-behind-the-scenes-checkmark-audio-view-05.jpg,MEDIA/IMAGES/GALLERY/gregorio-and-the-unknown-music-video-behind-the-scenes-checkmark-audio-view-05.webp,image,gregorio and the unknown music video behind the scenes checkmark audio view 05,,,,,,Checkmark Audio staff,Checkmark Audio,© Checkmark Audio. All rights reserved.,Owned by Checkmark Audio; approved for public-website use.,verified,approved,public-website,gallery,Behind-the-scenes photo from Gregorio and The Unknown's music-video shoot at Checkmark Audio.,,,pending-human-approval,New addition; renamed for SEO consistency from original filename during cleanup pass. Original source archived outside the repo in checkmark-audio-media-originals-2026-08-07.zip (Bridget's Desktop); only the optimized web copy remains in MEDIA/IMAGES. Draft alt text generated from the SEO filename/visual content; confirm against real page context before publishing.
IMG-0687,MEDIA/IMAGES/diego-recording-artist-behind-the-scenes-checkmark-audio-view-01.jpg,MEDIA/IMAGES/GALLERY/diego-recording-artist-behind-the-scenes-checkmark-audio-view-01.webp,image,diego recording artist behind the scenes checkmark audio view 01,,,,,,Checkmark Audio staff,Checkmark Audio,© Checkmark Audio. All rights reserved.,Owned by Checkmark Audio; approved for public-website use.,verified,approved,public-website,gallery,Behind-the-scenes photo of Diego during a recording session at Checkmark Audio.,,,pending-human-approval,New addition; renamed for SEO consistency from original filename during cleanup pass. Original source archived outside the repo in checkmark-audio-media-originals-2026-08-07.zip (Bridget's Desktop); only the optimized web copy remains in MEDIA/IMAGES. Draft alt text generated from the SEO filename/visual content; confirm against real page context before publishing.
IMG-0688,MEDIA/IMAGES/diego-recording-artist-behind-the-scenes-checkmark-audio-view-02.jpg,MEDIA/IMAGES/GALLERY/diego-recording-artist-behind-the-scenes-checkmark-audio-view-02.webp,image,diego recording artist behind the scenes checkmark audio view 02,,,,,,Checkmark Audio staff,Checkmark Audio,© Checkmark Audio. All rights reserved.,Owned by Checkmark Audio; approved for public-website use.,verified,approved,public-website,gallery,Behind-the-scenes photo of Diego during a recording session at Checkmark Audio.,,,pending-human-approval,New addition; renamed for SEO consistency from original filename during cleanup pass. Original source archived outside the repo in checkmark-audio-media-originals-2026-08-07.zip (Bridget's Desktop); only the optimized web copy remains in MEDIA/IMAGES. Draft alt text generated from the SEO filename/visual content; confirm against real page context before publishing.
IMG-0689,MEDIA/IMAGES/diego-acoustic-guitar-session-checkmark-audio-view-01.jpg,MEDIA/IMAGES/GALLERY/diego-acoustic-guitar-session-checkmark-audio-view-01.webp,image,diego acoustic guitar session checkmark audio view 01,,,,,,Checkmark Audio staff,Checkmark Audio,© Checkmark Audio. All rights reserved.,Owned by Checkmark Audio; approved for public-website use.,verified,approved,public-website,gallery,Diego playing acoustic guitar during a recording session at Checkmark Audio.,,,pending-human-approval,New addition; renamed for SEO consistency from original filename during cleanup pass. Original source archived outside the repo in checkmark-audio-media-originals-2026-08-07.zip (Bridget's Desktop); only the optimized web copy remains in MEDIA/IMAGES. Draft alt text generated from the SEO filename/visual content; confirm against real page context before publishing.
IMG-0690,MEDIA/IMAGES/diego-acoustic-guitar-session-checkmark-audio-view-02.jpg,MEDIA/IMAGES/GALLERY/diego-acoustic-guitar-session-checkmark-audio-view-02.webp,image,diego acoustic guitar session checkmark audio view 02,,,,,,Checkmark Audio staff,Checkmark Audio,© Checkmark Audio. All rights reserved.,Owned by Checkmark Audio; approved for public-website use.,verified,approved,public-website,gallery,Diego playing acoustic guitar during a recording session at Checkmark Audio.,,,pending-human-approval,New addition; renamed for SEO consistency from original filename during cleanup pass. Original source archived outside the repo in checkmark-audio-media-originals-2026-08-07.zip (Bridget's Desktop); only the optimized web copy remains in MEDIA/IMAGES. Draft alt text generated from the SEO filename/visual content; confirm against real page context before publishing.
IMG-0691,MEDIA/IMAGES/music-production-daw-software-screenshot-checkmark-audio.jpg,MEDIA/IMAGES/music-production-daw-software-screenshot-checkmark-audio.webp,image,music production daw software screenshot checkmark audio,,,,,,not-applicable,,© Checkmark Audio. All rights reserved.,,verified,approved,public-website,studio-a,Screenshot of a digital audio workstation session.,,,pending-human-approval,New addition; renamed for SEO consistency from original filename during cleanup pass. Original source archived outside the repo in checkmark-audio-media-originals-2026-08-07.zip (Bridget's Desktop); only the optimized web copy remains in MEDIA/IMAGES. Draft alt text generated from the SEO filename/visual content; confirm against real page context before publishing.
IMG-0692,MEDIA/IMAGES/music-production-collaborative-session-checkmark-audio.jpg,MEDIA/IMAGES/music-production-collaborative-session-checkmark-audio.webp,image,music production collaborative session checkmark audio,,,,,,Checkmark Audio staff,Checkmark Audio,© Checkmark Audio. All rights reserved.,Owned by Checkmark Audio; approved for public-website use.,verified,approved,public-website,studio-a,Collaborative music production session at Checkmark Audio.,,,pending-human-approval,New addition; renamed for SEO consistency from original filename during cleanup pass. Original source archived outside the repo in checkmark-audio-media-originals-2026-08-07.zip (Bridget's Desktop); only the optimized web copy remains in MEDIA/IMAGES. Draft alt text generated from the SEO filename/visual content; confirm against real page context before publishing.
IMG-0693,MEDIA/IMAGES/in-fair-condition-music-video-checkmark-audio-thumbnail.jpg,MEDIA/IMAGES/in-fair-condition-music-video-checkmark-audio-thumbnail.webp,image,in fair condition music video checkmark audio thumbnail,,,,,,Checkmark Audio staff,Checkmark Audio,© Checkmark Audio. All rights reserved.,Owned by Checkmark Audio; approved for public-website use.,verified,approved,public-website,artist-promotion,Title card from In Fair Condition's music video.,,,pending-human-approval,New addition; renamed for SEO consistency from original filename during cleanup pass. Original source archived outside the repo in checkmark-audio-media-originals-2026-08-07.zip (Bridget's Desktop); only the optimized web copy remains in MEDIA/IMAGES. Draft alt text generated from the SEO filename/visual content; confirm against real page context before publishing.
IMG-0694,MEDIA/IMAGES/in-fair-condition-albuquerque-music-scene-checkmark-audio-client-view-01.jpg,MEDIA/IMAGES/GALLERY/in-fair-condition-albuquerque-music-scene-checkmark-audio-client-view-01.webp,image,in fair condition albuquerque music scene checkmark audio client view 01,,,,,,In Fair Condition,Courtesy of In Fair Condition,© In Fair Condition. Used with permission.,Property of In Fair Condition; used with the band's permission for Checkmark Audio promotional/website purposes.,verified,approved,public-website,gallery,"In Fair Condition, an Albuquerque band Checkmark Audio has recorded and mixed for.",,,pending-human-approval,"New addition; renamed for SEO consistency from original filename during cleanup pass. Original source archived outside the repo in checkmark-audio-media-originals-2026-08-07.zip (Bridget's Desktop); only the optimized web copy remains in MEDIA/IMAGES. Draft alt text generated from the SEO filename/visual content; confirm against real page context before publishing. Confirmed by Gavin 2026-08-08: image usable, credited as property of In Fair Condition."
IMG-0695,MEDIA/IMAGES/kai-warrior-interview-checkmark-audio-studio.jpg,MEDIA/IMAGES/kai-warrior-interview-checkmark-audio-studio.webp,image,kai warrior interview checkmark audio studio,,,,,,Checkmark Audio staff,Checkmark Audio,© Checkmark Audio. All rights reserved.,Owned by Checkmark Audio; approved for public-website use.,verified,approved,public-website,artist-photography,Kai Warrior at the interview set at Checkmark Audio.,,,pending-human-approval,New addition; renamed for SEO consistency from original filename during cleanup pass. Original source archived outside the repo in checkmark-audio-media-originals-2026-08-07.zip (Bridget's Desktop); only the optimized web copy remains in MEDIA/IMAGES. Draft alt text generated from the SEO filename/visual content; confirm against real page context before publishing.
IMG-0696,MEDIA/IMAGES/kai-warrior-albuquerque-music-scene-checkmark-audio-client-view-01.jpeg,MEDIA/IMAGES/GALLERY/kai-warrior-albuquerque-music-scene-checkmark-audio-client-view-01.webp,image,kai warrior albuquerque music scene checkmark audio client view 01,,,,,,Kai Warrior,Courtesy of Kai Warrior,© Kai Warrior. Used with permission.,Property of Kai Warrior; used with the band's permission for Checkmark Audio promotional/website purposes.,verified,approved,public-website,gallery,"Kai Warrior, an Albuquerque-based artist Checkmark Audio has worked with.",,,pending-human-approval,"New addition; renamed for SEO consistency from original filename during cleanup pass. Original source archived outside the repo in checkmark-audio-media-originals-2026-08-07.zip (Bridget's Desktop); only the optimized web copy remains in MEDIA/IMAGES. Draft alt text generated from the SEO filename/visual content; confirm against real page context before publishing. Confirmed by Gavin 2026-08-08: image usable, credited as property of Kai Warrior."
IMG-0697,MEDIA/IMAGES/kai-warrior-albuquerque-music-scene-checkmark-audio-client-view-02.jpg,MEDIA/IMAGES/GALLERY/kai-warrior-albuquerque-music-scene-checkmark-audio-client-view-02.webp,image,kai warrior albuquerque music scene checkmark audio client view 02,,,,,,Kai Warrior,Courtesy of Kai Warrior,© Kai Warrior. Used with permission.,Property of Kai Warrior; used with the band's permission for Checkmark Audio promotional/website purposes.,verified,approved,public-website,gallery,"Kai Warrior, an Albuquerque-based artist Checkmark Audio has worked with.",,,pending-human-approval,"New addition; renamed for SEO consistency from original filename during cleanup pass. Original source archived outside the repo in checkmark-audio-media-originals-2026-08-07.zip (Bridget's Desktop); only the optimized web copy remains in MEDIA/IMAGES. Draft alt text generated from the SEO filename/visual content; confirm against real page context before publishing. Confirmed by Gavin 2026-08-08: image usable, credited as property of Kai Warrior."
IMG-0698,MEDIA/IMAGES/kai-warrior-albuquerque-music-scene-checkmark-audio-client-view-03.jpg,MEDIA/IMAGES/GALLERY/kai-warrior-albuquerque-music-scene-checkmark-audio-client-view-03.webp,image,kai warrior albuquerque music scene checkmark audio client view 03,,,,,,Kai Warrior,Courtesy of Kai Warrior,© Kai Warrior. Used with permission.,Property of Kai Warrior; used with the band's permission for Checkmark Audio promotional/website purposes.,verified,approved,public-website,gallery,"Kai Warrior, an Albuquerque-based artist Checkmark Audio has worked with.",,,pending-human-approval,"New addition; renamed for SEO consistency from original filename during cleanup pass. Original source archived outside the repo in checkmark-audio-media-originals-2026-08-07.zip (Bridget's Desktop); only the optimized web copy remains in MEDIA/IMAGES. Draft alt text generated from the SEO filename/visual content; confirm against real page context before publishing. Confirmed by Gavin 2026-08-08: image usable, credited as property of Kai Warrior."
IMG-0699,MEDIA/IMAGES/kai-warrior-albuquerque-music-scene-checkmark-audio-client-view-04.jpg,MEDIA/IMAGES/GALLERY/kai-warrior-albuquerque-music-scene-checkmark-audio-client-view-04.webp,image,kai warrior albuquerque music scene checkmark audio client view 04,,,,,,Kai Warrior,Courtesy of Kai Warrior,© Kai Warrior. Used with permission.,Property of Kai Warrior; used with the band's permission for Checkmark Audio promotional/website purposes.,verified,approved,public-website,gallery,"Kai Warrior, an Albuquerque-based artist Checkmark Audio has worked with.",,,pending-human-approval,"New addition; renamed for SEO consistency from original filename during cleanup pass. Original source archived outside the repo in checkmark-audio-media-originals-2026-08-07.zip (Bridget's Desktop); only the optimized web copy remains in MEDIA/IMAGES. Draft alt text generated from the SEO filename/visual content; confirm against real page context before publishing. Confirmed by Gavin 2026-08-08: image usable, credited as property of Kai Warrior."
IMG-0700,MEDIA/IMAGES/kai-warrior-albuquerque-music-scene-checkmark-audio-client-view-05.jpg,MEDIA/IMAGES/GALLERY/kai-warrior-albuquerque-music-scene-checkmark-audio-client-view-05.webp,image,kai warrior albuquerque music scene checkmark audio client view 05,,,,,,Kai Warrior,Courtesy of Kai Warrior,© Kai Warrior. Used with permission.,Property of Kai Warrior; used with the band's permission for Checkmark Audio promotional/website purposes.,verified,approved,public-website,gallery,"Kai Warrior, an Albuquerque-based artist Checkmark Audio has worked with.",,,pending-human-approval,"New addition; renamed for SEO consistency from original filename during cleanup pass. Original source archived outside the repo in checkmark-audio-media-originals-2026-08-07.zip (Bridget's Desktop); only the optimized web copy remains in MEDIA/IMAGES. Draft alt text generated from the SEO filename/visual content; confirm against real page context before publishing. Confirmed by Gavin 2026-08-08: image usable, credited as property of Kai Warrior."
IMG-0701,MEDIA/IMAGES/kai-warrior-albuquerque-music-scene-checkmark-audio-client-view-06.jpg,MEDIA/IMAGES/GALLERY/kai-warrior-albuquerque-music-scene-checkmark-audio-client-view-06.webp,image,kai warrior albuquerque music scene checkmark audio client view 06,,,,,,Kai Warrior,Courtesy of Kai Warrior,© Kai Warrior. Used with permission.,Property of Kai Warrior; used with the band's permission for Checkmark Audio promotional/website purposes.,verified,approved,public-website,gallery,"Kai Warrior, an Albuquerque-based artist Checkmark Audio has worked with.",,,pending-human-approval,"New addition; renamed for SEO consistency from original filename during cleanup pass. Original source archived outside the repo in checkmark-audio-media-originals-2026-08-07.zip (Bridget's Desktop); only the optimized web copy remains in MEDIA/IMAGES. Draft alt text generated from the SEO filename/visual content; confirm against real page context before publishing. Confirmed by Gavin 2026-08-08: image usable, credited as property of Kai Warrior."
IMG-0702,MEDIA/IMAGES/kai-warrior-albuquerque-music-scene-checkmark-audio-client-view-07.jpg,MEDIA/IMAGES/GALLERY/kai-warrior-albuquerque-music-scene-checkmark-audio-client-view-07.webp,image,kai warrior albuquerque music scene checkmark audio client view 07,,,,,,Kai Warrior,Courtesy of Kai Warrior,© Kai Warrior. Used with permission.,Property of Kai Warrior; used with the band's permission for Checkmark Audio promotional/website purposes.,verified,approved,public-website,gallery,"Kai Warrior, an Albuquerque-based artist Checkmark Audio has worked with.",,,pending-human-approval,"New addition; renamed for SEO consistency from original filename during cleanup pass. Original source archived outside the repo in checkmark-audio-media-originals-2026-08-07.zip (Bridget's Desktop); only the optimized web copy remains in MEDIA/IMAGES. Draft alt text generated from the SEO filename/visual content; confirm against real page context before publishing. Confirmed by Gavin 2026-08-08: image usable, credited as property of Kai Warrior."
IMG-0703,MEDIA/IMAGES/kai-warrior-albuquerque-music-scene-checkmark-audio-client-view-08.jpg,MEDIA/IMAGES/GALLERY/kai-warrior-albuquerque-music-scene-checkmark-audio-client-view-08.webp,image,kai warrior albuquerque music scene checkmark audio client view 08,,,,,,Kai Warrior,Courtesy of Kai Warrior,© Kai Warrior. Used with permission.,Property of Kai Warrior; used with the band's permission for Checkmark Audio promotional/website purposes.,verified,approved,public-website,gallery,"Kai Warrior, an Albuquerque-based artist Checkmark Audio has worked with.",,,pending-human-approval,"New addition; renamed for SEO consistency from original filename during cleanup pass. Original source archived outside the repo in checkmark-audio-media-originals-2026-08-07.zip (Bridget's Desktop); only the optimized web copy remains in MEDIA/IMAGES. Draft alt text generated from the SEO filename/visual content; confirm against real page context before publishing. Confirmed by Gavin 2026-08-08: image usable, credited as property of Kai Warrior."
IMG-0704,MEDIA/IMAGES/kai-warrior-albuquerque-music-scene-checkmark-audio-client-view-09.jpg,MEDIA/IMAGES/GALLERY/kai-warrior-albuquerque-music-scene-checkmark-audio-client-view-09.webp,image,kai warrior albuquerque music scene checkmark audio client view 09,,,,,,Kai Warrior,Courtesy of Kai Warrior,© Kai Warrior. Used with permission.,Property of Kai Warrior; used with the band's permission for Checkmark Audio promotional/website purposes.,verified,approved,public-website,gallery,"Kai Warrior, an Albuquerque-based artist Checkmark Audio has worked with.",,,pending-human-approval,"New addition; renamed for SEO consistency from original filename during cleanup pass. Original source archived outside the repo in checkmark-audio-media-originals-2026-08-07.zip (Bridget's Desktop); only the optimized web copy remains in MEDIA/IMAGES. Draft alt text generated from the SEO filename/visual content; confirm against real page context before publishing. Confirmed by Gavin 2026-08-08: image usable, credited as property of Kai Warrior."
IMG-0705,MEDIA/IMAGES/tiny-house-elevator-interview-checkmark-audio-studio.jpg,MEDIA/IMAGES/tiny-house-elevator-interview-checkmark-audio-studio.webp,image,tiny house elevator interview checkmark audio studio,,,,,,Checkmark Audio staff,Checkmark Audio,© Checkmark Audio. All rights reserved.,Owned by Checkmark Audio; approved for public-website use.,verified,approved,public-website,studio-a,Tiny House Elevator at the on-air interview set at Checkmark Audio.,,,pending-human-approval,New addition; renamed for SEO consistency from original filename during cleanup pass. Original source archived outside the repo in checkmark-audio-media-originals-2026-08-07.zip (Bridget's Desktop); only the optimized web copy remains in MEDIA/IMAGES. Draft alt text generated from the SEO filename/visual content; confirm against real page context before publishing.
IMG-0706,MEDIA/IMAGES/tiny-house-elevator-albuquerque-music-scene-checkmark-audio-client-view-01.jpg,MEDIA/IMAGES/GALLERY/tiny-house-elevator-albuquerque-music-scene-checkmark-audio-client-view-01.webp,image,tiny house elevator albuquerque music scene checkmark audio client view 01,,,,,,Tiny House Elevator,Courtesy of Tiny House Elevator,© Tiny House Elevator. Used with permission.,Property of Tiny House Elevator; used with the band's permission for Checkmark Audio promotional/website purposes.,verified,approved,public-website,gallery,"Tiny House Elevator, an Albuquerque band Checkmark Audio has recorded and mixed for.",,,pending-human-approval,"New addition; renamed for SEO consistency from original filename during cleanup pass. Original source archived outside the repo in checkmark-audio-media-originals-2026-08-07.zip (Bridget's Desktop); only the optimized web copy remains in MEDIA/IMAGES. Draft alt text generated from the SEO filename/visual content; confirm against real page context before publishing. Confirmed by Gavin 2026-08-08: image usable, credited as property of Tiny House Elevator."
IMG-0707,MEDIA/IMAGES/tiny-house-elevator-albuquerque-music-scene-checkmark-audio-client-view-02.jpg,MEDIA/IMAGES/GALLERY/tiny-house-elevator-albuquerque-music-scene-checkmark-audio-client-view-02.webp,image,tiny house elevator albuquerque music scene checkmark audio client view 02,,,,,,Tiny House Elevator,Courtesy of Tiny House Elevator,© Tiny House Elevator. Used with permission.,Property of Tiny House Elevator; used with the band's permission for Checkmark Audio promotional/website purposes.,verified,approved,public-website,gallery,"Tiny House Elevator, an Albuquerque band Checkmark Audio has recorded and mixed for.",,,pending-human-approval,"New addition; renamed for SEO consistency from original filename during cleanup pass. Original source archived outside the repo in checkmark-audio-media-originals-2026-08-07.zip (Bridget's Desktop); only the optimized web copy remains in MEDIA/IMAGES. Draft alt text generated from the SEO filename/visual content; confirm against real page context before publishing. Confirmed by Gavin 2026-08-08: image usable, credited as property of Tiny House Elevator."
IMG-0708,MEDIA/IMAGES/tiny-house-elevator-albuquerque-music-scene-checkmark-audio-client-view-03.jpg,MEDIA/IMAGES/GALLERY/tiny-house-elevator-albuquerque-music-scene-checkmark-audio-client-view-03.webp,image,tiny house elevator albuquerque music scene checkmark audio client view 03,,,,,,Tiny House Elevator,Courtesy of Tiny House Elevator,© Tiny House Elevator. Used with permission.,Property of Tiny House Elevator; used with the band's permission for Checkmark Audio promotional/website purposes.,verified,approved,public-website,gallery,"Tiny House Elevator, an Albuquerque band Checkmark Audio has recorded and mixed for.",,,pending-human-approval,"New addition; renamed for SEO consistency from original filename during cleanup pass. Original source archived outside the repo in checkmark-audio-media-originals-2026-08-07.zip (Bridget's Desktop); only the optimized web copy remains in MEDIA/IMAGES. Draft alt text generated from the SEO filename/visual content; confirm against real page context before publishing. Confirmed by Gavin 2026-08-08: image usable, credited as property of Tiny House Elevator."
IMG-0709,MEDIA/IMAGES/checkmark-audio-on-air-interview-set.jpg,MEDIA/IMAGES/checkmark-audio-on-air-interview-set.webp,image,checkmark audio on air interview set,,,,,,Checkmark Audio staff,Checkmark Audio,© Checkmark Audio. All rights reserved.,Owned by Checkmark Audio; approved for public-website use.,verified,approved,public-website,studio-a,The on-air interview set at Checkmark Audio.,,,pending-human-approval,New addition; renamed for SEO consistency from original filename during cleanup pass. Original source archived outside the repo in checkmark-audio-media-originals-2026-08-07.zip (Bridget's Desktop); only the optimized web copy remains in MEDIA/IMAGES. Draft alt text generated from the SEO filename/visual content; confirm against real page context before publishing.
VID-0042,MEDIA/VIDEO/gregorio-and-the-unknown-bird-without-wings-music-video-checkmark-audio.mov,,video,gregorio and the unknown bird without wings music video checkmark audio,,,,,,,,,,unverified,approved,public-website,,,,,pending-human-approval,New addition; moved from MEDIA/IMAGES and renamed for SEO consistency during cleanup pass.
VID-0043,MEDIA/VIDEO/gregorio-and-the-unknown-cut-2-music-video-checkmark-audio.mp4,,video,gregorio and the unknown cut 2 music video checkmark audio,,,,,,,,,,unverified,approved,public-website,,,,,pending-human-approval,New addition; moved from MEDIA/IMAGES and renamed for SEO consistency during cleanup pass.
VID-0044,MEDIA/VIDEO/gregorio-and-the-unknown-music-video-checkmark-audio.mov,,video,gregorio and the unknown music video checkmark audio,,,,,,,,,,unverified,approved,public-website,,,,,pending-human-approval,New addition; moved from MEDIA/IMAGES and renamed for SEO consistency during cleanup pass.
VID-0045,MEDIA/VIDEO/gregorio-and-the-unknown-pink-saliva-music-video-checkmark-audio.mov,,video,gregorio and the unknown pink saliva music video checkmark audio,,,,,,,,,,unverified,approved,public-website,,,,,pending-human-approval,New addition; moved from MEDIA/IMAGES and renamed for SEO consistency during cleanup pass.
VID-0046,MEDIA/VIDEO/gregorio-and-the-unknown-void-music-video-checkmark-audio.mov,,video,gregorio and the unknown void music video checkmark audio,,,,,,,,,,unverified,approved,public-website,,,,,pending-human-approval,New addition; moved from MEDIA/IMAGES and renamed for SEO consistency during cleanup pass.
IMG-0710,MEDIA/IMAGES/bridget-control-room-checkmark-audio-view-01.jpg,MEDIA/IMAGES/bridget-control-room-checkmark-audio-view-01.webp,image,bridget control room checkmark audio view 01,,,,,,Checkmark Audio staff,Checkmark Audio,© Checkmark Audio. All rights reserved.,Owned by Checkmark Audio; approved for public-website use.,verified,approved,public-website,our-team,Bridget working at the control room monitors at Checkmark Audio.,,,pending-human-approval,New addition; renamed for SEO consistency from camera-default filename during cleanup pass. Original source archived outside the repo in checkmark-audio-media-originals-2026-08-07.zip (Bridget's Desktop); only the optimized web copy remains in MEDIA/IMAGES. Draft alt text generated from the SEO filename/visual content; confirm against real page context before publishing.
IMG-0711,MEDIA/IMAGES/bridget-control-room-checkmark-audio-view-02.jpg,MEDIA/IMAGES/bridget-control-room-checkmark-audio-view-02.webp,image,bridget control room checkmark audio view 02,,,,,,Checkmark Audio staff,Checkmark Audio,© Checkmark Audio. All rights reserved.,Owned by Checkmark Audio; approved for public-website use.,verified,approved,public-website,our-team,Bridget working at the control room monitors at Checkmark Audio.,,,pending-human-approval,New addition; renamed for SEO consistency from camera-default filename during cleanup pass. Original source archived outside the repo in checkmark-audio-media-originals-2026-08-07.zip (Bridget's Desktop); only the optimized web copy remains in MEDIA/IMAGES. Draft alt text generated from the SEO filename/visual content; confirm against real page context before publishing.
IMG-0712,MEDIA/IMAGES/checkmark-audio-on-air-interview-behind-the-scenes.jpeg,MEDIA/IMAGES/checkmark-audio-on-air-interview-behind-the-scenes.webp,image,checkmark audio on air interview behind the scenes,,,,,,Checkmark Audio staff,Checkmark Audio,© Checkmark Audio. All rights reserved.,Owned by Checkmark Audio; approved for public-website use.,verified,approved,public-website,studio-a,Behind-the-scenes photo from the on-air interview set at Checkmark Audio.,,,pending-human-approval,New addition; renamed for SEO consistency from camera-default filename during cleanup pass. Original source archived outside the repo in checkmark-audio-media-originals-2026-08-07.zip (Bridget's Desktop); only the optimized web copy remains in MEDIA/IMAGES. Draft alt text generated from the SEO filename/visual content; confirm against real page context before publishing.
IMG-0713,MEDIA/IMAGES/engineers-at-control-room-workstation-view-05.jpeg,MEDIA/IMAGES/engineers-at-control-room-workstation-view-05.webp,image,engineers at control room workstation view 05,,,,,,Checkmark Audio staff,Checkmark Audio,© Checkmark Audio. All rights reserved.,Owned by Checkmark Audio; approved for public-website use.,verified,approved,public-website,our-team,Engineers working at the control room workstation at Checkmark Audio.,,,pending-human-approval,New addition; renamed for SEO consistency from camera-default filename during cleanup pass. Original source archived outside the repo in checkmark-audio-media-originals-2026-08-07.zip (Bridget's Desktop); only the optimized web copy remains in MEDIA/IMAGES. Draft alt text generated from the SEO filename/visual content; confirm against real page context before publishing.
IMG-0714,MEDIA/IMAGES/engineers-at-control-room-workstation-view-06.jpeg,MEDIA/IMAGES/engineers-at-control-room-workstation-view-06.webp,image,engineers at control room workstation view 06,,,,,,Checkmark Audio staff,Checkmark Audio,© Checkmark Audio. All rights reserved.,Owned by Checkmark Audio; approved for public-website use.,verified,approved,public-website,our-team,Engineers working at the control room workstation at Checkmark Audio.,,,pending-human-approval,New addition; renamed for SEO consistency from camera-default filename during cleanup pass. Original source archived outside the repo in checkmark-audio-media-originals-2026-08-07.zip (Bridget's Desktop); only the optimized web copy remains in MEDIA/IMAGES. Draft alt text generated from the SEO filename/visual content; confirm against real page context before publishing.
IMG-0715,MEDIA/IMAGES/studio-rack-gear-meters-view-03.jpeg,MEDIA/IMAGES/studio-rack-gear-meters-view-03.webp,image,studio rack gear meters view 03,,,,,,Checkmark Audio staff,Checkmark Audio,© Checkmark Audio. All rights reserved.,Owned by Checkmark Audio; approved for public-website use.,verified,approved,public-website,studio-a,Outboard rack gear meters at Checkmark Audio.,,,pending-human-approval,New addition; renamed for SEO consistency from camera-default filename during cleanup pass. Original source archived outside the repo in checkmark-audio-media-originals-2026-08-07.zip (Bridget's Desktop); only the optimized web copy remains in MEDIA/IMAGES. Draft alt text generated from the SEO filename/visual content; confirm against real page context before publishing.
IMG-0716,MEDIA/IMAGES/studio-rack-gear-meters-view-04.jpeg,MEDIA/IMAGES/studio-rack-gear-meters-view-04.webp,image,studio rack gear meters view 04,,,,,,Checkmark Audio staff,Checkmark Audio,© Checkmark Audio. All rights reserved.,Owned by Checkmark Audio; approved for public-website use.,verified,approved,public-website,studio-a,Outboard rack gear meters at Checkmark Audio.,,,pending-human-approval,New addition; renamed for SEO consistency from camera-default filename during cleanup pass. Original source archived outside the repo in checkmark-audio-media-originals-2026-08-07.zip (Bridget's Desktop); only the optimized web copy remains in MEDIA/IMAGES. Draft alt text generated from the SEO filename/visual content; confirm against real page context before publishing.
IMG-0717,MEDIA/IMAGES/studio-rack-gear-meters-view-05.jpeg,MEDIA/IMAGES/studio-rack-gear-meters-view-05.webp,image,studio rack gear meters view 05,,,,,,Checkmark Audio staff,Checkmark Audio,© Checkmark Audio. All rights reserved.,Owned by Checkmark Audio; approved for public-website use.,verified,approved,public-website,studio-a,Outboard rack gear meters at Checkmark Audio.,,,pending-human-approval,New addition; renamed for SEO consistency from camera-default filename during cleanup pass. Original source archived outside the repo in checkmark-audio-media-originals-2026-08-07.zip (Bridget's Desktop); only the optimized web copy remains in MEDIA/IMAGES. Draft alt text generated from the SEO filename/visual content; confirm against real page context before publishing.
IMG-0718,MEDIA/IMAGES/studio-rack-gear-meters-view-06.jpeg,MEDIA/IMAGES/studio-rack-gear-meters-view-06.webp,image,studio rack gear meters view 06,,,,,,Checkmark Audio staff,Checkmark Audio,© Checkmark Audio. All rights reserved.,Owned by Checkmark Audio; approved for public-website use.,verified,approved,public-website,studio-a,Outboard rack gear meters at Checkmark Audio.,,,pending-human-approval,New addition; renamed for SEO consistency from camera-default filename during cleanup pass. Original source archived outside the repo in checkmark-audio-media-originals-2026-08-07.zip (Bridget's Desktop); only the optimized web copy remains in MEDIA/IMAGES. Draft alt text generated from the SEO filename/visual content; confirm against real page context before publishing.
IMG-0719,MEDIA/IMAGES/recording-artist-acoustic-guitar-session-view-01.jpeg,MEDIA/IMAGES/GALLERY/recording-artist-acoustic-guitar-session-view-01.webp,image,recording artist acoustic guitar session view 01,,,,,,Checkmark Audio staff,Checkmark Audio,© Checkmark Audio. All rights reserved.,Owned by Checkmark Audio; approved for public-website use.,verified,approved,public-website,gallery,Artist playing acoustic guitar during a recording session at Checkmark Audio.,,,pending-human-approval,New addition; renamed for SEO consistency from camera-default filename during cleanup pass. Original source archived outside the repo in checkmark-audio-media-originals-2026-08-07.zip (Bridget's Desktop); only the optimized web copy remains in MEDIA/IMAGES. Draft alt text generated from the SEO filename/visual content; confirm against real page context before publishing.
IMG-0720,MEDIA/IMAGES/music-studio-desk-checkmark-audio-view-08.jpeg,MEDIA/IMAGES/music-studio-desk-checkmark-audio-view-08.webp,image,music studio desk checkmark audio view 08,,,,,,Checkmark Audio staff,Checkmark Audio,© Checkmark Audio. All rights reserved.,Owned by Checkmark Audio; approved for public-website use.,verified,approved,public-website,studio-a,Studio desk with monitors and keyboard at Checkmark Audio.,,,pending-human-approval,New addition; renamed for SEO consistency from camera-default filename during cleanup pass. Original source archived outside the repo in checkmark-audio-media-originals-2026-08-07.zip (Bridget's Desktop); only the optimized web copy remains in MEDIA/IMAGES. Draft alt text generated from the SEO filename/visual content; confirm against real page context before publishing.
IMG-0721,MEDIA/IMAGES/studio-patch-bay-and-rack-gear-view-03.jpeg,MEDIA/IMAGES/studio-patch-bay-and-rack-gear-view-03.webp,image,studio patch bay and rack gear view 03,,,,,,Checkmark Audio staff,Checkmark Audio,© Checkmark Audio. All rights reserved.,Owned by Checkmark Audio; approved for public-website use.,verified,approved,public-website,studio-a,Studio patch bay and rack gear at Checkmark Audio.,,,pending-human-approval,New addition; renamed for SEO consistency from camera-default filename during cleanup pass. Original source archived outside the repo in checkmark-audio-media-originals-2026-08-07.zip (Bridget's Desktop); only the optimized web copy remains in MEDIA/IMAGES. Draft alt text generated from the SEO filename/visual content; confirm against real page context before publishing.
IMG-0722,MEDIA/IMAGES/synth-keyboards-view-02.jpeg,MEDIA/IMAGES/synth-keyboards-view-02.webp,image,synth keyboards view 02,,,,,,Checkmark Audio staff,Checkmark Audio,© Checkmark Audio. All rights reserved.,Owned by Checkmark Audio; approved for public-website use.,verified,approved,public-website,studio-a,Synthesizers and keyboards at Checkmark Audio.,,,pending-human-approval,New addition; renamed for SEO consistency from camera-default filename during cleanup pass. Original source archived outside the repo in checkmark-audio-media-originals-2026-08-07.zip (Bridget's Desktop); only the optimized web copy remains in MEDIA/IMAGES. Draft alt text generated from the SEO filename/visual content; confirm against real page context before publishing.
IMG-0723,MEDIA/IMAGES/engineers-at-control-room-workstation-view-07.jpeg,MEDIA/IMAGES/engineers-at-control-room-workstation-view-07.webp,image,engineers at control room workstation view 07,,,,,,Checkmark Audio staff,Checkmark Audio,© Checkmark Audio. All rights reserved.,Owned by Checkmark Audio; approved for public-website use.,verified,approved,public-website,our-team,Engineers working at the control room workstation at Checkmark Audio.,,,pending-human-approval,New addition; renamed for SEO consistency from camera-default filename during cleanup pass. Original source archived outside the repo in checkmark-audio-media-originals-2026-08-07.zip (Bridget's Desktop); only the optimized web copy remains in MEDIA/IMAGES. Draft alt text generated from the SEO filename/visual content; confirm against real page context before publishing.
IMG-0724,MEDIA/IMAGES/studio-decor-guitar-artwork-detail.jpeg,MEDIA/IMAGES/studio-decor-guitar-artwork-detail.webp,image,studio decor guitar artwork detail,,,,,,Checkmark Audio staff,Checkmark Audio,© Checkmark Audio. All rights reserved.,Owned by Checkmark Audio; approved for public-website use.,verified,approved,public-website,studio-a,Detail of guitar-themed wall artwork in the studio.,,,pending-human-approval,New addition; renamed for SEO consistency from camera-default filename during cleanup pass. Original source archived outside the repo in checkmark-audio-media-originals-2026-08-07.zip (Bridget's Desktop); only the optimized web copy remains in MEDIA/IMAGES. Draft alt text generated from the SEO filename/visual content; confirm against real page context before publishing.
IMG-0725,MEDIA/IMAGES/acoustic-guitar-hands-close-up-recording-session.jpeg,MEDIA/IMAGES/acoustic-guitar-hands-close-up-recording-session.webp,image,acoustic guitar hands close up recording session,,,,,,Checkmark Audio staff,Checkmark Audio,© Checkmark Audio. All rights reserved.,Owned by Checkmark Audio; approved for public-website use.,verified,approved,public-website,studio-a,Close-up of hands playing acoustic guitar during a recording session at Checkmark Audio.,,,pending-human-approval,New addition; renamed for SEO consistency from camera-default filename during cleanup pass. Original source archived outside the repo in checkmark-audio-media-originals-2026-08-07.zip (Bridget's Desktop); only the optimized web copy remains in MEDIA/IMAGES. Draft alt text generated from the SEO filename/visual content; confirm against real page context before publishing.
IMG-0726,MEDIA/IMAGES/music-production-drum-pad-controller-close-up.jpeg,MEDIA/IMAGES/music-production-drum-pad-controller-close-up.webp,image,music production drum pad controller close up,,,,,,Checkmark Audio staff,Checkmark Audio,© Checkmark Audio. All rights reserved.,Owned by Checkmark Audio; approved for public-website use.,verified,approved,public-website,studio-a,Close-up of a drum pad controller during production.,,,pending-human-approval,New addition; renamed for SEO consistency from camera-default filename during cleanup pass. Original source archived outside the repo in checkmark-audio-media-originals-2026-08-07.zip (Bridget's Desktop); only the optimized web copy remains in MEDIA/IMAGES. Draft alt text generated from the SEO filename/visual content; confirm against real page context before publishing.
IMG-0727,MEDIA/IMAGES/recording-artist-acoustic-guitar-session-view-02.jpeg,MEDIA/IMAGES/GALLERY/recording-artist-acoustic-guitar-session-view-02.webp,image,recording artist acoustic guitar session view 02,,,,,,Checkmark Audio staff,Checkmark Audio,© Checkmark Audio. All rights reserved.,Owned by Checkmark Audio; approved for public-website use.,verified,approved,public-website,gallery,Artist playing acoustic guitar during a recording session at Checkmark Audio.,,,pending-human-approval,New addition; renamed for SEO consistency from camera-default filename during cleanup pass. Original source archived outside the repo in checkmark-audio-media-originals-2026-08-07.zip (Bridget's Desktop); only the optimized web copy remains in MEDIA/IMAGES. Draft alt text generated from the SEO filename/visual content; confirm against real page context before publishing.
IMG-0728,MEDIA/IMAGES/checkmark-audio-on-air-interview-set-view-01.jpeg,MEDIA/IMAGES/checkmark-audio-on-air-interview-set-view-01.webp,image,checkmark audio on air interview set view 01,,,,,,Checkmark Audio staff,Checkmark Audio,© Checkmark Audio. All rights reserved.,Owned by Checkmark Audio; approved for public-website use.,verified,approved,public-website,studio-a,The on-air interview set at Checkmark Audio.,,,pending-human-approval,New addition; renamed for SEO consistency from camera-default filename during cleanup pass. Original source archived outside the repo in checkmark-audio-media-originals-2026-08-07.zip (Bridget's Desktop); only the optimized web copy remains in MEDIA/IMAGES. Draft alt text generated from the SEO filename/visual content; confirm against real page context before publishing.
IMG-0729,MEDIA/IMAGES/daniel-interview-checkmark-audio-studio-view-04.jpeg,MEDIA/IMAGES/daniel-interview-checkmark-audio-studio-view-04.webp,image,daniel interview checkmark audio studio view 04,,,,,,Checkmark Audio staff,Checkmark Audio,© Checkmark Audio. All rights reserved.,Owned by Checkmark Audio; approved for public-website use.,verified,approved,public-website,studio-a,Daniel during a recorded interview at Checkmark Audio.,,,pending-human-approval,New addition; renamed for SEO consistency from camera-default filename during cleanup pass. Original source archived outside the repo in checkmark-audio-media-originals-2026-08-07.zip (Bridget's Desktop); only the optimized web copy remains in MEDIA/IMAGES. Draft alt text generated from the SEO filename/visual content; confirm against real page context before publishing.
IMG-0730,MEDIA/IMAGES/engineers-at-control-room-workstation-view-08.jpeg,MEDIA/IMAGES/engineers-at-control-room-workstation-view-08.webp,image,engineers at control room workstation view 08,,,,,,Checkmark Audio staff,Checkmark Audio,© Checkmark Audio. All rights reserved.,Owned by Checkmark Audio; approved for public-website use.,verified,approved,public-website,our-team,Engineers working at the control room workstation at Checkmark Audio.,,,pending-human-approval,New addition; renamed for SEO consistency from camera-default filename during cleanup pass. Original source archived outside the repo in checkmark-audio-media-originals-2026-08-07.zip (Bridget's Desktop); only the optimized web copy remains in MEDIA/IMAGES. Draft alt text generated from the SEO filename/visual content; confirm against real page context before publishing.
IMG-0731,MEDIA/IMAGES/studio-patch-bay-and-rack-gear-view-04.jpeg,MEDIA/IMAGES/studio-patch-bay-and-rack-gear-view-04.webp,image,studio patch bay and rack gear view 04,,,,,,Checkmark Audio staff,Checkmark Audio,© Checkmark Audio. All rights reserved.,Owned by Checkmark Audio; approved for public-website use.,verified,approved,public-website,studio-a,Studio patch bay and rack gear at Checkmark Audio.,,,pending-human-approval,New addition; renamed for SEO consistency from camera-default filename during cleanup pass. Original source archived outside the repo in checkmark-audio-media-originals-2026-08-07.zip (Bridget's Desktop); only the optimized web copy remains in MEDIA/IMAGES. Draft alt text generated from the SEO filename/visual content; confirm against real page context before publishing.
IMG-0732,MEDIA/IMAGES/mixing-engineer-at-studio-workstation-view-07.jpeg,MEDIA/IMAGES/mixing-engineer-at-studio-workstation-view-07.webp,image,mixing engineer at studio workstation view 07,,,,,,Checkmark Audio staff,Checkmark Audio,© Checkmark Audio. All rights reserved.,Owned by Checkmark Audio; approved for public-website use.,verified,approved,public-website,our-team,Mixing engineer at the studio workstation at Checkmark Audio.,,,pending-human-approval,New addition; renamed for SEO consistency from camera-default filename during cleanup pass. Original source archived outside the repo in checkmark-audio-media-originals-2026-08-07.zip (Bridget's Desktop); only the optimized web copy remains in MEDIA/IMAGES. Draft alt text generated from the SEO filename/visual content; confirm against real page context before publishing.
IMG-0734,MEDIA/IMAGES/tiny-house-elevator-albuquerque-music-scene-checkmark-audio-client-view-04.jpg,MEDIA/IMAGES/GALLERY/tiny-house-elevator-albuquerque-music-scene-checkmark-audio-client-view-04.webp,image,tiny house elevator albuquerque music scene checkmark audio client view 04,,,,,,Tiny House Elevator,Courtesy of Tiny House Elevator,© Tiny House Elevator. Used with permission.,Property of Tiny House Elevator; used with the band's permission for Checkmark Audio promotional/website purposes.,verified,approved,public-website,gallery,"Tiny House Elevator, an Albuquerque band Checkmark Audio has recorded and mixed for.",,,pending-human-approval,"New addition; renamed for SEO consistency from camera-default filename during cleanup pass. Original source archived outside the repo in checkmark-audio-media-originals-2026-08-07.zip (Bridget's Desktop); only the optimized web copy remains in MEDIA/IMAGES. Draft alt text generated from the SEO filename/visual content; confirm against real page context before publishing. Confirmed by Gavin 2026-08-08: image usable, credited as property of Tiny House Elevator."
IMG-0735,MEDIA/IMAGES/engineers-at-control-room-workstation-view-09.jpg,MEDIA/IMAGES/engineers-at-control-room-workstation-view-09.webp,image,engineers at control room workstation view 09,,,,,,Checkmark Audio staff,Checkmark Audio,© Checkmark Audio. All rights reserved.,Owned by Checkmark Audio; approved for public-website use.,verified,approved,public-website,our-team,Engineers working at the control room workstation at Checkmark Audio.,,,pending-human-approval,New addition; renamed for SEO consistency from camera-default filename during cleanup pass. Original source archived outside the repo in checkmark-audio-media-originals-2026-08-07.zip (Bridget's Desktop); only the optimized web copy remains in MEDIA/IMAGES. Draft alt text generated from the SEO filename/visual content; confirm against real page context before publishing.
IMG-0736,MEDIA/IMAGES/studio-patch-bay-and-rack-gear-view-05.jpg,MEDIA/IMAGES/studio-patch-bay-and-rack-gear-view-05.webp,image,studio patch bay and rack gear view 05,,,,,,Checkmark Audio staff,Checkmark Audio,© Checkmark Audio. All rights reserved.,Owned by Checkmark Audio; approved for public-website use.,verified,approved,public-website,studio-a,Studio patch bay and rack gear at Checkmark Audio.,,,pending-human-approval,New addition; renamed for SEO consistency from camera-default filename during cleanup pass. Original source archived outside the repo in checkmark-audio-media-originals-2026-08-07.zip (Bridget's Desktop); only the optimized web copy remains in MEDIA/IMAGES. Draft alt text generated from the SEO filename/visual content; confirm against real page context before publishing.
IMG-0737,MEDIA/IMAGES/mixing-console-close-up-view-03.jpg,MEDIA/IMAGES/mixing-console-close-up-view-03.webp,image,mixing console close up view 03,,,,,,Checkmark Audio staff,Checkmark Audio,© Checkmark Audio. All rights reserved.,Owned by Checkmark Audio; approved for public-website use.,verified,approved,public-website,studio-a,Close-up of the mixing console at Checkmark Audio.,,,pending-human-approval,New addition; renamed for SEO consistency during cleanup pass. Original source archived outside the repo in checkmark-audio-media-originals-2026-08-07.zip (Bridget's Desktop); only the optimized web copy remains in MEDIA/IMAGES. Draft alt text generated from the SEO filename/visual content; confirm against real page context before publishing.
IMG-0738,MEDIA/IMAGES/engineers-at-control-room-workstation-view-10.jpg,MEDIA/IMAGES/engineers-at-control-room-workstation-view-10.webp,image,engineers at control room workstation view 10,,,,,,Checkmark Audio staff,Checkmark Audio,© Checkmark Audio. All rights reserved.,Owned by Checkmark Audio; approved for public-website use.,verified,approved,public-website,our-team,Engineers working at the control room workstation at Checkmark Audio.,,,pending-human-approval,New addition; renamed for SEO consistency during cleanup pass. Original source archived outside the repo in checkmark-audio-media-originals-2026-08-07.zip (Bridget's Desktop); only the optimized web copy remains in MEDIA/IMAGES. Draft alt text generated from the SEO filename/visual content; confirm against real page context before publishing.
IMG-0739,MEDIA/IMAGES/recording-session-behind-the-scenes-checkmark-audio-view-08.jpg,MEDIA/IMAGES/GALLERY/recording-session-behind-the-scenes-checkmark-audio-view-08.webp,image,recording session behind the scenes checkmark audio view 08,,,,,,Checkmark Audio staff,Checkmark Audio,© Checkmark Audio. All rights reserved.,Owned by Checkmark Audio; approved for public-website use.,verified,approved,public-website,gallery,Behind-the-scenes photo from a recording session at Checkmark Audio.,,,pending-human-approval,New addition; renamed for SEO consistency during cleanup pass. Original source archived outside the repo in checkmark-audio-media-originals-2026-08-07.zip (Bridget's Desktop); only the optimized web copy remains in MEDIA/IMAGES. Draft alt text generated from the SEO filename/visual content; confirm against real page context before publishing.
IMG-0740,MEDIA/IMAGES/recording-session-behind-the-scenes-checkmark-audio-view-09.jpg,MEDIA/IMAGES/GALLERY/recording-session-behind-the-scenes-checkmark-audio-view-09.webp,image,recording session behind the scenes checkmark audio view 09,,,,,,Checkmark Audio staff,Checkmark Audio,© Checkmark Audio. All rights reserved.,Owned by Checkmark Audio; approved for public-website use.,verified,approved,public-website,gallery,Behind-the-scenes photo from a recording session at Checkmark Audio.,,,pending-human-approval,New addition; renamed for SEO consistency during cleanup pass. Original source archived outside the repo in checkmark-audio-media-originals-2026-08-07.zip (Bridget's Desktop); only the optimized web copy remains in MEDIA/IMAGES. Draft alt text generated from the SEO filename/visual content; confirm against real page context before publishing.
IMG-0741,MEDIA/IMAGES/recording-artist-acoustic-guitar-session-view-03.jpg,MEDIA/IMAGES/GALLERY/recording-artist-acoustic-guitar-session-view-03.webp,image,recording artist acoustic guitar session view 03,,,,,,Checkmark Audio staff,Checkmark Audio,© Checkmark Audio. All rights reserved.,Owned by Checkmark Audio; approved for public-website use.,verified,approved,public-website,gallery,Artist playing acoustic guitar during a recording session at Checkmark Audio.,,,pending-human-approval,New addition; renamed for SEO consistency during cleanup pass. Original source archived outside the repo in checkmark-audio-media-originals-2026-08-07.zip (Bridget's Desktop); only the optimized web copy remains in MEDIA/IMAGES. Draft alt text generated from the SEO filename/visual content; confirm against real page context before publishing.
IMG-0742,MEDIA/IMAGES/recording-artist-acoustic-guitar-session-view-04.jpg,MEDIA/IMAGES/GALLERY/recording-artist-acoustic-guitar-session-view-04.webp,image,recording artist acoustic guitar session view 04,,,,,,Checkmark Audio staff,Checkmark Audio,© Checkmark Audio. All rights reserved.,Owned by Checkmark Audio; approved for public-website use.,verified,approved,public-website,gallery,Artist playing acoustic guitar during a recording session at Checkmark Audio.,,,pending-human-approval,New addition; renamed for SEO consistency during cleanup pass. Original source archived outside the repo in checkmark-audio-media-originals-2026-08-07.zip (Bridget's Desktop); only the optimized web copy remains in MEDIA/IMAGES. Draft alt text generated from the SEO filename/visual content; confirm against real page context before publishing.
IMG-0743,MEDIA/IMAGES/recording-artist-acoustic-guitar-session-view-05.jpg,MEDIA/IMAGES/GALLERY/recording-artist-acoustic-guitar-session-view-05.webp,image,recording artist acoustic guitar session view 05,,,,,,Checkmark Audio staff,Checkmark Audio,© Checkmark Audio. All rights reserved.,Owned by Checkmark Audio; approved for public-website use.,verified,approved,public-website,gallery,Artist playing acoustic guitar during a recording session at Checkmark Audio.,,,pending-human-approval,New addition; renamed for SEO consistency during cleanup pass. Original source archived outside the repo in checkmark-audio-media-originals-2026-08-07.zip (Bridget's Desktop); only the optimized web copy remains in MEDIA/IMAGES. Draft alt text generated from the SEO filename/visual content; confirm against real page context before publishing.
IMG-0744,MEDIA/IMAGES/checkmark-audio-music-studio-equipment-view-08.jpg,MEDIA/IMAGES/checkmark-audio-music-studio-equipment-view-08.webp,image,checkmark audio music studio equipment view 08,,,,,,Checkmark Audio staff,Checkmark Audio,© Checkmark Audio. All rights reserved.,Owned by Checkmark Audio; approved for public-website use.,verified,approved,public-website,studio-a,Close-up of the outboard compressor rack at Checkmark Audio.,,,pending-human-approval,New addition; renamed for SEO consistency during cleanup pass. Original source archived outside the repo in checkmark-audio-media-originals-2026-08-07.zip (Bridget's Desktop); only the optimized web copy remains in MEDIA/IMAGES. Draft alt text generated from the SEO filename/visual content; confirm against real page context before publishing.
IMG-0745,MEDIA/IMAGES/synth-keyboards-view-04.jpg,MEDIA/IMAGES/synth-keyboards-view-04.webp,image,synth keyboards view 04,,,,,,Checkmark Audio staff,Checkmark Audio,© Checkmark Audio. All rights reserved.,Owned by Checkmark Audio; approved for public-website use.,verified,approved,public-website,studio-a,Synthesizers and keyboards at Checkmark Audio.,,,pending-human-approval,New addition; renamed for SEO consistency during cleanup pass. Original source archived outside the repo in checkmark-audio-media-originals-2026-08-07.zip (Bridget's Desktop); only the optimized web copy remains in MEDIA/IMAGES. Draft alt text generated from the SEO filename/visual content; confirm against real page context before publishing.
IMG-0746,MEDIA/IMAGES/engineers-at-control-room-workstation-view-11.jpg,MEDIA/IMAGES/engineers-at-control-room-workstation-view-11.webp,image,engineers at control room workstation view 11,,,,,,Checkmark Audio staff,Checkmark Audio,© Checkmark Audio. All rights reserved.,Owned by Checkmark Audio; approved for public-website use.,verified,approved,public-website,our-team,Engineers working at the control room workstation at Checkmark Audio.,,,pending-human-approval,New addition; renamed for SEO consistency during cleanup pass. Original source archived outside the repo in checkmark-audio-media-originals-2026-08-07.zip (Bridget's Desktop); only the optimized web copy remains in MEDIA/IMAGES. Draft alt text generated from the SEO filename/visual content; confirm against real page context before publishing.
IMG-0747,MEDIA/IMAGES/studio-patch-bay-and-rack-gear-view-06.jpg,MEDIA/IMAGES/studio-patch-bay-and-rack-gear-view-06.webp,image,studio patch bay and rack gear view 06,,,,,,Checkmark Audio staff,Checkmark Audio,© Checkmark Audio. All rights reserved.,Owned by Checkmark Audio; approved for public-website use.,verified,approved,public-website,studio-a,Studio patch bay and rack gear at Checkmark Audio.,,,pending-human-approval,New addition; renamed for SEO consistency during cleanup pass. Original source archived outside the repo in checkmark-audio-media-originals-2026-08-07.zip (Bridget's Desktop); only the optimized web copy remains in MEDIA/IMAGES. Draft alt text generated from the SEO filename/visual content; confirm against real page context before publishing.
IMG-0748,MEDIA/IMAGES/engineers-at-control-room-workstation-view-12.jpg,MEDIA/IMAGES/engineers-at-control-room-workstation-view-12.webp,image,engineers at control room workstation view 12,,,,,,Checkmark Audio staff,Checkmark Audio,© Checkmark Audio. All rights reserved.,Owned by Checkmark Audio; approved for public-website use.,verified,approved,public-website,our-team,Engineers working at the control room workstation at Checkmark Audio.,,,pending-human-approval,New addition; renamed for SEO consistency during cleanup pass. Original source archived outside the repo in checkmark-audio-media-originals-2026-08-07.zip (Bridget's Desktop); only the optimized web copy remains in MEDIA/IMAGES. Draft alt text generated from the SEO filename/visual content; confirm against real page context before publishing.
IMG-0749,MEDIA/IMAGES/recording-session-behind-the-scenes-checkmark-audio-view-10.jpg,MEDIA/IMAGES/GALLERY/recording-session-behind-the-scenes-checkmark-audio-view-10.webp,image,recording session behind the scenes checkmark audio view 10,,,,,,Checkmark Audio staff,Checkmark Audio,© Checkmark Audio. All rights reserved.,Owned by Checkmark Audio; approved for public-website use.,verified,approved,public-website,gallery,Behind-the-scenes photo from a recording session at Checkmark Audio.,,,pending-human-approval,New addition; renamed for SEO consistency during cleanup pass. Original source archived outside the repo in checkmark-audio-media-originals-2026-08-07.zip (Bridget's Desktop); only the optimized web copy remains in MEDIA/IMAGES. Draft alt text generated from the SEO filename/visual content; confirm against real page context before publishing.
IMG-0750,MEDIA/IMAGES/music-production-drum-pad-controller-close-up-view-01.jpg,MEDIA/IMAGES/music-production-drum-pad-controller-close-up-view-01.webp,image,music production drum pad controller close up view 01,,,,,,Checkmark Audio staff,Checkmark Audio,© Checkmark Audio. All rights reserved.,Owned by Checkmark Audio; approved for public-website use.,verified,approved,public-website,studio-a,Close-up of a drum pad controller during production.,,,pending-human-approval,New addition; renamed for SEO consistency during cleanup pass. Original source archived outside the repo in checkmark-audio-media-originals-2026-08-07.zip (Bridget's Desktop); only the optimized web copy remains in MEDIA/IMAGES. Draft alt text generated from the SEO filename/visual content; confirm against real page context before publishing.
IMG-0751,MEDIA/IMAGES/engineers-at-control-room-workstation-view-13.jpg,MEDIA/IMAGES/engineers-at-control-room-workstation-view-13.webp,image,engineers at control room workstation view 13,,,,,,Checkmark Audio staff,Checkmark Audio,© Checkmark Audio. All rights reserved.,Owned by Checkmark Audio; approved for public-website use.,verified,approved,public-website,our-team,Engineers working at the control room workstation at Checkmark Audio.,,,pending-human-approval,New addition; renamed for SEO consistency during cleanup pass. Original source archived outside the repo in checkmark-audio-media-originals-2026-08-07.zip (Bridget's Desktop); only the optimized web copy remains in MEDIA/IMAGES. Draft alt text generated from the SEO filename/visual content; confirm against real page context before publishing.
IMG-0752,MEDIA/IMAGES/studio-b-vocal-booth-window-recording-engineer-checkmark-audio-view-01.jpg,MEDIA/IMAGES/studio-b-vocal-booth-window-recording-engineer-checkmark-audio-view-01.webp,image,studio b vocal booth window recording engineer checkmark audio view 01,,,,,,Checkmark Audio staff,Checkmark Audio,© Checkmark Audio. All rights reserved.,Owned by Checkmark Audio; approved for public-website use.,verified,approved,public-website,studio-b,Recording engineer at the desk by the Studio B vocal booth window at Checkmark Audio.,,,pending-human-approval,New addition; renamed for SEO consistency during cleanup pass. Original source archived outside the repo in checkmark-audio-media-originals-2026-08-07.zip (Bridget's Desktop); only the optimized web copy remains in MEDIA/IMAGES. Draft alt text generated from the SEO filename/visual content; confirm against real page context before publishing.
IMG-0753,MEDIA/IMAGES/studio-b-vocal-booth-window-recording-engineer-checkmark-audio-view-02.jpg,MEDIA/IMAGES/studio-b-vocal-booth-window-recording-engineer-checkmark-audio-view-02.webp,image,studio b vocal booth window recording engineer checkmark audio view 02,,,,,,Checkmark Audio staff,Checkmark Audio,© Checkmark Audio. All rights reserved.,Owned by Checkmark Audio; approved for public-website use.,verified,approved,public-website,studio-b,Recording engineer at the desk by the Studio B vocal booth window at Checkmark Audio.,,,pending-human-approval,New addition; renamed for SEO consistency during cleanup pass. Original source archived outside the repo in checkmark-audio-media-originals-2026-08-07.zip (Bridget's Desktop); only the optimized web copy remains in MEDIA/IMAGES. Draft alt text generated from the SEO filename/visual content; confirm against real page context before publishing.
IMG-0754,MEDIA/IMAGES/studio-b-vocal-booth-window-recording-engineer-checkmark-audio-view-03.jpg,MEDIA/IMAGES/studio-b-vocal-booth-window-recording-engineer-checkmark-audio-view-03.webp,image,studio b vocal booth window recording engineer checkmark audio view 03,,,,,,Checkmark Audio staff,Checkmark Audio,© Checkmark Audio. All rights reserved.,Owned by Checkmark Audio; approved for public-website use.,verified,approved,public-website,studio-b,Recording engineer at the desk by the Studio B vocal booth window at Checkmark Audio.,,,pending-human-approval,New addition; renamed for SEO consistency during cleanup pass. Original source archived outside the repo in checkmark-audio-media-originals-2026-08-07.zip (Bridget's Desktop); only the optimized web copy remains in MEDIA/IMAGES. Draft alt text generated from the SEO filename/visual content; confirm against real page context before publishing.
IMG-0755,MEDIA/IMAGES/studio-b-vocal-booth-window-recording-engineer-checkmark-audio-view-04.jpg,MEDIA/IMAGES/studio-b-vocal-booth-window-recording-engineer-checkmark-audio-view-04.webp,image,studio b vocal booth window recording engineer checkmark audio view 04,,,,,,Checkmark Audio staff,Checkmark Audio,© Checkmark Audio. All rights reserved.,Owned by Checkmark Audio; approved for public-website use.,verified,approved,public-website,studio-b,Recording engineer at the desk by the Studio B vocal booth window at Checkmark Audio.,,,pending-human-approval,New addition; renamed for SEO consistency during cleanup pass. Original source archived outside the repo in checkmark-audio-media-originals-2026-08-07.zip (Bridget's Desktop); only the optimized web copy remains in MEDIA/IMAGES. Draft alt text generated from the SEO filename/visual content; confirm against real page context before publishing.
IMG-0756,MEDIA/IMAGES/studio-b-vocal-booth-window-recording-engineer-checkmark-audio-view-05.jpg,MEDIA/IMAGES/studio-b-vocal-booth-window-recording-engineer-checkmark-audio-view-05.webp,image,studio b vocal booth window recording engineer checkmark audio view 05,,,,,,Checkmark Audio staff,Checkmark Audio,© Checkmark Audio. All rights reserved.,Owned by Checkmark Audio; approved for public-website use.,verified,approved,public-website,studio-b,Recording engineer at the desk by the Studio B vocal booth window at Checkmark Audio.,,,pending-human-approval,New addition; renamed for SEO consistency during cleanup pass. Original source archived outside the repo in checkmark-audio-media-originals-2026-08-07.zip (Bridget's Desktop); only the optimized web copy remains in MEDIA/IMAGES. Draft alt text generated from the SEO filename/visual content; confirm against real page context before publishing.
IMG-0757,MEDIA/IMAGES/checkmark-audio-studio-mural-sign-view-02.jpg,MEDIA/IMAGES/checkmark-audio-studio-mural-sign-view-02.webp,image,checkmark audio studio mural sign view 02,,,,,,Checkmark Audio staff,Checkmark Audio,© Checkmark Audio. All rights reserved.,Owned by Checkmark Audio; approved for public-website use.,verified,approved,public-website,studio-a,Checkmark Audio studio mural sign artwork.,,,pending-human-approval,New addition; renamed for SEO consistency during cleanup pass. Original source archived outside the repo in checkmark-audio-media-originals-2026-08-07.zip (Bridget's Desktop); only the optimized web copy remains in MEDIA/IMAGES. Draft alt text generated from the SEO filename/visual content; confirm against real page context before publishing.
IMG-0758,MEDIA/IMAGES/engineers-at-control-room-workstation-view-14.jpg,MEDIA/IMAGES/engineers-at-control-room-workstation-view-14.webp,image,engineers at control room workstation view 14,,,,,,Checkmark Audio staff,Checkmark Audio,© Checkmark Audio. All rights reserved.,Owned by Checkmark Audio; approved for public-website use.,verified,approved,public-website,our-team,Engineers working at the control room workstation at Checkmark Audio.,,,pending-human-approval,New addition; renamed for SEO consistency during cleanup pass. Original source archived outside the repo in checkmark-audio-media-originals-2026-08-07.zip (Bridget's Desktop); only the optimized web copy remains in MEDIA/IMAGES. Draft alt text generated from the SEO filename/visual content; confirm against real page context before publishing.
IMG-0759,MEDIA/IMAGES/checkmark-audio-on-air-interview-behind-the-scenes-view-01.jpg,MEDIA/IMAGES/checkmark-audio-on-air-interview-behind-the-scenes-view-01.webp,image,checkmark audio on air interview behind the scenes view 01,,,,,,Checkmark Audio staff,Checkmark Audio,© Checkmark Audio. All rights reserved.,Owned by Checkmark Audio; approved for public-website use.,verified,approved,public-website,studio-a,Behind-the-scenes photo from the on-air interview set at Checkmark Audio.,,,pending-human-approval,New addition; renamed for SEO consistency during cleanup pass. Original source archived outside the repo in checkmark-audio-media-originals-2026-08-07.zip (Bridget's Desktop); only the optimized web copy remains in MEDIA/IMAGES. Draft alt text generated from the SEO filename/visual content; confirm against real page context before publishing.
IMG-0760,MEDIA/IMAGES/checkmark-audio-on-air-interview-behind-the-scenes-view-02.jpg,MEDIA/IMAGES/checkmark-audio-on-air-interview-behind-the-scenes-view-02.webp,image,checkmark audio on air interview behind the scenes view 02,,,,,,Checkmark Audio staff,Checkmark Audio,© Checkmark Audio. All rights reserved.,Owned by Checkmark Audio; approved for public-website use.,verified,approved,public-website,studio-a,Behind-the-scenes photo from the on-air interview set at Checkmark Audio.,,,pending-human-approval,New addition; renamed for SEO consistency during cleanup pass. Original source archived outside the repo in checkmark-audio-media-originals-2026-08-07.zip (Bridget's Desktop); only the optimized web copy remains in MEDIA/IMAGES. Draft alt text generated from the SEO filename/visual content; confirm against real page context before publishing.
IMG-0761,MEDIA/IMAGES/checkmark-audio-on-air-interview-behind-the-scenes-view-03.jpg,MEDIA/IMAGES/checkmark-audio-on-air-interview-behind-the-scenes-view-03.webp,image,checkmark audio on air interview behind the scenes view 03,,,,,,Checkmark Audio staff,Checkmark Audio,© Checkmark Audio. All rights reserved.,Owned by Checkmark Audio; approved for public-website use.,verified,approved,public-website,studio-a,Behind-the-scenes photo from the on-air interview set at Checkmark Audio.,,,pending-human-approval,New addition; renamed for SEO consistency during cleanup pass. Original source archived outside the repo in checkmark-audio-media-originals-2026-08-07.zip (Bridget's Desktop); only the optimized web copy remains in MEDIA/IMAGES. Draft alt text generated from the SEO filename/visual content; confirm against real page context before publishing.
IMG-0762,MEDIA/IMAGES/checkmark-audio-on-air-interview-behind-the-scenes-view-04.jpg,MEDIA/IMAGES/checkmark-audio-on-air-interview-behind-the-scenes-view-04.webp,image,checkmark audio on air interview behind the scenes view 04,,,,,,Checkmark Audio staff,Checkmark Audio,© Checkmark Audio. All rights reserved.,Owned by Checkmark Audio; approved for public-website use.,verified,approved,public-website,studio-a,Behind-the-scenes photo from the on-air interview set at Checkmark Audio.,,,pending-human-approval,New addition; renamed for SEO consistency during cleanup pass. Original source archived outside the repo in checkmark-audio-media-originals-2026-08-07.zip (Bridget's Desktop); only the optimized web copy remains in MEDIA/IMAGES. Draft alt text generated from the SEO filename/visual content; confirm against real page context before publishing.
IMG-0763,MEDIA/IMAGES/checkmark-audio-on-air-interview-behind-the-scenes-view-05.jpg,MEDIA/IMAGES/checkmark-audio-on-air-interview-behind-the-scenes-view-05.webp,image,checkmark audio on air interview behind the scenes view 05,,,,,,Checkmark Audio staff,Checkmark Audio,© Checkmark Audio. All rights reserved.,Owned by Checkmark Audio; approved for public-website use.,verified,approved,public-website,studio-a,Behind-the-scenes photo from the on-air interview set at Checkmark Audio.,,,pending-human-approval,New addition; renamed for SEO consistency during cleanup pass. Original source archived outside the repo in checkmark-audio-media-originals-2026-08-07.zip (Bridget's Desktop); only the optimized web copy remains in MEDIA/IMAGES. Draft alt text generated from the SEO filename/visual content; confirm against real page context before publishing.
IMG-0764,MEDIA/IMAGES/checkmark-audio-on-air-interview-behind-the-scenes-view-06.jpg,MEDIA/IMAGES/checkmark-audio-on-air-interview-behind-the-scenes-view-06.webp,image,checkmark audio on air interview behind the scenes view 06,,,,,,Checkmark Audio staff,Checkmark Audio,© Checkmark Audio. All rights reserved.,Owned by Checkmark Audio; approved for public-website use.,verified,approved,public-website,studio-a,Behind-the-scenes photo from the on-air interview set at Checkmark Audio.,,,pending-human-approval,New addition; renamed for SEO consistency during cleanup pass. Original source archived outside the repo in checkmark-audio-media-originals-2026-08-07.zip (Bridget's Desktop); only the optimized web copy remains in MEDIA/IMAGES. Draft alt text generated from the SEO filename/visual content; confirm against real page context before publishing.
IMG-0765,MEDIA/IMAGES/checkmark-audio-on-air-interview-behind-the-scenes-view-07.jpg,MEDIA/IMAGES/checkmark-audio-on-air-interview-behind-the-scenes-view-07.webp,image,checkmark audio on air interview behind the scenes view 07,,,,,,Checkmark Audio staff,Checkmark Audio,© Checkmark Audio. All rights reserved.,Owned by Checkmark Audio; approved for public-website use.,verified,approved,public-website,studio-a,Behind-the-scenes photo from the on-air interview set at Checkmark Audio.,,,pending-human-approval,New addition; renamed for SEO consistency during cleanup pass. Original source archived outside the repo in checkmark-audio-media-originals-2026-08-07.zip (Bridget's Desktop); only the optimized web copy remains in MEDIA/IMAGES. Draft alt text generated from the SEO filename/visual content; confirm against real page context before publishing.
IMG-0766,MEDIA/IMAGES/checkmark-audio-on-air-interview-behind-the-scenes-view-08.jpg,MEDIA/IMAGES/checkmark-audio-on-air-interview-behind-the-scenes-view-08.webp,image,checkmark audio on air interview behind the scenes view 08,,,,,,Checkmark Audio staff,Checkmark Audio,© Checkmark Audio. All rights reserved.,Owned by Checkmark Audio; approved for public-website use.,verified,approved,public-website,studio-a,Behind-the-scenes photo from the on-air interview set at Checkmark Audio.,,,pending-human-approval,New addition; renamed for SEO consistency during cleanup pass. Original source archived outside the repo in checkmark-audio-media-originals-2026-08-07.zip (Bridget's Desktop); only the optimized web copy remains in MEDIA/IMAGES. Draft alt text generated from the SEO filename/visual content; confirm against real page context before publishing.
IMG-0767,MEDIA/IMAGES/checkmark-audio-on-air-interview-behind-the-scenes-view-09.jpg,MEDIA/IMAGES/checkmark-audio-on-air-interview-behind-the-scenes-view-09.webp,image,checkmark audio on air interview behind the scenes view 09,,,,,,Checkmark Audio staff,Checkmark Audio,© Checkmark Audio. All rights reserved.,Owned by Checkmark Audio; approved for public-website use.,verified,approved,public-website,studio-a,Behind-the-scenes photo from the on-air interview set at Checkmark Audio.,,,pending-human-approval,New addition; renamed for SEO consistency during cleanup pass. Original source archived outside the repo in checkmark-audio-media-originals-2026-08-07.zip (Bridget's Desktop); only the optimized web copy remains in MEDIA/IMAGES. Draft alt text generated from the SEO filename/visual content; confirm against real page context before publishing.
IMG-0768,MEDIA/IMAGES/checkmark-audio-on-air-interview-behind-the-scenes-view-10.jpg,MEDIA/IMAGES/checkmark-audio-on-air-interview-behind-the-scenes-view-10.webp,image,checkmark audio on air interview behind the scenes view 10,,,,,,Checkmark Audio staff,Checkmark Audio,© Checkmark Audio. All rights reserved.,Owned by Checkmark Audio; approved for public-website use.,verified,approved,public-website,studio-a,Behind-the-scenes photo from the on-air interview set at Checkmark Audio.,,,pending-human-approval,New addition; renamed for SEO consistency during cleanup pass. Original source archived outside the repo in checkmark-audio-media-originals-2026-08-07.zip (Bridget's Desktop); only the optimized web copy remains in MEDIA/IMAGES. Draft alt text generated from the SEO filename/visual content; confirm against real page context before publishing.
IMG-0769,MEDIA/IMAGES/checkmark-audio-on-air-interview-behind-the-scenes-view-11.jpg,MEDIA/IMAGES/checkmark-audio-on-air-interview-behind-the-scenes-view-11.webp,image,checkmark audio on air interview behind the scenes view 11,,,,,,Checkmark Audio staff,Checkmark Audio,© Checkmark Audio. All rights reserved.,Owned by Checkmark Audio; approved for public-website use.,verified,approved,public-website,studio-a,Behind-the-scenes photo from the on-air interview set at Checkmark Audio.,,,pending-human-approval,New addition; renamed for SEO consistency during cleanup pass. Original source archived outside the repo in checkmark-audio-media-originals-2026-08-07.zip (Bridget's Desktop); only the optimized web copy remains in MEDIA/IMAGES. Draft alt text generated from the SEO filename/visual content; confirm against real page context before publishing.
IMG-0770,MEDIA/IMAGES/checkmark-audio-on-air-interview-behind-the-scenes-view-12.jpg,MEDIA/IMAGES/checkmark-audio-on-air-interview-behind-the-scenes-view-12.webp,image,checkmark audio on air interview behind the scenes view 12,,,,,,Checkmark Audio staff,Checkmark Audio,© Checkmark Audio. All rights reserved.,Owned by Checkmark Audio; approved for public-website use.,verified,approved,public-website,studio-a,Behind-the-scenes photo from the on-air interview set at Checkmark Audio.,,,pending-human-approval,New addition; renamed for SEO consistency during cleanup pass. Original source archived outside the repo in checkmark-audio-media-originals-2026-08-07.zip (Bridget's Desktop); only the optimized web copy remains in MEDIA/IMAGES. Draft alt text generated from the SEO filename/visual content; confirm against real page context before publishing.
IMG-0771,MEDIA/IMAGES/checkmark-audio-on-air-interview-behind-the-scenes-view-13.jpg,MEDIA/IMAGES/checkmark-audio-on-air-interview-behind-the-scenes-view-13.webp,image,checkmark audio on air interview behind the scenes view 13,,,,,,Checkmark Audio staff,Checkmark Audio,© Checkmark Audio. All rights reserved.,Owned by Checkmark Audio; approved for public-website use.,verified,approved,public-website,studio-a,Behind-the-scenes photo from the on-air interview set at Checkmark Audio.,,,pending-human-approval,New addition; renamed for SEO consistency during cleanup pass. Original source archived outside the repo in checkmark-audio-media-originals-2026-08-07.zip (Bridget's Desktop); only the optimized web copy remains in MEDIA/IMAGES. Draft alt text generated from the SEO filename/visual content; confirm against real page context before publishing.
IMG-0772,MEDIA/IMAGES/checkmark-audio-on-air-interview-behind-the-scenes-view-14.jpg,MEDIA/IMAGES/checkmark-audio-on-air-interview-behind-the-scenes-view-14.webp,image,checkmark audio on air interview behind the scenes view 14,,,,,,Checkmark Audio staff,Checkmark Audio,© Checkmark Audio. All rights reserved.,Owned by Checkmark Audio; approved for public-website use.,verified,approved,public-website,studio-a,Behind-the-scenes photo from the on-air interview set at Checkmark Audio.,,,pending-human-approval,New addition; renamed for SEO consistency during cleanup pass. Original source archived outside the repo in checkmark-audio-media-originals-2026-08-07.zip (Bridget's Desktop); only the optimized web copy remains in MEDIA/IMAGES. Draft alt text generated from the SEO filename/visual content; confirm against real page context before publishing.
IMG-0773,MEDIA/IMAGES/checkmark-audio-on-air-interview-behind-the-scenes-view-15.jpg,MEDIA/IMAGES/checkmark-audio-on-air-interview-behind-the-scenes-view-15.webp,image,checkmark audio on air interview behind the scenes view 15,,,,,,Checkmark Audio staff,Checkmark Audio,© Checkmark Audio. All rights reserved.,Owned by Checkmark Audio; approved for public-website use.,verified,approved,public-website,studio-a,Behind-the-scenes photo from the on-air interview set at Checkmark Audio.,,,pending-human-approval,New addition; renamed for SEO consistency during cleanup pass. Original source archived outside the repo in checkmark-audio-media-originals-2026-08-07.zip (Bridget's Desktop); only the optimized web copy remains in MEDIA/IMAGES. Draft alt text generated from the SEO filename/visual content; confirm against real page context before publishing.
IMG-0774,MEDIA/IMAGES/checkmark-audio-on-air-interview-behind-the-scenes-view-16.jpg,MEDIA/IMAGES/checkmark-audio-on-air-interview-behind-the-scenes-view-16.webp,image,checkmark audio on air interview behind the scenes view 16,,,,,,Checkmark Audio staff,Checkmark Audio,© Checkmark Audio. All rights reserved.,Owned by Checkmark Audio; approved for public-website use.,verified,approved,public-website,studio-a,Behind-the-scenes photo from the on-air interview set at Checkmark Audio.,,,pending-human-approval,New addition; renamed for SEO consistency during cleanup pass. Original source archived outside the repo in checkmark-audio-media-originals-2026-08-07.zip (Bridget's Desktop); only the optimized web copy remains in MEDIA/IMAGES. Draft alt text generated from the SEO filename/visual content; confirm against real page context before publishing.
IMG-0775,MEDIA/IMAGES/checkmark-audio-on-air-interview-behind-the-scenes-view-17.jpg,MEDIA/IMAGES/checkmark-audio-on-air-interview-behind-the-scenes-view-17.webp,image,checkmark audio on air interview behind the scenes view 17,,,,,,Checkmark Audio staff,Checkmark Audio,© Checkmark Audio. All rights reserved.,Owned by Checkmark Audio; approved for public-website use.,verified,approved,public-website,studio-a,Behind-the-scenes photo from the on-air interview set at Checkmark Audio.,,,pending-human-approval,New addition; renamed for SEO consistency during cleanup pass. Original source archived outside the repo in checkmark-audio-media-originals-2026-08-07.zip (Bridget's Desktop); only the optimized web copy remains in MEDIA/IMAGES. Draft alt text generated from the SEO filename/visual content; confirm against real page context before publishing.
IMG-0776,MEDIA/IMAGES/checkmark-audio-on-air-interview-behind-the-scenes-view-18.jpg,MEDIA/IMAGES/checkmark-audio-on-air-interview-behind-the-scenes-view-18.webp,image,checkmark audio on air interview behind the scenes view 18,,,,,,Checkmark Audio staff,Checkmark Audio,© Checkmark Audio. All rights reserved.,Owned by Checkmark Audio; approved for public-website use.,verified,approved,public-website,studio-a,Behind-the-scenes photo from the on-air interview set at Checkmark Audio.,,,pending-human-approval,New addition; renamed for SEO consistency during cleanup pass. Original source archived outside the repo in checkmark-audio-media-originals-2026-08-07.zip (Bridget's Desktop); only the optimized web copy remains in MEDIA/IMAGES. Draft alt text generated from the SEO filename/visual content; confirm against real page context before publishing.
IMG-0777,MEDIA/IMAGES/checkmark-audio-on-air-interview-behind-the-scenes-view-19.jpg,MEDIA/IMAGES/checkmark-audio-on-air-interview-behind-the-scenes-view-19.webp,image,checkmark audio on air interview behind the scenes view 19,,,,,,Checkmark Audio staff,Checkmark Audio,© Checkmark Audio. All rights reserved.,Owned by Checkmark Audio; approved for public-website use.,verified,approved,public-website,studio-a,Behind-the-scenes photo from the on-air interview set at Checkmark Audio.,,,pending-human-approval,New addition; renamed for SEO consistency during cleanup pass. Original source archived outside the repo in checkmark-audio-media-originals-2026-08-07.zip (Bridget's Desktop); only the optimized web copy remains in MEDIA/IMAGES. Draft alt text generated from the SEO filename/visual content; confirm against real page context before publishing.
IMG-0778,MEDIA/IMAGES/checkmark-audio-on-air-interview-behind-the-scenes-view-20.jpg,MEDIA/IMAGES/checkmark-audio-on-air-interview-behind-the-scenes-view-20.webp,image,checkmark audio on air interview behind the scenes view 20,,,,,,Checkmark Audio staff,Checkmark Audio,© Checkmark Audio. All rights reserved.,Owned by Checkmark Audio; approved for public-website use.,verified,approved,public-website,studio-a,Behind-the-scenes photo from the on-air interview set at Checkmark Audio.,,,pending-human-approval,New addition; renamed for SEO consistency during cleanup pass. Original source archived outside the repo in checkmark-audio-media-originals-2026-08-07.zip (Bridget's Desktop); only the optimized web copy remains in MEDIA/IMAGES. Draft alt text generated from the SEO filename/visual content; confirm against real page context before publishing.
IMG-0779,MEDIA/IMAGES/checkmark-audio-on-air-interview-behind-the-scenes-view-21.jpg,MEDIA/IMAGES/checkmark-audio-on-air-interview-behind-the-scenes-view-21.webp,image,checkmark audio on air interview behind the scenes view 21,,,,,,Checkmark Audio staff,Checkmark Audio,© Checkmark Audio. All rights reserved.,Owned by Checkmark Audio; approved for public-website use.,verified,approved,public-website,studio-a,Behind-the-scenes photo from the on-air interview set at Checkmark Audio.,,,pending-human-approval,New addition; renamed for SEO consistency during cleanup pass. Original source archived outside the repo in checkmark-audio-media-originals-2026-08-07.zip (Bridget's Desktop); only the optimized web copy remains in MEDIA/IMAGES. Draft alt text generated from the SEO filename/visual content; confirm against real page context before publishing.
IMG-0780,MEDIA/IMAGES/checkmark-audio-on-air-interview-behind-the-scenes-view-22.jpg,MEDIA/IMAGES/checkmark-audio-on-air-interview-behind-the-scenes-view-22.webp,image,checkmark audio on air interview behind the scenes view 22,,,,,,Checkmark Audio staff,Checkmark Audio,© Checkmark Audio. All rights reserved.,Owned by Checkmark Audio; approved for public-website use.,verified,approved,public-website,studio-a,Behind-the-scenes photo from the on-air interview set at Checkmark Audio.,,,pending-human-approval,New addition; renamed for SEO consistency during cleanup pass. Original source archived outside the repo in checkmark-audio-media-originals-2026-08-07.zip (Bridget's Desktop); only the optimized web copy remains in MEDIA/IMAGES. Draft alt text generated from the SEO filename/visual content; confirm against real page context before publishing.
IMG-0781,MEDIA/IMAGES/checkmark-audio-on-air-interview-behind-the-scenes-view-23.jpg,MEDIA/IMAGES/checkmark-audio-on-air-interview-behind-the-scenes-view-23.webp,image,checkmark audio on air interview behind the scenes view 23,,,,,,Checkmark Audio staff,Checkmark Audio,© Checkmark Audio. All rights reserved.,Owned by Checkmark Audio; approved for public-website use.,verified,approved,public-website,studio-a,Behind-the-scenes photo from the on-air interview set at Checkmark Audio.,,,pending-human-approval,New addition; renamed for SEO consistency during cleanup pass. Original source archived outside the repo in checkmark-audio-media-originals-2026-08-07.zip (Bridget's Desktop); only the optimized web copy remains in MEDIA/IMAGES. Draft alt text generated from the SEO filename/visual content; confirm against real page context before publishing.
IMG-0782,MEDIA/IMAGES/checkmark-audio-on-air-interview-behind-the-scenes-view-24.jpg,MEDIA/IMAGES/checkmark-audio-on-air-interview-behind-the-scenes-view-24.webp,image,checkmark audio on air interview behind the scenes view 24,,,,,,Checkmark Audio staff,Checkmark Audio,© Checkmark Audio. All rights reserved.,Owned by Checkmark Audio; approved for public-website use.,verified,approved,public-website,studio-a,Behind-the-scenes photo from the on-air interview set at Checkmark Audio.,,,pending-human-approval,New addition; renamed for SEO consistency during cleanup pass. Original source archived outside the repo in checkmark-audio-media-originals-2026-08-07.zip (Bridget's Desktop); only the optimized web copy remains in MEDIA/IMAGES. Draft alt text generated from the SEO filename/visual content; confirm against real page context before publishing.
IMG-0783,MEDIA/IMAGES/checkmark-audio-on-air-interview-behind-the-scenes-view-25.jpg,MEDIA/IMAGES/checkmark-audio-on-air-interview-behind-the-scenes-view-25.webp,image,checkmark audio on air interview behind the scenes view 25,,,,,,Checkmark Audio staff,Checkmark Audio,© Checkmark Audio. All rights reserved.,Owned by Checkmark Audio; approved for public-website use.,verified,approved,public-website,studio-a,Behind-the-scenes photo from the on-air interview set at Checkmark Audio.,,,pending-human-approval,New addition; renamed for SEO consistency during cleanup pass. Original source archived outside the repo in checkmark-audio-media-originals-2026-08-07.zip (Bridget's Desktop); only the optimized web copy remains in MEDIA/IMAGES. Draft alt text generated from the SEO filename/visual content; confirm against real page context before publishing.
IMG-0784,MEDIA/IMAGES/checkmark-audio-on-air-interview-group-photo-checkmark-audio-view-01.jpg,MEDIA/IMAGES/checkmark-audio-on-air-interview-group-photo-checkmark-audio-view-01.webp,image,checkmark audio on air interview group photo checkmark audio view 01,,,,,,Checkmark Audio staff,Checkmark Audio,© Checkmark Audio. All rights reserved.,Owned by Checkmark Audio; approved for public-website use.,verified,approved,public-website,studio-a,Group photo at the on-air interview set at Checkmark Audio.,,,pending-human-approval,New addition; renamed for SEO consistency during cleanup pass. Original source archived outside the repo in checkmark-audio-media-originals-2026-08-07.zip (Bridget's Desktop); only the optimized web copy remains in MEDIA/IMAGES. Draft alt text generated from the SEO filename/visual content; confirm against real page context before publishing.
IMG-0785,MEDIA/IMAGES/checkmark-audio-on-air-interview-group-photo-checkmark-audio-view-02.jpg,MEDIA/IMAGES/checkmark-audio-on-air-interview-group-photo-checkmark-audio-view-02.webp,image,checkmark audio on air interview group photo checkmark audio view 02,,,,,,Checkmark Audio staff,Checkmark Audio,© Checkmark Audio. All rights reserved.,Owned by Checkmark Audio; approved for public-website use.,verified,approved,public-website,studio-a,Group photo at the on-air interview set at Checkmark Audio.,,,pending-human-approval,New addition; renamed for SEO consistency during cleanup pass. Original source archived outside the repo in checkmark-audio-media-originals-2026-08-07.zip (Bridget's Desktop); only the optimized web copy remains in MEDIA/IMAGES. Draft alt text generated from the SEO filename/visual content; confirm against real page context before publishing.
VID-0047,MEDIA/VIDEO/recording-session-behind-the-scenes-checkmark-audio-view-01.mov,,video,recording session behind the scenes checkmark audio view 01,,,,,,,,,,unverified,approved,public-website,,,,,pending-human-approval,New addition; renamed for SEO consistency during cleanup pass.
VID-0048,MEDIA/VIDEO/music-jam-session-studio-b-checkmark-audio-view-01.mov,,video,music jam session studio b checkmark audio view 01,,,,,,,,,,unverified,approved,public-website,,,,,pending-human-approval,New addition; renamed for SEO consistency during cleanup pass.
VID-0049,MEDIA/VIDEO/music-production-daw-session-checkmark-audio.mov,,video,music production daw session checkmark audio,,,,,,,,,,unverified,approved,public-website,,,,,pending-human-approval,New addition; renamed for SEO consistency during cleanup pass.
VID-0050,MEDIA/VIDEO/recording-artist-live-performance-checkmark-audio-view-01.mov,,video,recording artist live performance checkmark audio view 01,,,,,,,,,,unverified,approved,public-website,,,,,pending-human-approval,New addition; renamed for SEO consistency during cleanup pass.
VID-0051,MEDIA/VIDEO/music-jam-session-studio-b-checkmark-audio-view-02.mov,,video,music jam session studio b checkmark audio view 02,,,,,,,,,,unverified,approved,public-website,,,,,pending-human-approval,New addition; renamed for SEO consistency during cleanup pass.
VID-0052,MEDIA/VIDEO/music-jam-session-studio-b-checkmark-audio-view-03.mov,,video,music jam session studio b checkmark audio view 03,,,,,,,,,,unverified,approved,public-website,,,,,pending-human-approval,New addition; renamed for SEO consistency during cleanup pass.
VID-0053,MEDIA/VIDEO/studio-b-recording-session-behind-the-scenes-checkmark-audio-view-01.mov,,video,studio b recording session behind the scenes checkmark audio view 01,,,,,,,,,,unverified,approved,public-website,,,,,pending-human-approval,New addition; renamed for SEO consistency during cleanup pass.
VID-0054,MEDIA/VIDEO/music-jam-session-studio-b-checkmark-audio-view-04.mov,,video,music jam session studio b checkmark audio view 04,,,,,,,,,,unverified,approved,public-website,,,,,pending-human-approval,New addition; renamed for SEO consistency during cleanup pass.
VID-0055,MEDIA/VIDEO/video-production-behind-the-scenes-checkmark-audio-view-01.mov,,video,video production behind the scenes checkmark audio view 01,,,,,,,,,,unverified,approved,public-website,,,,,pending-human-approval,New addition; renamed for SEO consistency during cleanup pass.
VID-0056,MEDIA/VIDEO/music-jam-session-studio-b-checkmark-audio-view-05.mov,,video,music jam session studio b checkmark audio view 05,,,,,,,,,,unverified,approved,public-website,,,,,pending-human-approval,New addition; renamed for SEO consistency during cleanup pass.
VID-0057,MEDIA/VIDEO/music-production-sampling-session-checkmark-audio-view-01.mov,,video,music production sampling session checkmark audio view 01,,,,,,,,,,unverified,approved,public-website,,,,,pending-human-approval,New addition; renamed for SEO consistency during cleanup pass.
VID-0058,MEDIA/VIDEO/music-jam-session-studio-b-checkmark-audio-view-06.mov,,video,music jam session studio b checkmark audio view 06,,,,,,,,,,unverified,approved,public-website,,,,,pending-human-approval,New addition; renamed for SEO consistency during cleanup pass.
VID-0059,MEDIA/VIDEO/music-production-sampling-session-checkmark-audio-view-02.mov,,video,music production sampling session checkmark audio view 02,,,,,,,,,,unverified,approved,public-website,,,,,pending-human-approval,New addition; renamed for SEO consistency during cleanup pass.
VID-0060,MEDIA/VIDEO/music-production-sampling-session-checkmark-audio-view-03.mov,,video,music production sampling session checkmark audio view 03,,,,,,,,,,unverified,approved,public-website,,,,,pending-human-approval,New addition; renamed for SEO consistency during cleanup pass.
VID-0061,MEDIA/VIDEO/recording-artist-violin-session-checkmark-audio.mov,,video,recording artist violin session checkmark audio,,,,,,,,,,unverified,approved,public-website,,,,,pending-human-approval,New addition; renamed for SEO consistency during cleanup pass.
VID-0062,MEDIA/VIDEO/music-production-sampling-session-checkmark-audio-view-04.mov,,video,music production sampling session checkmark audio view 04,,,,,,,,,,unverified,approved,public-website,,,,,pending-human-approval,New addition; renamed for SEO consistency during cleanup pass.
IMG-0786,MEDIA/IMAGES/checkmark-audio-logo-official-gold-gradient-transparent.png,MEDIA/IMAGES/checkmark-audio-logo-official-gold-gradient-transparent.png,image,checkmark audio official gold gradient logo,brand identity,,,,,Checkmark Audio,Checkmark Audio,© Checkmark Audio. All rights reserved.,Owned by Checkmark Audio; approved as an official logo standard by Bridget on 2026-08-20.,verified,not-applicable,public-website,sitewide-logo,Checkmark Audio logo.,,"Checkmark Audio logo, gold",approved,Revised official 2000×2000 transparent standard supplied as CM - LOGO GOLD.png and approved by Bridget on 2026-08-20. The preceding canonical set is archived under ARCHIVE/logo-standards-superseded-2026-08-20/previous-canonical-set-before-desktop-cm/. Current website default.
IMG-0787,MEDIA/IMAGES/checkmark-audio-logo-official-black-transparent.png,MEDIA/IMAGES/checkmark-audio-logo-official-black-transparent.png,image,checkmark audio official black logo,brand identity,,,,,Checkmark Audio,Checkmark Audio,© Checkmark Audio. All rights reserved.,Owned by Checkmark Audio; approved as an official logo standard by Bridget on 2026-08-20.,verified,not-applicable,public-website,sitewide-logo,Checkmark Audio logo.,,"Checkmark Audio logo, black",approved,Revised official 2000×2000 transparent standard supplied as CM - LOGO BLACK.png and approved by Bridget on 2026-08-20. The preceding canonical set is archived under ARCHIVE/logo-standards-superseded-2026-08-20/previous-canonical-set-before-desktop-cm/. Use on light backgrounds.
IMG-0788,MEDIA/IMAGES/checkmark-audio-logo-official-white-transparent.png,MEDIA/IMAGES/checkmark-audio-logo-official-white-transparent.png,image,checkmark audio official white logo,brand identity,,,,,Checkmark Audio,Checkmark Audio,© Checkmark Audio. All rights reserved.,Owned by Checkmark Audio; approved as an official logo standard by Bridget on 2026-08-20.,verified,not-applicable,public-website,sitewide-logo,Checkmark Audio logo.,,"Checkmark Audio logo, white",approved,Revised official 2000×2000 transparent standard supplied as CM - LOGO WHITE.png and approved by Bridget on 2026-08-20. The preceding canonical set is archived under ARCHIVE/logo-standards-superseded-2026-08-20/previous-canonical-set-before-desktop-cm/. Use on dark or photographic backgrounds.
