"original_path","new_path","media_type","size_bytes","sha256"
"ARCHIVE/ignored-local/wix-media-intake/audio/!MaficlFelsicl_3_Master.mp3","MEDIA/UNREADABLE/maficlfelsicl-3-master-unreadable.mp3","audio","0","e3b0c44298fc1c149afbf4c8996fb92427ae41e4649b934ca495991b7852b855"
"ARCHIVE/ignored-local/wix-media-intake/audio/“Solo” FT. YUNG GUALLI.mp3","MEDIA/AUDIO/solo-ft-yung-gualli.mp3","audio","9043200","89d8bae55fe57fa828269c6c8eed95c96d6b4596a3f8c372354e1cccbc5a302b"
"ARCHIVE/ignored-local/wix-media-intake/audio/[ONTIVA.COM] HOOPS-320k--zero-placeholder-2.mp3","MEDIA/AUDIO/ontiva-com-hoops-320k.mp3","audio","5110125","357e1c1260a18ab96ba07bffa7621442b7d6a10e40d0c26b5aba72ff14f62486"
"ARCHIVE/ignored-local/wix-media-intake/audio/01 Hearts with Fire--zero-placeholder-2.mp3","MEDIA/AUDIO/01-hearts-with-fire.mp3","audio","7318948","5b41dca3615957cbe769fd3907412fa2cd29988c740f862ff4b5e0b19cd5afb7"
"ARCHIVE/ignored-local/wix-media-intake/audio/Anthill_100_41020_13.mp3","MEDIA/AUDIO/anthill-100-41020-13.mp3","audio","5316480","1bfbbeaa07e9e7373c52358debb09a8d4f7fc0f404643909b2c410413d29e491"
"ARCHIVE/ignored-local/wix-media-intake/audio/Bagpipebeat_vox._2wav.mp3","MEDIA/UNREADABLE/bagpipebeat-vox-2wav-unreadable.mp3","audio","0","e3b0c44298fc1c149afbf4c8996fb92427ae41e4649b934ca495991b7852b855"
"ARCHIVE/ignored-local/wix-media-intake/audio/Greif_untagged_Master--zero-placeholder-2.mp3","MEDIA/AUDIO/greif-untagged-master.mp3","audio","6236877","ffcdfd004b13f9ac19279b907b8088f03d4394f9cf45ed2f84ec13c891c94578"
"ARCHIVE/ignored-local/wix-media-intake/audio/Hope_2untagged_Master--zero-placeholder-2.mp3","MEDIA/AUDIO/hope-2untagged-master.mp3","audio","6220269","96a82ab3fb0a7d47efd9e7ed9264350c80fd23c00c823e89884d8f94c1ee14b7"
"ARCHIVE/ignored-local/wix-media-intake/audio/Hurting untagged2_Master--zero-placeholder-2.mp3","MEDIA/AUDIO/hurting-untagged2-master.mp3","audio","6434637","02458df7f85581cb82a2ed633e60a971dcb10e2e52a014bfb24be528a21d46e9"
"ARCHIVE/ignored-local/wix-media-intake/audio/Hyper4.wav","MEDIA/AUDIO/hyper4.wav","audio","45868214","6704bdc3f54034c275cc5fe06c7130c0cd96761d430968f7d29bdcc34fec93ea"
"ARCHIVE/ignored-local/wix-media-intake/audio/LoveAllofMe_Millie1_1_Master.wav","MEDIA/AUDIO/loveallofme-millie1-1-master.wav","audio","46358888","eceba0e9848ffbb7fd767efb29b66c977aae112b543abdd59b4a2bc6637be896"
"ARCHIVE/ignored-local/wix-media-intake/audio/LoveAllofMe_Millieunmixed.wav","MEDIA/AUDIO/loveallofme-millieunmixed.wav","audio","46358834","9feebb146b38ccb774fe3ba05f59d2a7e0b35f6ec28527bc9e372d7f3232147f"
"ARCHIVE/ignored-local/wix-media-intake/audio/memories_8_NoTag__Master--zero-placeholder-2.mp3","MEDIA/AUDIO/memories-8-notag-master.mp3","audio","5401581","d993397750775f02a9fc9e0d53fffcd5f00bca0b632e0198e7e4f9b3945315a6"
"ARCHIVE/ignored-local/wix-media-intake/audio/ProllyintheClub_98.mp3","MEDIA/AUDIO/prollyintheclub-98.mp3","audio","5878080","4f6dd6fc493eba73d78063febf4d67f25f43833623e3f00bd95d4003da172815"
"ARCHIVE/ignored-local/wix-media-intake/audio/punk2_3_23_Master.wav","MEDIA/AUDIO/punk2-3-23-master.wav","audio","50094644","0c7b435b5c92403bc4468dddb630b55a5b720c09e706fd5b9d518a75e5ee07ff"
"ARCHIVE/ignored-local/wix-media-intake/audio/Sabrina--zero-placeholder-2.mp3","MEDIA/AUDIO/sabrina.mp3","audio","7480423","7b3e2484ee31ba26b0e748f8e8927e9b8b9047408a41f267037d2561ed857a7e"
"ARCHIVE/ignored-local/wix-media-intake/audio/Sabrina--zero-placeholder-2.wav","MEDIA/AUDIO/sabrina.wav","audio","32988636","dc7afac9edd89d40dacd23cccd6d1ac11562256d06c68c6136257ada6a439225"
"ARCHIVE/ignored-local/wix-media-intake/audio/Save You_Master_1.mp3","MEDIA/AUDIO/save-you-master-1.mp3","audio","7840320","6541f656d9d583b62aec8034cf602660ce52e7fe3f66ba95f02f980cc577d7c8"
"ARCHIVE/ignored-local/wix-media-intake/audio/SheistyTypeBeat_Mix_inst_Master--zero-placeholder-2.wav","MEDIA/AUDIO/sheistytypebeat-mix-inst-master.wav","audio","45087938","08b28dadbcd27db74ecf744db62c875cfd8dad9f4e27b90226a9b73d5700b88e"
"ARCHIVE/ignored-local/wix-media-intake/audio/SheistyTypeBeat_Vox_2_Master--zero-placeholder-2.wav","MEDIA/AUDIO/sheistytypebeat-vox-2-master.wav","audio","49075298","269b1f8e197bc5a595431312151c27057bc87aa5f501cb3ef28cb6b62a6cde95"
"ARCHIVE/ignored-local/wix-media-intake/audio/SongOfSolomon_140_4_Master.mp3","MEDIA/UNREADABLE/songofsolomon-140-4-master-unreadable.mp3","audio","0","e3b0c44298fc1c149afbf4c8996fb92427ae41e4649b934ca495991b7852b855"
"ARCHIVE/ignored-local/wix-media-intake/audio/The Wave_122Master2_48.wav","MEDIA/UNREADABLE/the-wave-122master2-48-unreadable.wav","audio","0","e3b0c44298fc1c149afbf4c8996fb92427ae41e4649b934ca495991b7852b855"
"ARCHIVE/ignored-local/wix-media-intake/audio/Untagged_Master--zero-placeholder-2.mp3","MEDIA/AUDIO/untagged-master.mp3","audio","5704941","12e9197a01e6ab96514fe3ed8db1c4709e18428ca41fec009ef754397accad09"
"ARCHIVE/ignored-local/wix-media-intake/audio/Up Next5.wav","MEDIA/AUDIO/up-next5.wav","audio","9240576","d05cc5e0e2fa2a122600af924b6f1f736121cbdeb0f622ca2b4481db47b1e72e"
"ARCHIVE/ignored-local/wix-media-intake/documents/_--zero-placeholder-2.pdf","ARCHIVE/reference/wix-documents/checkmark-audio-document-0213012546.pdf","document","15285","0213012546b83f509f1d39126b4470b57ba10c3a4b83213c9371e4ea4616bbe2"
"ARCHIVE/ignored-local/wix-media-intake/documents/BEAT PDF FILE DRIFT (1)--zero-placeholder-2.pdf","ARCHIVE/reference/wix-documents/beat-pdf-file-drift-1.pdf","document","15090","8240a28495d9d45d367ad6d9ac9cfe0da6f3f5a314fac33ee87280f23d02e74b"
"ARCHIVE/ignored-local/wix-media-intake/documents/BEAT PDF FILE NO ANGELZ LEFT--zero-placeholder-2.pdf","ARCHIVE/reference/wix-documents/beat-pdf-file-no-angelz-left.pdf","document","15020","1619c13cc2fdd9196f6e2cefc32e93a6e7c06f88eb63bddd81131e6780fd59ce"
"ARCHIVE/ignored-local/wix-media-intake/documents/BEAT PDF FILE NO ANGELZ LEFT-d1a78942f3ac4d798cac1dec1856160f.pdf","ARCHIVE/reference/wix-documents/beat-pdf-file-no-angelz-left-alternate-02.pdf","document","15020","1619c13cc2fdd9196f6e2cefc32e93a6e7c06f88eb63bddd81131e6780fd59ce"
"ARCHIVE/ignored-local/wix-media-intake/documents/BEAT PDF FILE WHATS POPPIN--zero-placeholder-2.pdf","ARCHIVE/reference/wix-documents/beat-pdf-file-whats-poppin.pdf","document","15267","dc946ea6c2653d4a89c61070810a9183969adaea9425e92ed2a380aee1cf4bae"
"ARCHIVE/ignored-local/wix-media-intake/images/_DSC0307--zero-placeholder-2.ARW","MEDIA/UNREADABLE/dsc0307-unreadable.arw","image","0","e3b0c44298fc1c149afbf4c8996fb92427ae41e4649b934ca495991b7852b855"
"ARCHIVE/ignored-local/wix-media-intake/images/_DSC0307.ARW","MEDIA/IMAGES/dsc0307.arw","image","9141240","3aeb1d1f46b63bb39428d507d89127c87784e2bd560524b50b2d5d80723be7ba"
"ARCHIVE/ignored-local/wix-media-intake/images/_DSC0321--zero-placeholder-2.ARW","MEDIA/UNREADABLE/dsc0321-unreadable.arw","image","0","e3b0c44298fc1c149afbf4c8996fb92427ae41e4649b934ca495991b7852b855"
"ARCHIVE/ignored-local/wix-media-intake/images/_DSC0321.ARW","MEDIA/IMAGES/dsc0321.arw","image","8325521","dcd3cd28fe2e6928de523f02148ea8a21e63b76f581ef7fd197c23af0b516599"
"ARCHIVE/ignored-local/wix-media-intake/images/_DSC0323--zero-placeholder-2.ARW","MEDIA/UNREADABLE/dsc0323-unreadable.arw","image","0","e3b0c44298fc1c149afbf4c8996fb92427ae41e4649b934ca495991b7852b855"
"ARCHIVE/ignored-local/wix-media-intake/images/_DSC0323.ARW","MEDIA/IMAGES/dsc0323.arw","image","9540499","675fe9ffe2536044e3fcd4648c33d84dca5969b17eb4ac283b97f7dc4de75158"
"ARCHIVE/ignored-local/wix-media-intake/images/_DSC0548--zero-placeholder-2.ARW","MEDIA/UNREADABLE/dsc0548-unreadable.arw","image","0","e3b0c44298fc1c149afbf4c8996fb92427ae41e4649b934ca495991b7852b855"
"ARCHIVE/ignored-local/wix-media-intake/images/_DSC0548.ARW","MEDIA/IMAGES/dsc0548.arw","image","16926413","c31312a33c5da311f1e351877b1c8c156c235bb6d3c21fb206b21c3b4df3278b"
"ARCHIVE/ignored-local/wix-media-intake/images/_DSC0549_edited--zero-placeholder-2.jpg","MEDIA/IMAGES/dsc0549-edited.jpg","image","9510788","4658dbd249109248c03d05c0700763b771ee4d0632eb43562a34988f51bf4d8c"
"ARCHIVE/ignored-local/wix-media-intake/images/_DSC0549--zero-placeholder-2.ARW","MEDIA/UNREADABLE/dsc0549-unreadable.arw","image","0","e3b0c44298fc1c149afbf4c8996fb92427ae41e4649b934ca495991b7852b855"
"ARCHIVE/ignored-local/wix-media-intake/images/_DSC0549.ARW","MEDIA/IMAGES/dsc0549.arw","image","16922627","f44a93b16e210f2044ba7687e9c80e4fe1f35c5822d680109ab0b1d229740782"
"ARCHIVE/ignored-local/wix-media-intake/images/_DSC0551--zero-placeholder-2.ARW","MEDIA/UNREADABLE/dsc0551-unreadable.arw","image","0","e3b0c44298fc1c149afbf4c8996fb92427ae41e4649b934ca495991b7852b855"
"ARCHIVE/ignored-local/wix-media-intake/images/_DSC0551.ARW","MEDIA/IMAGES/dsc0551.arw","image","7853353","680c51735bde1e6f2f8661825cc41e1024e5b1ff4631b2dab1744706429d1613"
"ARCHIVE/ignored-local/wix-media-intake/images/_DSC0552--zero-placeholder-2.ARW","MEDIA/UNREADABLE/dsc0552-unreadable.arw","image","0","e3b0c44298fc1c149afbf4c8996fb92427ae41e4649b934ca495991b7852b855"
"ARCHIVE/ignored-local/wix-media-intake/images/_DSC0552.ARW","MEDIA/IMAGES/dsc0552.arw","image","8174544","192fd22a4ab568ba1d3042e3d9cfb15b8b8727df62c269b1f166213abd8cd017"
"ARCHIVE/ignored-local/wix-media-intake/images/_DSC0553_edited--zero-placeholder-2.jpg","MEDIA/IMAGES/dsc0553-edited.jpg","image","9707965","5fcaed790f1ac77d72cf14cfd57d9d60c1e7be104dc5868edabdae9300e9f301"
"ARCHIVE/ignored-local/wix-media-intake/images/_DSC0553--zero-placeholder-2.ARW","MEDIA/UNREADABLE/dsc0553-unreadable.arw","image","0","e3b0c44298fc1c149afbf4c8996fb92427ae41e4649b934ca495991b7852b855"
"ARCHIVE/ignored-local/wix-media-intake/images/_DSC0553.ARW","MEDIA/IMAGES/dsc0553.arw","image","8342249","5ddc3db69fd7f169ad23fead188e387595ca3b1c871167c0cd1987250bd8a1f2"
"ARCHIVE/ignored-local/wix-media-intake/images/_DSC0554_edited--zero-placeholder-2.jpg","MEDIA/IMAGES/artist-speaking-booth-close-source.jpg","image","8577428","188effed58f2aaa75b39ebda781c6040643f1123c8860ad463c3a6a1e257ae4b"
"ARCHIVE/ignored-local/wix-media-intake/images/_DSC0554--zero-placeholder-2.ARW","MEDIA/UNREADABLE/dsc0554-unreadable.arw","image","0","e3b0c44298fc1c149afbf4c8996fb92427ae41e4649b934ca495991b7852b855"
"ARCHIVE/ignored-local/wix-media-intake/images/_DSC0554.ARW","MEDIA/IMAGES/dsc0554.arw","image","7717895","4dcfdd8f8cf10996b1eda0e6ee15d1ec930acefd65699c883a68779a0f525817"
"ARCHIVE/ignored-local/wix-media-intake/images/_DSC9314--zero-placeholder-2.ARW","MEDIA/UNREADABLE/dsc9314-unreadable.arw","image","0","e3b0c44298fc1c149afbf4c8996fb92427ae41e4649b934ca495991b7852b855"
"ARCHIVE/ignored-local/wix-media-intake/images/_DSC9314.ARW","MEDIA/IMAGES/dsc9314.arw","image","12274867","8bb5c61cc602eb200e4b65a3930dae003208ca851749d961454b1fac48981284"
"ARCHIVE/ignored-local/wix-media-intake/images/_DSC9844_edited--zero-placeholder-2.jpg","MEDIA/IMAGES/dsc9844-edited.jpg","image","5139335","f644274fd4a16679b3c8747094de8f20cd2a06d45c9a7f8c7fad5e35e70a4147"
"ARCHIVE/ignored-local/wix-media-intake/images/_DSC9844--zero-placeholder-2.ARW","MEDIA/UNREADABLE/dsc9844-unreadable.arw","image","0","e3b0c44298fc1c149afbf4c8996fb92427ae41e4649b934ca495991b7852b855"
"ARCHIVE/ignored-local/wix-media-intake/images/_DSC9844.ARW","MEDIA/IMAGES/dsc9844.arw","image","12262731","6be23df8cf4f91b7cda6517a119c842439efb0440a787f602a075a9d7d7a1c14"
"ARCHIVE/ignored-local/wix-media-intake/images/A black and white image of a recording studio with a sign that reads “Checkmark Recording Studio.” The sign features an illustration of a woman singing into a microphone, with clouds and a moon in the background--zero-placeholder-2.jpg","MEDIA/IMAGES/a-black-and-white-image-of-a-recording-studio-with-a-sign-that-reads-checkmark-recording-studio-the-sign-features-an-illustration-of-a-woman-singing-i.jpg","image","1616591","903ecb23bdb56ef088737c85f790493b6da4e6ca4b7a52668b41ea96fe74243e"
"ARCHIVE/ignored-local/wix-media-intake/images/A black and white photograph of a large crowd at a concert, with hands raised in the air, capturing the energy of the live performance--zero-placeholder-2.png","MEDIA/IMAGES/a-black-and-white-photograph-of-a-large-crowd-at-a-concert-with-hands-raised-in-the-air-capturing-the-energy-of-the-live-performance.png","image","1631178","e0294e812e8a49e10a1a1c7328943f34a8a233e0ee71ccfc462454ebbb16849d"
"ARCHIVE/ignored-local/wix-media-intake/images/A black and white photograph of a music production desk setup with two computer monitors displaying audio editing software. Studio monitors are positioned on either side of the screens, with musical equipment visible in the background.jpg","MEDIA/IMAGES/a-black-and-white-photograph-of-a-music-production-desk-setup-with-two-computer-monitors-displaying-audio-editing-software-studio-monitors-are-positio.jpg","image","138469","50932b9470cbb82e2981a2e093e4dc837f93e78d97add3996416fc5851f0b5ca"
"ARCHIVE/ignored-local/wix-media-intake/images/A black and white photograph of a recording studio setup featuring a microphone stand, guitars, and acoustic panels with geometric designs mounted on the wall. A computer keyboard and music production equipment are visible in the foreground.jpg","MEDIA/IMAGES/a-black-and-white-photograph-of-a-recording-studio-setup-featuring-a-microphone-stand-guitars-and-acoustic-panels-with-geometric-designs-mounted-on-th.jpg","image","2016684","1779582c43e55d81ba246f08a91b62c653bc9ad48e5912db7495c023dd1dfcd1"
"ARCHIVE/ignored-local/wix-media-intake/images/A black-and-white image of a music production desk at Checkmark Audio, featuring dual computer monitors displaying a digital audio workstation (DAW).jpeg","MEDIA/IMAGES/a-black-and-white-image-of-a-music-production-desk-at-checkmark-audio-featuring-dual-computer-monitors-displaying-a-digital-audio-workstation-daw.jpeg","image","73534","4ddda9f34b1e85489d05b85e48f7434426a83e075ae1dce3dce7dc0940efa0e8"
"ARCHIVE/ignored-local/wix-media-intake/images/A black-and-white image of a music production desk at Checkmark Audio, featuring dual computer monitors displaying a digital audio workstation (DAW).jpeg.jpg","MEDIA/UNREADABLE/a-black-and-white-image-of-a-music-production-desk-at-checkmark-audio-featuring-dual-computer-monitors-displaying-a-digital-audio-workstation-daw-jpeg-unreadable.jpg","image","0","e3b0c44298fc1c149afbf4c8996fb92427ae41e4649b934ca495991b7852b855"
"ARCHIVE/ignored-local/wix-media-intake/images/A close-up shot of a blue drum kit with microphones set up for recording.JPG","MEDIA/IMAGES/a-close-up-shot-of-a-blue-drum-kit-with-microphones-set-up-for-recording.jpg","image","4194304","c89ce48c55eb4b8dc904eed10d6d82784da97ed54608cdcfa832a51895290e2a"
"ARCHIVE/ignored-local/wix-media-intake/images/A close-up shot of a microphone in a recording booth at Checkmark Audio, bathed in a blue-green light. The background features a patterned wall and soundproofing, emphasizing the studio’s commitment to high-quality vocal recording.JPG","MEDIA/IMAGES/a-close-up-shot-of-a-microphone-in-a-recording-booth-at-checkmark-audio-bathed-in-a-blue-green-light-the-background-features-a-patterned-wall-and-soun.jpg","image","7045120","983d64002d4e419472ae232971a7c0e0b6df64390e0a282570df89f363572b0a"
"ARCHIVE/ignored-local/wix-media-intake/images/A close-up shot of a rack of professional audio equipment, including various compressors, equalizers, and preamps. The knobs and meters are illuminated, and multiple colorful cables are connected to the units.jpeg","MEDIA/IMAGES/a-close-up-shot-of-a-rack-of-professional-audio-equipment-including-various-compressors-equalizers-and-preamps-the-knobs-and-meters-are-illuminated-an.jpeg","image","2433095","2101ff042eeed5c79b0110466978370d3da3e3a1349404fe0353b0baf6dacae0"
"ARCHIVE/ignored-local/wix-media-intake/images/A close-up shot of a rack of professional audio equipment, including various compressors, equalizers, and preamps. The knobs and meters are illuminated, and multiple colorful cables are connected to the units.jpeg.jpg","MEDIA/UNREADABLE/a-close-up-shot-of-a-rack-of-professional-audio-equipment-including-various-compressors-equalizers-and-preamps-the-knobs-and-meters-are-illuminated-an-unreadable.jpg","image","0","e3b0c44298fc1c149afbf4c8996fb92427ae41e4649b934ca495991b7852b855"
"ARCHIVE/ignored-local/wix-media-intake/images/A close-up shot of various audio equipment knobs and dials in a recording studio, showcasing the detailed controls for sound engineering and mixing at Checkmark Audio.JPG","MEDIA/IMAGES/a-close-up-shot-of-various-audio-equipment-knobs-and-dials-in-a-recording-studio-showcasing-the-detailed-controls-for-sound-engineering-and-mixing-at.jpg","image","5275648","654681f1cfcc857fc594267fa996b72af6c3e5aa944b72cc069129a766d9fa33"
"ARCHIVE/ignored-local/wix-media-intake/images/A dimly lit workstation at Checkmark Audio, showcasing a computer setup with audio production software open on the screen. Surrounding the workspace are professional studio monitors, a keyboard, and other essential audio mixing equipment, reflecting a foc","MEDIA/IMAGES/mixing-albuquerque-dimly-lit-studio-workstation-checkmark-audio.jpg","image","5439488","eadff02975442387f1c96eb9ae935a9930d618201d698a8b1b1f7f142f1ac04c"
"ARCHIVE/ignored-local/wix-media-intake/images/A hallway in a music studio featuring colorful murals of musicians holding guitars. The walls are painted in bright shades of turquoise and orange, and a soft light illuminates the corridor.jpg","MEDIA/IMAGES/a-hallway-in-a-music-studio-featuring-colorful-murals-of-musicians-holding-guitars-the-walls-are-painted-in-bright-shades-of-turquoise-and-orange-and.jpg","image","8415408","658526e4910de507a692d9c2c57299c689ebb4a853eab9f09834da6190a988ea"
"ARCHIVE/ignored-local/wix-media-intake/images/A portrait of rapper DaeCrazo looking upward, against a backdrop of geometric black and white soundproofing panels.jpg","MEDIA/IMAGES/a-portrait-of-rapper-daecrazo-looking-upward-against-a-backdrop-of-geometric-black-and-white-soundproofing-panels.jpg","image","11869601","2f91c32a75cfb37bf8af23827d7e46a9b0119f1338deff7462a8128cf7172934"
"ARCHIVE/ignored-local/wix-media-intake/images/A recording studio lounge area with a bright red wall and a black door with green soundproofing panels. A person is seated on a couch, focused on their phone, while a collage of black-and-white photos hangs on the wall.jpg","MEDIA/IMAGES/a-recording-studio-lounge-area-with-a-bright-red-wall-and-a-black-door-with-green-soundproofing-panels-a-person-is-seated-on-a-couch-focused-on-their.jpg","image","9433172","c64c13b845d7f2675f46758dff6ce3274aea4d390e73c5afad1108a9147c9a21"
"ARCHIVE/ignored-local/wix-media-intake/images/A side profile of a Marz at Checkmark Audio, wearing sunglasses and a jersey, with his hair styled in braids.jpg","MEDIA/IMAGES/a-side-profile-of-a-marz-at-checkmark-audio-wearing-sunglasses-and-a-jersey-with-his-hair-styled-in-braids.jpg","image","9459249","1e897a090c9ba6da0851e18845398bcab63959311227f99026b5d12b58c62622"
"ARCHIVE/ignored-local/wix-media-intake/images/A studio microphone set up in front of a mixing console, with glowing meters and a soft background blur, capturing the essence of vocal recording in a professional music studio setting.JPG","MEDIA/IMAGES/a-studio-microphone-set-up-in-front-of-a-mixing-console-with-glowing-meters-and-a-soft-background-blur-capturing-the-essence-of-vocal-recording-in-a-p.jpg","image","3670016","b166acf9176e8bd958b7998ea9220cfb5c07bebfcf8030b1c1f76a45b649cab1"
"ARCHIVE/ignored-local/wix-media-intake/images/A vibrant recording studio setup with multiple pieces of audio equipment, including synthesizers, mixers, and studio monitors. The walls are adorned with acoustic panels and a large mural of a guitar.jpg","MEDIA/IMAGES/a-vibrant-recording-studio-setup-with-multiple-pieces-of-audio-equipment-including-synthesizers-mixers-and-studio-monitors-the-walls-are-adorned-with.jpg","image","9360338","76269942f9eb3657ac2ba305e8de2d89be8edab1bc0ddf5cbee2d08cfd1554c5"
"ARCHIVE/ignored-local/wix-media-intake/images/Acoustic guitars and custom soundproofing in Studio A at Checkmark Audio, creating a professional environment for music production.jpg","MEDIA/IMAGES/acoustic-guitars-and-custom-soundproofing-in-studio-a-at-checkmark-audio-creating-a-professional-environment-for-music-production.jpg","image","6497817","0deb97b8623c63609c45e3b61d82f6e0dee077fd31dcf30767a67ca2b299e576"
"ARCHIVE/ignored-local/wix-media-intake/images/Additional Effects.jpg","MEDIA/IMAGES/additional-effects.jpg","image","1440166","7393da9d30cfc07aef856ba60796e2f625ffd2bbb22a489b239ca61118b7f3a2"
"ARCHIVE/ignored-local/wix-media-intake/images/Additional Revision-cd565be84cf1467cb03bacceabe11578.jpg","MEDIA/IMAGES/additional-revision.jpg","image","1445908","95c1e9335c4c01877098824fb9ca2e58e47067f78a730d96925da48361c8a959"
"ARCHIVE/ignored-local/wix-media-intake/images/Additional Revision.jpg","MEDIA/IMAGES/additional-revision-variant-02.jpg","image","1873687","87a20336cb26dda437a6cf2e943c034acceeab57824a3080b067babd75251c63"
"ARCHIVE/ignored-local/wix-media-intake/images/Advanced Tuning.jpg","MEDIA/IMAGES/advanced-tuning.jpg","image","1529402","f3bcdb0b319cd1e1e3ccb8ae8311a00e47501b6a1c9b175e00556c387cacb0f7"
"ARCHIVE/ignored-local/wix-media-intake/images/Albuquerque Music Recording Studio B Vocal Booth Red.jpg","MEDIA/IMAGES/albuquerque-music-recording-studio-b-vocal-booth-red.jpg","image","3495111","b18b9f639eab791b4187eca72b8583aabb86438656f22bcc49aada2484622a86"
"ARCHIVE/ignored-local/wix-media-intake/images/Albuquerque Music Recording Studio B Vocal Booth.jpg","MEDIA/IMAGES/albuquerque-music-recording-studio-b-vocal-booth.jpg","image","5070712","e89efafa2751daf1bb3d2ee3df326187bb4fe49de8664c187c5662ba19e75c35"
"ARCHIVE/ignored-local/wix-media-intake/images/Albuquerque Music Recording Studio Engineer working at a computer station in the studio at Checkmark Audio, focused on mixing and sound production.jpg","MEDIA/IMAGES/albuquerque-music-recording-studio-engineer-working-at-a-computer-station-in-the-studio-at-checkmark-audio-focused-on-mixing-and-sound-production.jpg","image","8788200","2f15de8e162186b39b3f276f18024ed6e32a01a35f3a5a6b5879ab996389d50b"
"ARCHIVE/ignored-local/wix-media-intake/images/Albuquerque Music Studio","MEDIA/IMAGES/albuquerque-music-studio.jpg","image","577553","1853b00720b62c97858b73e1356e4b3747987d945aa505b4fca2fa8e9fafe99c"
"ARCHIVE/ignored-local/wix-media-intake/images/Albuquerque Music Studio Checkmark Audio Studio B David Posing in front of picture","MEDIA/IMAGES/albuquerque-music-studio-checkmark-audio-studio-b-david-posing-in-front-of-picture.jpg","image","26711382","ffe422b2bb798be7f16f7e6f029c26b1f4f7071f7ba99721ae648c8dc24f7ec2"
"ARCHIVE/ignored-local/wix-media-intake/images/Albuquerque Music Studio Checkmark Audio Studio B David Posing in front of picture.arw","MEDIA/UNREADABLE/albuquerque-music-studio-checkmark-audio-studio-b-david-posing-in-front-of-picture-unreadable.arw","image","0","e3b0c44298fc1c149afbf4c8996fb92427ae41e4649b934ca495991b7852b855"
"ARCHIVE/ignored-local/wix-media-intake/images/Albuquerque Music Studio Gear Rack","MEDIA/IMAGES/albuquerque-music-studio-gear-rack.jpg","image","12312831","82f37f320b2322bd85edb48793bdce8b8a974121a396e5213c61aafaa64c50f5"
"ARCHIVE/ignored-local/wix-media-intake/images/Albuquerque Music Studio Gear Rack.arw","MEDIA/UNREADABLE/albuquerque-music-studio-gear-rack-unreadable.arw","image","0","e3b0c44298fc1c149afbf4c8996fb92427ae41e4649b934ca495991b7852b855"
"ARCHIVE/ignored-local/wix-media-intake/images/Albuquerque Music Studio Waiting Room","MEDIA/IMAGES/albuquerque-music-studio-waiting-room.jpg","image","1741723","4df46fb1893446068fe1ba13fea4f79af0128c1603c7f0ee9aca1692a37b2640"
"ARCHIVE/ignored-local/wix-media-intake/images/Albuquerque Music Studio Waiting Room-5e9abb7be6224578bb127873b7f3f3f4","MEDIA/IMAGES/albuquerque-music-studio-waiting-room-variant-02.jpg","image","1707873","45bbba36f3ba6ddb0cedad9dd683360a3a181fd4107500ae9be5fe112a7325d9"
"ARCHIVE/ignored-local/wix-media-intake/images/Albuquerque Music Studio Waiting Room-8ed9c6c1de794e389973d70d5c3d09f6","MEDIA/IMAGES/albuquerque-music-studio-waiting-room-variant-03.jpg","image","908410","be74daf8d6be1120ee4e604e71a438ed01413319335f18ff313a16a7b363a6fe"
"ARCHIVE/ignored-local/wix-media-intake/images/Albuquerque Music Studio Waiting Room-b3031be52a5d47649386fa575796b624","MEDIA/IMAGES/albuquerque-music-studio-waiting-room-variant-04.jpg","image","1174559","6fbffe526965155700e5828557fe45f4a3f27aa2eaa4f27bedcc9e0facacb6d1"
"ARCHIVE/ignored-local/wix-media-intake/images/Albuquerque Music Studio Waiting Room.jpg","MEDIA/UNREADABLE/albuquerque-music-studio-waiting-room-unreadable.jpg","image","0","e3b0c44298fc1c149afbf4c8996fb92427ae41e4649b934ca495991b7852b855"
"ARCHIVE/ignored-local/wix-media-intake/images/Albuquerque Music Studio.jpg","MEDIA/UNREADABLE/albuquerque-music-studio-unreadable.jpg","image","0","e3b0c44298fc1c149afbf4c8996fb92427ae41e4649b934ca495991b7852b855"
"ARCHIVE/ignored-local/wix-media-intake/images/Albuquerque New Mexico Music Studio Recording checkmark sign_edited.jpg","MEDIA/IMAGES/albuquerque-new-mexico-music-studio-recording-checkmark-sign-edited.jpg","image","369117","3970ee5dd03aa74bd06beaa9b3503fe3496f7e7778dd0eb00c5a6013b57fea01"
"ARCHIVE/ignored-local/wix-media-intake/images/Albuquerque NM Music Recording Studio Live Room.jpg","MEDIA/IMAGES/albuquerque-nm-music-recording-studio-live-room.jpg","image","6169428","658b9059413df166ed3d165755a62f09e8de6a40f88d5d546af215f33d6b0212"
"ARCHIVE/ignored-local/wix-media-intake/images/Albuquerque Recording Music Studio CheckmarkAudio Gavin Profile Pic .jpg","MEDIA/IMAGES/albuquerque-recording-music-studio-checkmarkaudio-gavin-profile-pic.jpg","image","4179203","fa72454fccc30d9d4ea2e1a05029d2aee40fad2abb94dd77a5ef66d9b21b94da"
"ARCHIVE/ignored-local/wix-media-intake/images/Albuquerque Recording Studio Engineer and Clients.jpg","MEDIA/IMAGES/albuquerque-recording-studio-engineer-and-clients.jpg","image","9700592","d0bbeef71baa418ed52d06dd064e1c963239b693fea77aae7820d351a8c5a76c"
"ARCHIVE/ignored-local/wix-media-intake/images/Albuquerque Recording Studio Engineer and Clients2.jpg","MEDIA/IMAGES/albuquerque-recording-studio-engineer-and-clients2.jpg","image","11804722","1374bb3184285a96d5b5a1aad2a0716740b2da626aa9e81e2e5e12dd19f18652"
"ARCHIVE/ignored-local/wix-media-intake/images/Albuquerque Recording Studio Engineer and Clients3-dc32239aa9924b8ea964cb9ad48bca1e.jpg","MEDIA/IMAGES/albuquerque-recording-studio-engineer-and-clients3.jpg","image","10421433","d8997cd6d37cccae7a0b9045e31d5c48342602cb6c724a9f058731080a8500bc"
"ARCHIVE/ignored-local/wix-media-intake/images/Albuquerque Recording Studio Engineer and Clients3.jpg","MEDIA/IMAGES/albuquerque-recording-studio-engineer-and-clients3-variant-02.jpg","image","14513773","7678b507c14d3adf946fff24de66d48b60b6b2af5db3845e778f9ccba493a70a"
"ARCHIVE/ignored-local/wix-media-intake/images/Albuquerque Recording Studio Engineer and Clients3.jpg.arw","MEDIA/UNREADABLE/albuquerque-recording-studio-engineer-and-clients3-jpg-unreadable.arw","image","0","e3b0c44298fc1c149afbf4c8996fb92427ae41e4649b934ca495991b7852b855"
"ARCHIVE/ignored-local/wix-media-intake/images/Albuquerque Recording Studio Engineer and Clients4--zero-placeholder-2.ARW","MEDIA/UNREADABLE/albuquerque-recording-studio-engineer-and-clients4-unreadable.arw","image","0","e3b0c44298fc1c149afbf4c8996fb92427ae41e4649b934ca495991b7852b855"
"ARCHIVE/ignored-local/wix-media-intake/images/Albuquerque Recording Studio Engineer and Clients4.ARW","MEDIA/IMAGES/albuquerque-recording-studio-engineer-and-clients4.arw","image","24409052","4ccc17bcf8c82a786ddff3ef4a653a6a088fc098b95a723167e8887f440a0fd4"
"ARCHIVE/ignored-local/wix-media-intake/images/Another close-up shot of a microphone in a recording booth, this time with green lighting. The setting underscores the professional-grade equipment and the creative ambiance at Checkmark Audio.JPG","MEDIA/IMAGES/another-close-up-shot-of-a-microphone-in-a-recording-booth-this-time-with-green-lighting-the-setting-underscores-the-professional-grade-equipment-and.jpg","image","6127616","54ced9147e2f13b8847567d55952241ee2ab96f3f6aeb3e163140bf8f2e25b69"
"ARCHIVE/ignored-local/wix-media-intake/images/Antgraphic.png","MEDIA/IMAGES/antgraphic.png","image","5865268","23fb1ca57b4bdf37d8cde4e9f15a07290ff9e8460f24220e90e6c624be9d2355"
"ARCHIVE/ignored-local/wix-media-intake/images/Antion4.jpeg","MEDIA/IMAGES/engineer-at-control-room-source.jpeg","image","9049611","b350a31e358f75083f2d7c105d22a3ba2173e5dd7b2fd50ed6ad16c7b92cc196"
"ARCHIVE/ignored-local/wix-media-intake/images/Antione1.jpeg","MEDIA/IMAGES/antione1.jpeg","image","1925994","c4183c0402edafa5faea547bc6af13d5e30f6fbd111c86ca83623d45cbe40121"
"ARCHIVE/ignored-local/wix-media-intake/images/Antione2.jpg","MEDIA/IMAGES/antione2.jpg","image","11012396","6eb6a1d395b45c0af57aec1cf49685bc55f4a1d3e27eecc2b28fcdc585b2dd4a"
"ARCHIVE/ignored-local/wix-media-intake/images/ANTOINE_album_cover(1).jpg","MEDIA/IMAGES/antoine-album-cover-1.jpg","image","1061843","a985ae759d94e5eba9e12e46d8b6346c6bcdc042432924f128feef81b43e10d9"
"ARCHIVE/ignored-local/wix-media-intake/images/ANTOINE_album_cover(2).jpg","MEDIA/IMAGES/purple-artist-motion-source.jpg","image","1110470","7b60a11dd46bdb999f2316fc7b160ed901853c6f7f2b1f1e08dc067e6fc0b96d"
"ARCHIVE/ignored-local/wix-media-intake/images/ANTOINE_album_cover(3).jpg","MEDIA/IMAGES/antoine-album-cover-3.jpg","image","1467820","b1159182fe87f292222027de723de441e79f1ef46919983cc840006b7bce1806"
"ARCHIVE/ignored-local/wix-media-intake/images/Antoinegraphic3.png","MEDIA/IMAGES/antoinegraphic3.png","image","5685295","783011250331ba91e220764ffe6bdaa7a82929db4713639392a0c0ca0c0851e0"
"ARCHIVE/ignored-local/wix-media-intake/images/Antoinepic.jpg","MEDIA/IMAGES/antoinepic.jpg","image","2461384","545cf8a8c16ee48049e8937c92c11a96422afb45fabe058f26888f8ee8b5c2da"
"ARCHIVE/ignored-local/wix-media-intake/images/AntoineShooting.JPG","MEDIA/IMAGES/antoineshooting.jpg","image","11055322","34b4537db52008f989792e5f37f0f28223b5bbfbd45e5c4f2d5e86bc927505be"
"ARCHIVE/ignored-local/wix-media-intake/images/Artist Cafe Diego Footer Picture 4_edited--exact-duplicate-2.jpg","MEDIA/IMAGES/artist-cafe-diego-footer-picture-4-edited.jpg","image","371203","1bd37090b53e5099435b725cc4fed1efd9b4ba7825d298f87a816e48faf6e0b0"
"ARCHIVE/ignored-local/wix-media-intake/images/Artist Cafe Diego Footer Picture 4_edited.jpg","MEDIA/IMAGES/artist-cafe-diego-footer-picture-4-edited-alternate-02.jpg","image","371203","1bd37090b53e5099435b725cc4fed1efd9b4ba7825d298f87a816e48faf6e0b0"
"ARCHIVE/ignored-local/wix-media-intake/images/Artist Cafe Diego Footer Picture 4--exact-duplicate-2.jpeg","MEDIA/IMAGES/artist-cafe-diego-footer-picture-4.jpeg","image","239843","10e251a06c02f13672ba436ed6a2e3a069d91337ec64f0aa4f60ff821a3c7372"
"ARCHIVE/ignored-local/wix-media-intake/images/Artist Cafe Diego Footer Picture 4.jpeg","MEDIA/IMAGES/artist-cafe-diego-footer-picture-4-alternate-02.jpeg","image","239843","10e251a06c02f13672ba436ed6a2e3a069d91337ec64f0aa4f60ff821a3c7372"
"ARCHIVE/ignored-local/wix-media-intake/images/Artist Cafe Gregorio Footer Picture 2_edited--exact-duplicate-2.jpg","MEDIA/IMAGES/artist-cafe-gregorio-footer-picture-2-edited.jpg","image","1859306","55206bb8836101434db472f76ba615e3c816361dcc6e49e2098036c0c8ab2877"
"ARCHIVE/ignored-local/wix-media-intake/images/Artist Cafe Gregorio Footer Picture 2_edited.jpg","MEDIA/IMAGES/artist-cafe-gregorio-footer-picture-2-edited-alternate-02.jpg","image","1859306","55206bb8836101434db472f76ba615e3c816361dcc6e49e2098036c0c8ab2877"
"ARCHIVE/ignored-local/wix-media-intake/images/Artist Cafe Gregorio Footer Picture 2--exact-duplicate-2.jpeg","MEDIA/IMAGES/artist-cafe-gregorio-footer-picture-2.jpeg","image","8145769","5cd15b0325c4c81902eb90aadba502a46c8fb6b8b43c2cfa370fea6e9bb8163f"
"ARCHIVE/ignored-local/wix-media-intake/images/Artist Cafe Gregorio Footer Picture 2.jpeg","MEDIA/IMAGES/artist-cafe-gregorio-footer-picture-2-alternate-02.jpeg","image","8145769","5cd15b0325c4c81902eb90aadba502a46c8fb6b8b43c2cfa370fea6e9bb8163f"
"ARCHIVE/ignored-local/wix-media-intake/images/Artist Cafe_bright logo.png","MEDIA/IMAGES/artist-cafe-bright-logo.png","image","980200","0bbaf152d67acc2a14f898be45fca787dc32da49bca2922f3497a3c5631b4b29"
"ARCHIVE/ignored-local/wix-media-intake/images/Artist Cafe. Logo with Title.png","MEDIA/IMAGES/artist-cafe-logo-with-title.png","image","783605","9405dc7f27f2117a46546bd85e6f5c7657d4e08567ebd4e703f7b7ebea5042b6"
"ARCHIVE/ignored-local/wix-media-intake/images/Artistic ceiling and wall decor in Studio B at Checkmark Audio, featuring unique paintings and acoustic treatments for an inspiring recording environment.jpg","MEDIA/IMAGES/artistic-ceiling-and-wall-decor-in-studio-b-at-checkmark-audio-featuring-unique-paintings-and-acoustic-treatments-for-an-inspiring-recording-environme.jpg","image","6031290","3e2867b300f368d08f9cc2fb25b2b7a31e462cc47cc1e0f1d07272f941e48f69"
"ARCHIVE/ignored-local/wix-media-intake/images/Artists Cafe Country Medicine Footer Picture 1_edited--exact-duplicate-2.jpg","MEDIA/IMAGES/artists-cafe-country-medicine-footer-picture-1-edited.jpg","image","1341796","c6725982c2eda6e40008432aafd5a808049a44a3adbf20a30325836622bc7b34"
"ARCHIVE/ignored-local/wix-media-intake/images/Artists Cafe Country Medicine Footer Picture 1_edited.jpg","MEDIA/IMAGES/artists-cafe-country-medicine-footer-picture-1-edited-alternate-02.jpg","image","1341796","c6725982c2eda6e40008432aafd5a808049a44a3adbf20a30325836622bc7b34"
"ARCHIVE/ignored-local/wix-media-intake/images/Artists Cafe Country Medicine Footer Picture 1--exact-duplicate-2.jpeg","MEDIA/IMAGES/artists-cafe-country-medicine-footer-picture-1.jpeg","image","1226731","310b24ce750f6f75b80effd8b6246557b59610d66df0882ee5fc800aaeb044cf"
"ARCHIVE/ignored-local/wix-media-intake/images/Artists Cafe Country Medicine Footer Picture 1.jpeg","MEDIA/IMAGES/artists-cafe-country-medicine-footer-picture-1-alternate-02.jpeg","image","1226731","310b24ce750f6f75b80effd8b6246557b59610d66df0882ee5fc800aaeb044cf"
"ARCHIVE/ignored-local/wix-media-intake/images/Artists Cafe Milli Footer Picture 3--exact-duplicate-2.jpg","MEDIA/IMAGES/artists-cafe-milli-footer-picture-3.jpg","image","4063558","b683adb438d910ea3df509689f260201b8c8db769aba601b2315288b9ba39d86"
"ARCHIVE/ignored-local/wix-media-intake/images/Artists Cafe Milli Footer Picture 3.jpg","MEDIA/IMAGES/artists-cafe-milli-footer-picture-3-alternate-02.jpg","image","4063558","b683adb438d910ea3df509689f260201b8c8db769aba601b2315288b9ba39d86"
"ARCHIVE/ignored-local/wix-media-intake/images/Artists Cafe Richard Footer Picture 5_edited--exact-duplicate-2.jpg","MEDIA/IMAGES/artists-cafe-richard-footer-picture-5-edited.jpg","image","200122","b9d2fe50c24b0c3b22078cc534c47d4e1560520ce00fce171c38d416c2744b6d"
"ARCHIVE/ignored-local/wix-media-intake/images/Artists Cafe Richard Footer Picture 5_edited.jpg","MEDIA/IMAGES/artists-cafe-richard-footer-picture-5-edited-alternate-02.jpg","image","200122","b9d2fe50c24b0c3b22078cc534c47d4e1560520ce00fce171c38d416c2744b6d"
"ARCHIVE/ignored-local/wix-media-intake/images/Artists Cafe Richard Footer Picture 5--exact-duplicate-2.jpeg","MEDIA/IMAGES/artists-cafe-richard-footer-picture-5.jpeg","image","442180","853260892b66ffda0c9b4180758343d5038227b98826e3e2838960177c756640"
"ARCHIVE/ignored-local/wix-media-intake/images/Artists Cafe Richard Footer Picture 5.jpeg","MEDIA/IMAGES/artists-cafe-richard-footer-picture-5-alternate-02.jpeg","image","442180","853260892b66ffda0c9b4180758343d5038227b98826e3e2838960177c756640"
"ARCHIVE/ignored-local/wix-media-intake/images/Artists Cafe_Just Logo.png","MEDIA/IMAGES/artists-cafe-just-logo.png","image","663176","34efac28c76b40f41c55066964c74f07d2c5614634cd93717d43aa1d6c9e00de"
"ARCHIVE/ignored-local/wix-media-intake/images/ASIA Album Cover (For Socials).jpg","MEDIA/IMAGES/asia-album-cover-for-socials.jpg","image","1466469","c9d71c0efd834db8320b2522f8fe37acac4b9e1bb32399479222e55b9ce00a9f"
"ARCHIVE/ignored-local/wix-media-intake/images/ASIA Album Cover (Hi DEF).jpg","MEDIA/IMAGES/asia-album-cover-hi-def.jpg","image","19625866","591b28edf94fd319252cdce5c5b32f3dd4b3f26f4de460caa44b212dccf79842"
"ARCHIVE/ignored-local/wix-media-intake/images/Audio engineer Richard working on a mixing project in Studio B at Checkmark Audio, focused on achieving high-quality sound production.jpg","MEDIA/IMAGES/audio-engineer-richard-working-on-a-mixing-project-in-studio-b-at-checkmark-audio-focused-on-achieving-high-quality-sound-production.jpg","image","6068072","d7fb712aa262ed66bcdd95a408b26e4573e651f0bb5756ab14e1341a4b2777d3"
"ARCHIVE/ignored-local/wix-media-intake/images/Audio engineers Richard and Marz working on a project in Studio B at Checkmark Audio, Albuquerque, capturing a focused and collaborative music production session.jpg","MEDIA/IMAGES/audio-engineers-richard-and-marz-working-on-a-project-in-studio-b-at-checkmark-audio-albuquerque-capturing-a-focused-and-collaborative-music-productio.jpg","image","7874759","d51b9490dee9d730b3142fe578994926ee1fa643071f299360206ba1bae68680"
"ARCHIVE/ignored-local/wix-media-intake/images/Background.jpg","MEDIA/IMAGES/checkmark-audio-image-a5e2e3a6eb.jpg","image","8823423","a5e2e3a6eb439b77d607a9619cd129f0295f11c6a8874240dff357534da3c5a2"
"ARCHIVE/ignored-local/wix-media-intake/images/Basic.jpg","MEDIA/IMAGES/basic.jpg","image","1293412","dceb81c1f9516508cce1c47ed56c9bd59274e39161f900da293dc231bd913307"
"ARCHIVE/ignored-local/wix-media-intake/images/BBBAccredation1--zero-placeholder-2.png","MEDIA/UNREADABLE/bbbaccredation1-unreadable.png","image","0","e3b0c44298fc1c149afbf4c8996fb92427ae41e4649b934ca495991b7852b855"
"ARCHIVE/ignored-local/wix-media-intake/images/BBBAccredation1.png","MEDIA/UNREADABLE/bbbaccredation1-unreadable-variant-02.png","image","0","e3b0c44298fc1c149afbf4c8996fb92427ae41e4649b934ca495991b7852b855"
"ARCHIVE/ignored-local/wix-media-intake/images/Best of Lessons 2024.jpg","MEDIA/IMAGES/top-pro-awards-logo-source.jpg","image","19920","5ec81bc93c994847a515540a082460d276c739ccfe3915329c9e7703cfe64e71"
"ARCHIVE/ignored-local/wix-media-intake/images/Biopic.jpg","MEDIA/IMAGES/biopic.jpg","image","727884","1fe6dcf0466ac48e8d894b66d019bbda88022be05c25341fbf9ac6d7de092215"
"ARCHIVE/ignored-local/wix-media-intake/images/BODYONYOURBODY.png","MEDIA/IMAGES/bodyonyourbody.png","image","1585931","c4f9cb26591594a65f3cf66c83b3611a473d3c2d28714f5d752ba827377b4b88"
"ARCHIVE/ignored-local/wix-media-intake/images/Booth.jpg","MEDIA/IMAGES/checkmark-audio-image-83d7df8d50.jpg","image","9329733","83d7df8d50a326a4d3b10d252250ae93e63c9f00d80958e21aec1cafadf94aed"
"ARCHIVE/ignored-local/wix-media-intake/images/Booth1.jpg","MEDIA/IMAGES/booth1.jpg","image","9443465","83dec30e70b1b97c590852f453d6b9aa9eee1f3d25e9bbf9c89ed5b40b4c6bd0"
"ARCHIVE/ignored-local/wix-media-intake/images/Booth1(edited).jpg","MEDIA/IMAGES/vocal-booth-artist-back-02-source.jpg","image","16574775","a01d9791b8811cc98c8ac790990cd264b76d35b687bb02bff1034f28b0d33403"
"ARCHIVE/ignored-local/wix-media-intake/images/Booth2.jpg","MEDIA/IMAGES/booth2.jpg","image","9933604","24bc8d2f484499d19a95a453c2224de32edba3fd56505c712abc5155c40a637e"
"ARCHIVE/ignored-local/wix-media-intake/images/Booth3.jpg","MEDIA/IMAGES/booth3.jpg","image","9807063","ac2495f4a29a9675b5ef12324a762dc3c7a14671abbdc1dc9f699bfa05c80efd"
"ARCHIVE/ignored-local/wix-media-intake/images/cables _edited.jpg","MEDIA/IMAGES/cables-edited.jpg","image","451030","f2170a5f3bae897ef4952929b01260f1c158f0567eee719c808d7d04a6a92846"
"ARCHIVE/ignored-local/wix-media-intake/images/cables .JPG","MEDIA/IMAGES/blue-cable-rack-source.jpg","image","9695316","1d728c7e5cdd74825972ad1e292fac9a122f1c213d42f909b06d5eed14f9194d"
"ARCHIVE/ignored-local/wix-media-intake/images/Checkmark Audio Albuquerque Music Studio Control Room 1.jpg","MEDIA/IMAGES/checkmark-audio-albuquerque-music-studio-control-room-1.jpg","image","8121290","68d231b95f6c81c60dd2ed2150deb5f6aa2f50cfb0a9b7151636b9d531bafd06"
"ARCHIVE/ignored-local/wix-media-intake/images/Checkmark Audio Albuquerque Music Studio Control Room_MUSIC STUDIO_ 1_edited.jpg","MEDIA/IMAGES/checkmark-audio-albuquerque-music-studio-control-room-music-studio-1-edited.jpg","image","3458333","e17aac96e62f4899e304f6aa574896426f14d0923bdd7e3ea1357e760b31de74"
"ARCHIVE/ignored-local/wix-media-intake/images/Checkmark Audio Albuquerque Recording studio Live Room 1.jpg","MEDIA/IMAGES/checkmark-audio-albuquerque-recording-studio-live-room-1.jpg","image","8514494","d278aa3107f6b15e644ab4ee97dddd0d5a3e20719d56571068e7ea240610e7a7"
"ARCHIVE/ignored-local/wix-media-intake/images/Checkmark Audio Color Fade","MEDIA/IMAGES/checkmark-audio-color-fade.jpg","image","179896","4b254492579d54ecbae008af277de4a64bb529a94e02b6a5b62163a3aab1c438"
"ARCHIVE/ignored-local/wix-media-intake/images/Checkmark Audio Color Fade.png","MEDIA/UNREADABLE/checkmark-audio-color-fade-unreadable.png","image","0","e3b0c44298fc1c149afbf4c8996fb92427ae41e4649b934ca495991b7852b855"
"ARCHIVE/ignored-local/wix-media-intake/images/Checkmark Audio Gavin Hammond Piano Lessons","MEDIA/IMAGES/checkmark-audio-gavin-hammond-piano-lessons.jpg","image","382791","bea7007cb5f5e7f3e629cb814a0ba1f20637fdcccf089d111fd07d1c88d5020a"
"ARCHIVE/ignored-local/wix-media-intake/images/Checkmark Audio Gavin Hammond Piano Lessons.png","MEDIA/UNREADABLE/checkmark-audio-gavin-hammond-piano-lessons-unreadable.png","image","0","e3b0c44298fc1c149afbf4c8996fb92427ae41e4649b934ca495991b7852b855"
"ARCHIVE/ignored-local/wix-media-intake/images/Checkmark Audio logo with a purple background, representing the professional recording studio in Albuquerque, New Mexico.JPG","MEDIA/IMAGES/checkmark-audio-logo-with-a-purple-background-representing-the-professional-recording-studio-in-albuquerque-new-mexico.jpg","image","3407872","94228279a248ed1aedd48b47481dacf23d77fd566d0e07ce05a83097bf92a419"
"ARCHIVE/ignored-local/wix-media-intake/images/Checkmark Audio Mixer","MEDIA/IMAGES/checkmark-audio-mixer.jpg","image","1496849","11caaaa81062524465953571a392db1adbecc8c7c31bec7c6dc30f3aeac9cda1"
"ARCHIVE/ignored-local/wix-media-intake/images/Checkmark Audio Mixer_edited.jpg","MEDIA/IMAGES/checkmark-audio-mixer-edited.jpg","image","5503981","641c8d5f5298211e5e3b062652b9e8695c80201e24260d7ec7015fd0f4437ae2"
"ARCHIVE/ignored-local/wix-media-intake/images/Checkmark Audio Mixer.jpg","MEDIA/UNREADABLE/checkmark-audio-mixer-unreadable.jpg","image","0","e3b0c44298fc1c149afbf4c8996fb92427ae41e4649b934ca495991b7852b855"
"ARCHIVE/ignored-local/wix-media-intake/images/Checkmark Audio Mixing and Mastering","MEDIA/IMAGES/checkmark-audio-mixing-and-mastering.jpg","image","944861","3d0ce179764d779e02b8fe42a9b121c47233be570633f0be8491f980b84f48c6"
"ARCHIVE/ignored-local/wix-media-intake/images/Checkmark Audio Mixing and Mastering.png","MEDIA/UNREADABLE/checkmark-audio-mixing-and-mastering-unreadable.png","image","0","e3b0c44298fc1c149afbf4c8996fb92427ae41e4649b934ca495991b7852b855"
"ARCHIVE/ignored-local/wix-media-intake/images/Checkmark Audio Music Studio A Live Room","MEDIA/IMAGES/checkmark-audio-music-studio-a-live-room.jpg","image","5877485","b88766898478b7443e43291e15ec6151dc33d5cafa49f813930bb72a1c6de838"
"ARCHIVE/ignored-local/wix-media-intake/images/Checkmark Audio Music Studio A Live Room.arw","MEDIA/UNREADABLE/checkmark-audio-music-studio-a-live-room-unreadable.arw","image","0","e3b0c44298fc1c149afbf4c8996fb92427ae41e4649b934ca495991b7852b855"
"ARCHIVE/ignored-local/wix-media-intake/images/Checkmark Audio Music Studio A Live Room2","MEDIA/IMAGES/checkmark-audio-music-studio-a-live-room2.jpg","image","5991874","6e2921be1dca80a75b69e3e64d07d85d3c215c5828c1d4aa1208618a897b83b4"
"ARCHIVE/ignored-local/wix-media-intake/images/Checkmark Audio Music Studio A Live Room2.arw","MEDIA/UNREADABLE/checkmark-audio-music-studio-a-live-room2-unreadable.arw","image","0","e3b0c44298fc1c149afbf4c8996fb92427ae41e4649b934ca495991b7852b855"
"ARCHIVE/ignored-local/wix-media-intake/images/Checkmark Audio Music Studio Equipment","MEDIA/IMAGES/checkmark-audio-music-studio-equipment.jpg","image","1660029","d78d340c013b39c71a5dafb53112916564d835dc5c0077b70a916a3dc65776dc"
"ARCHIVE/ignored-local/wix-media-intake/images/Checkmark Audio Music Studio Equipment-18d3054fdb0d47dd875db1dba05b53b5","MEDIA/IMAGES/checkmark-audio-music-studio-equipment-alternate-02.jpg","image","1660029","d78d340c013b39c71a5dafb53112916564d835dc5c0077b70a916a3dc65776dc"
"ARCHIVE/ignored-local/wix-media-intake/images/Checkmark Audio Music Studio Equipment-7047a1812c1c48c787db6223c6b58ce4","MEDIA/IMAGES/checkmark-audio-music-studio-equipment-variant-02.jpg","image","9641507","4b0fc1d95bee57a4b00206474b2f1ef33803515cff96ec7f40b673d783dff661"
"ARCHIVE/ignored-local/wix-media-intake/images/Checkmark Audio Music Studio Equipment-7e68f2a4d3e9422a873eabfda7ae069a","MEDIA/IMAGES/checkmark-audio-music-studio-equipment-variant-03.jpg","image","2012627","2bd328fcfc8f69155055963ae6ef8381a5641d890eda7832fa91762092b462a7"
"ARCHIVE/ignored-local/wix-media-intake/images/Checkmark Audio Music Studio Equipment-829ae9e4621b4f13be8a8be3b2e18c22","MEDIA/IMAGES/checkmark-audio-music-studio-equipment-variant-04.jpg","image","2728022","066100d71a9fc9e9d411b5f7849886cb8bf1eca9d54978f171d7e19a5a16ba18"
"ARCHIVE/ignored-local/wix-media-intake/images/Checkmark Audio Music Studio Equipment-a1d178412dfe430289e2fb5c39e8bf38","MEDIA/IMAGES/a-close-up-shot-of-a-rack-of-professional-audio-equipment-including-various-compressors-equalizers-and-preamps-the-knobs-and-meters-are-illuminated-an-alternate-02.jpg","image","2433095","2101ff042eeed5c79b0110466978370d3da3e3a1349404fe0353b0baf6dacae0"
"ARCHIVE/ignored-local/wix-media-intake/images/Checkmark Audio Music Studio Equipment-e82cb9c45ac34adbb72a2cb78ba08c47","MEDIA/IMAGES/checkmark-audio-music-studio-equipment-variant-05.jpg","image","2153214","ede7d6f185026775119778a87c8c333c24e7e3254f3a916f10ef8ad8ae0a67ea"
"ARCHIVE/ignored-local/wix-media-intake/images/Checkmark Audio Music Studio Equipment-f9190307b8ab40c8b970f4971cf2fa45","MEDIA/IMAGES/checkmark-audio-music-studio-equipment-variant-06.jpg","image","1204527","5b985142082971e9f6d8968d02ae45fc50a6678ac67d3eb5756fe155e4832c61"
"ARCHIVE/ignored-local/wix-media-intake/images/Checkmark Audio Music Studio Equipment.jpg","MEDIA/UNREADABLE/checkmark-audio-music-studio-equipment-unreadable.jpg","image","0","e3b0c44298fc1c149afbf4c8996fb92427ae41e4649b934ca495991b7852b855"
"ARCHIVE/ignored-local/wix-media-intake/images/Checkmark Audio Music Studio Logo","MEDIA/IMAGES/checkmark-audio-music-studio-logo.jpg","image","941038","391ebd382124c189f38e7ff9ba7f7ba552a907aecdd06e4f7ab399e602a41f16"
"ARCHIVE/ignored-local/wix-media-intake/images/Checkmark Audio Music Studio Logo 2","MEDIA/IMAGES/checkmark-audio-music-studio-logo-2.jpg","image","860525","e03b9a3c299613b28b6955a83d8fc8bc37e74b746a669e05085453819acd40b3"
"ARCHIVE/ignored-local/wix-media-intake/images/Checkmark Audio Music Studio Logo 2.jpg","MEDIA/UNREADABLE/checkmark-audio-music-studio-logo-2-unreadable.jpg","image","0","e3b0c44298fc1c149afbf4c8996fb92427ae41e4649b934ca495991b7852b855"
"ARCHIVE/ignored-local/wix-media-intake/images/Checkmark Audio Music Studio Logo.jpeg","MEDIA/IMAGES/checkmark-audio-music-studio-logo.jpeg","image","341451","ba7be795853e6140f85c5cac4611561a5330583389886d94d54a3a9cfb0de4da"
"ARCHIVE/ignored-local/wix-media-intake/images/Checkmark Audio Music Studio Logo.jpg","MEDIA/UNREADABLE/checkmark-audio-music-studio-logo-unreadable.jpg","image","0","e3b0c44298fc1c149afbf4c8996fb92427ae41e4649b934ca495991b7852b855"
"ARCHIVE/ignored-local/wix-media-intake/images/Checkmark Audio Music Studio Mixer","MEDIA/IMAGES/mixing-console-black-white-source.jpg","image","8420934","8664de10b9ef43a63374cea581d59ac93cfde16d74e14b942057cbf2c4e7b124"
"ARCHIVE/ignored-local/wix-media-intake/images/Checkmark Audio Music Studio Mixer-aeceae432b0b49ff9054c8eaa9ead702","MEDIA/IMAGES/checkmark-audio-music-studio-mixer.jpg","image","11095022","53bd5ee515793bc9ddcf040c3952bf4c1fa448534fb5b13661b1f7f425e9547b"
"ARCHIVE/ignored-local/wix-media-intake/images/Checkmark Audio Music Studio Mixer.jpg","MEDIA/UNREADABLE/checkmark-audio-music-studio-mixer-unreadable.jpg","image","0","e3b0c44298fc1c149afbf4c8996fb92427ae41e4649b934ca495991b7852b855"
"ARCHIVE/ignored-local/wix-media-intake/images/Checkmark Audio Music Studio PromoGraphic.png","MEDIA/IMAGES/checkmark-audio-music-studio-promographic.png","image","3640138","691746bf5c7e5785b7214fe66a5dae9c3e601e034e92ad4cdef1c00e4ee0bace"
"ARCHIVE/ignored-local/wix-media-intake/images/Checkmark Audio Music Studio Sign","MEDIA/IMAGES/checkmark-audio-music-studio-sign.jpg","image","912081","8af904c2d32e7fb8a29d7a942a0be7bbe4d2d25eab9dd0e49387f3572eaf2d46"
"ARCHIVE/ignored-local/wix-media-intake/images/Checkmark Audio Music Studio Sign.png","MEDIA/UNREADABLE/checkmark-audio-music-studio-sign-unreadable.png","image","0","e3b0c44298fc1c149afbf4c8996fb92427ae41e4649b934ca495991b7852b855"
"ARCHIVE/ignored-local/wix-media-intake/images/Checkmark Audio Music Studio Waiting Room","MEDIA/IMAGES/checkmark-audio-music-studio-waiting-room.jpg","image","638510","8b6e7fb95f5e9efbbb868202b0290302dbd49470f38cfbd26c2b14669f9daaf9"
"ARCHIVE/ignored-local/wix-media-intake/images/Checkmark Audio Music Studio Waiting Room-1a551def0d2148b1b96029cd2078b375","MEDIA/IMAGES/checkmark-audio-music-studio-waiting-room-variant-02.jpg","image","1146028","5e0b9e6a1e0a46adb49de5f47c3734979c086b33f3d9464a55348219bb150f72"
"ARCHIVE/ignored-local/wix-media-intake/images/Checkmark Audio Music Studio Waiting Room-99d47d0013194b12b9fc0780429d6b55","MEDIA/IMAGES/checkmark-audio-music-studio-waiting-room-variant-03.jpg","image","761230","7ae6591d8ef16fd60c75f55ff864506e9c86eb62e8b491f5f760b933f7606177"
"ARCHIVE/ignored-local/wix-media-intake/images/Checkmark Audio Music Studio Waiting Room-c398acc69c2346b5a32892fd3790434c","MEDIA/IMAGES/checkmark-audio-music-studio-waiting-room-variant-04.jpg","image","780407","5d1e7cb6e2cc0060d7e5f2bee94571a82c0ba5a23492bf4a25007fa46f0c43a2"
"ARCHIVE/ignored-local/wix-media-intake/images/Checkmark Audio Music Studio Waiting Room.jpg","MEDIA/UNREADABLE/checkmark-audio-music-studio-waiting-room-unreadable.jpg","image","0","e3b0c44298fc1c149afbf4c8996fb92427ae41e4649b934ca495991b7852b855"
"ARCHIVE/ignored-local/wix-media-intake/images/Checkmark Audio Vocal Production Mixing and Mastering Music Education","MEDIA/IMAGES/checkmark-audio-vocal-production-mixing-and-mastering-music-education.jpg","image","977770","12004ed2e933035f69df52768b4ca1b065a27984aac63015ff79ca10e9f29754"
"ARCHIVE/ignored-local/wix-media-intake/images/Checkmark Audio Vocal Production Mixing and Mastering Music Education.png","MEDIA/UNREADABLE/checkmark-audio-vocal-production-mixing-and-mastering-music-education-unreadable.png","image","0","e3b0c44298fc1c149afbf4c8996fb92427ae41e4649b934ca495991b7852b855"
"ARCHIVE/ignored-local/wix-media-intake/images/Checkmark Audio Vocal Recording Booth","MEDIA/IMAGES/checkmark-audio-vocal-recording-booth.jpg","image","9694254","ca9bb9a0af9ed7a4ee8dfbe2f1eca2ae1cce74453fbc581c533fe01746479295"
"ARCHIVE/ignored-local/wix-media-intake/images/Checkmark Audio Vocal Recording Booth--name-collision-2","MEDIA/IMAGES/checkmark-audio-vocal-recording-booth-variant-02.jpg","image","917114","c4d9bf754f5531d17f1c958c8a96198f1ae72ed697a30be7ca869967ef7d0789"
"ARCHIVE/ignored-local/wix-media-intake/images/Checkmark Audio Vocal Recording Booth-1c8e6ffc2f0541c5bf7078b452086eac","MEDIA/IMAGES/checkmark-audio-vocal-recording-booth-variant-03.jpg","image","2745574","6490985d1274af91d08b1fb28ae060322269682a618fe67f03a479268a7197fd"
"ARCHIVE/ignored-local/wix-media-intake/images/Checkmark Audio Vocal Recording Booth-21274430c5fe43c285af0e3e25cbbe63","MEDIA/IMAGES/checkmark-audio-vocal-recording-booth-variant-04.jpg","image","8296878","b0f7a79611216de0ae725d50ba03c27b6e497d9afd684d2daa636b5ef0ee300c"
"ARCHIVE/ignored-local/wix-media-intake/images/Checkmark Audio Vocal Recording Booth-2a4958a0e16d4e88bd475c4226b1ef08","MEDIA/IMAGES/checkmark-audio-vocal-recording-booth-variant-05.jpg","image","688715","60352cf12a49cce084c6c9d3a89b0f4c24b9faaf0d54ea25e3002e703ddbc414"
"ARCHIVE/ignored-local/wix-media-intake/images/Checkmark Audio Vocal Recording Booth-6402724c84bd4928887cc28ea63d6a92","MEDIA/IMAGES/checkmark-audio-vocal-recording-booth-alternate-02.jpg","image","2745574","6490985d1274af91d08b1fb28ae060322269682a618fe67f03a479268a7197fd"
"ARCHIVE/ignored-local/wix-media-intake/images/Checkmark Audio Vocal Recording Booth-86300eb0132c42fa967a8f9574063501","MEDIA/IMAGES/checkmark-audio-vocal-recording-booth-variant-06.jpg","image","9702063","f75d5e12f1811db70c93305b529975f02f7f65856b98f12cc31cc670f222b3cf"
"ARCHIVE/ignored-local/wix-media-intake/images/Checkmark Audio Vocal Recording Booth-f750eff898fe477c8800997456f446a7","MEDIA/IMAGES/checkmark-audio-vocal-recording-booth-alternate-03.jpg","image","2745574","6490985d1274af91d08b1fb28ae060322269682a618fe67f03a479268a7197fd"
"ARCHIVE/ignored-local/wix-media-intake/images/Checkmark Audio Vocal Recording Booth-f753cd9687e94c349b18e02707e381d9","MEDIA/IMAGES/checkmark-audio-vocal-recording-booth-variant-07.jpg","image","9848929","9068b677ef94ebbf1c53cdaebf05804f0fc04225d2f2080cf843b3e979d0a038"
"ARCHIVE/ignored-local/wix-media-intake/images/Checkmark Audio Vocal Recording Booth.jpg","MEDIA/IMAGES/checkmark-audio-vocal-recording-booth-variant-08.jpg","image","4126525","5e752e205badf3955596666660a1ce154368ef2881a83bf234f7b475993b5e97"
"ARCHIVE/ignored-local/wix-media-intake/images/Checkmark Music Studio Recording Vocals Sign.jpeg","MEDIA/IMAGES/checkmark-music-studio-recording-vocals-sign.jpeg","image","2097542","5d1ce46bc3c72df361de8013157c90ea9e5be50762160864039c7c84c20268de"
"ARCHIVE/ignored-local/wix-media-intake/images/checkmark sign_edited--exact-duplicate-2.jpg","MEDIA/IMAGES/checkmark-sign-edited.jpg","image","384955","5b149270b033a74c591710a39bb7c810d4d775e3862649bd73deed29d032a4d5"
"ARCHIVE/ignored-local/wix-media-intake/images/checkmark sign_edited.jpg","MEDIA/IMAGES/checkmark-sign-edited-alternate-02.jpg","image","384955","5b149270b033a74c591710a39bb7c810d4d775e3862649bd73deed29d032a4d5"
"ARCHIVE/ignored-local/wix-media-intake/images/checkmark sign.JPG","MEDIA/IMAGES/checkmark-audio-image-9ab1f2e17d.jpg","image","11984797","9ab1f2e17d41216010af51651210b51c482def9a2f0e979ddb4b539605e08f6b"
"ARCHIVE/ignored-local/wix-media-intake/images/CHECKMARKSIGN(1).jpeg","MEDIA/IMAGES/checkmark-music-studio-recording-vocals-sign-alternate-02.jpeg","image","2097542","5d1ce46bc3c72df361de8013157c90ea9e5be50762160864039c7c84c20268de"
"ARCHIVE/ignored-local/wix-media-intake/images/Close-up of a microphone in the vocal booth at Checkmark Audio’s Studio B, optimized for capturing clear and precise vocal performances.jpg","MEDIA/IMAGES/close-up-of-a-microphone-in-the-vocal-booth-at-checkmark-audios-studio-b-optimized-for-capturing-clear-and-precise-vocal-performances.jpg","image","1535025","d141080bc9201dfbe7345fd1714c4811f72188fc8af01cb9d5d859a29955ce95"
"ARCHIVE/ignored-local/wix-media-intake/images/CMA_Logo_Updated(1).png","MEDIA/IMAGES/cma-logo-updated-1.png","image","654024","c9a446f16b476bafee1d1cf2d4ec3d59962bc2bec3658d01c3138ee898091586"
"ARCHIVE/ignored-local/wix-media-intake/images/CMA_Logo_Updated(2).png","MEDIA/IMAGES/cma-logo-updated-2.png","image","847316","9121739ac3cfa213a7625645c3490ab77d7395f0ccdae19ae042713b6b490ee3"
"ARCHIVE/ignored-local/wix-media-intake/images/CMA_Logo.jpg","MEDIA/IMAGES/cma-logo.jpg","image","265356","a0ebaf821935b313972a9d1258ec348b9f318ff9915c8bb817013d0774a97b14"
"ARCHIVE/ignored-local/wix-media-intake/images/CMA_logo1.png","MEDIA/IMAGES/cma-logo1.png","image","861885","ec2bf1fb8aa97724a416b7aa50191b004dcb035635fc279e94d0e6055045763e"
"ARCHIVE/ignored-local/wix-media-intake/images/CMA_logo1(1).jpg","MEDIA/IMAGES/cma-logo1-1.jpg","image","582938","574bdc2d998a7202ab6c963dece3570ee5fe573bca634a1360b73c0e6b84f336"
"ARCHIVE/ignored-local/wix-media-intake/images/CMA_logo2.jpg","MEDIA/IMAGES/cma-logo2.jpg","image","412008","47f9d7a577d841db594b46aa3e236247bc3f77ac6cdbdd135cdd0ffc9bbf6927"
"ARCHIVE/ignored-local/wix-media-intake/images/CMALogo_New.png","MEDIA/IMAGES/cmalogo-new.png","image","1279830","8c4aaa0afed85014fcc0e6a37dc49fb4dbc84817137cc833753f4e34a168eee8"
"ARCHIVE/ignored-local/wix-media-intake/images/CMAPNG.png","MEDIA/IMAGES/headphones-mic-icon-white-source.png","image","2675136","05d00e57fcc713e45ba67cd51d36cfe484d876ebb36b019056527bdca3f4d801"
"ARCHIVE/ignored-local/wix-media-intake/images/CME_logo1.png","MEDIA/IMAGES/cme-logo1.png","image","1022428","c65de15ee0efca1b77ad36bf27d1d917c00f4186b082f84575fb419e8b727c4c"
"ARCHIVE/ignored-local/wix-media-intake/images/CMP_GRAPHIC3.png","MEDIA/IMAGES/cmp-graphic3.png","image","3860160","e4e8eb4dcbe0f86495fbbf64aa0e7820544a0f25b870d18ae4c54a0cb54d8b1c"
"ARCHIVE/ignored-local/wix-media-intake/images/CMP_GRAPHIC4.png","MEDIA/IMAGES/cmp-graphic4.png","image","3744873","16c9e33ebf8139f04cd12917f18704ada59e57953d2383bc50467e9d9a5b82ac"
"ARCHIVE/ignored-local/wix-media-intake/images/CMP_logo1.png","MEDIA/IMAGES/cmp-logo1.png","image","700484","8fd802a181733dd82db6b5d9f2c50c247c39d5face3917a84b0f6d9e3f64440c"
"ARCHIVE/ignored-local/wix-media-intake/images/CMP_MARZ_GRAPHIC_edited.png","MEDIA/IMAGES/cmp-marz-graphic-edited.png","image","2477255","66254c20496be914f612e63ffee6b4cebd995bc178c6bbc0451ce1c6d8a828ef"
"ARCHIVE/ignored-local/wix-media-intake/images/CMPbanner2.jpg","MEDIA/IMAGES/cmpbanner2.jpg","image","648452","08a9ec0912e36094be7eeb517387972fb8d5a3847bef9767ceb5ecef70cae8b6"
"ARCHIVE/ignored-local/wix-media-intake/images/CMPMarzgraphic.png","MEDIA/IMAGES/cmpmarzgraphic.png","image","9325109","ccc87c1629036abb17ebb88d28c4ee53925ca5c72b30f8f8f396d0a45fa2c8a7"
"ARCHIVE/ignored-local/wix-media-intake/images/CMPMilliegraphic-7a7dc35aff9f4ea9af00bf67201073c6.png","MEDIA/IMAGES/cmpmilliegraphic.png","image","2652662","a64b5bf6a4767bc6481fbc231541ed34d998e59fd91dd89586ee1fb6a105239b"
"ARCHIVE/ignored-local/wix-media-intake/images/CMPMilliegraphic-b06db3a622bb4b7da6118fbd87fcb3bf.png","MEDIA/IMAGES/cmpmilliegraphic-alternate-02.png","image","2652662","a64b5bf6a4767bc6481fbc231541ed34d998e59fd91dd89586ee1fb6a105239b"
"ARCHIVE/ignored-local/wix-media-intake/images/CMPMilliegraphic.png","MEDIA/IMAGES/cmpmilliegraphic-alternate-03.png","image","2652662","a64b5bf6a4767bc6481fbc231541ed34d998e59fd91dd89586ee1fb6a105239b"
"ARCHIVE/ignored-local/wix-media-intake/images/Comfortable waiting area in the recording studio at Checkmark Audio, featuring a couch Music Studio Waiting Room.jpg","MEDIA/IMAGES/comfortable-waiting-area-in-the-recording-studio-at-checkmark-audio-featuring-a-couch-music-studio-waiting-room.jpg","image","7728928","d7368a26c8ce3330f246d435a15bfaa81a9c5f55e36f01ef2e0530ab80dd3eca"
"ARCHIVE/ignored-local/wix-media-intake/images/CountryMeds_1--exact-duplicate-2.jpg","MEDIA/IMAGES/countrymeds-1.jpg","image","1256520","9a96b71895d7ff84817b2a2a32260c00750200621ea16f7a956d95ad47ae7c25"
"ARCHIVE/ignored-local/wix-media-intake/images/CountryMeds_1.jpg","MEDIA/IMAGES/countrymeds-1-alternate-02.jpg","image","1256520","9a96b71895d7ff84817b2a2a32260c00750200621ea16f7a956d95ad47ae7c25"
"ARCHIVE/ignored-local/wix-media-intake/images/CountryMeds_2--exact-duplicate-2.jpg","MEDIA/IMAGES/countrymeds-2.jpg","image","1988720","283ecaa1540b404b9d461f2d8761e70ce1376c833d5e346da52dfa5aa9bcebe3"
"ARCHIVE/ignored-local/wix-media-intake/images/CountryMeds_2.jpg","MEDIA/IMAGES/countrymeds-2-alternate-02.jpg","image","1988720","283ecaa1540b404b9d461f2d8761e70ce1376c833d5e346da52dfa5aa9bcebe3"
"ARCHIVE/ignored-local/wix-media-intake/images/Cozy recording studio at Checkmark Audio, featuring colorful wall art and a comfortable sofa in Albuquerque.jpg","MEDIA/IMAGES/cozy-recording-studio-at-checkmark-audio-featuring-colorful-wall-art-and-a-comfortable-sofa-in-albuquerque.jpg","image","5160794","3840bb419f4a82c99cb96cbd9cca2b14e20590df847ca0a48a22172c99930593"
"ARCHIVE/ignored-local/wix-media-intake/images/Crowd2.png","MEDIA/IMAGES/crowd2.png","image","1614464","9e831a875795097b36f9f32ff4cd9788586c3c20d5a6445abd09422abae8f888"
"ARCHIVE/ignored-local/wix-media-intake/images/Daniel.jpg","MEDIA/IMAGES/artist-portrait-cap-source.jpg","image","9262751","a028828ff4ae30d49f98b2208d919a47bb4c625b9fe0faa1543d5c1b15829b33"
"ARCHIVE/ignored-local/wix-media-intake/images/Debut Band Single Artwork--exact-duplicate-2.JPG","MEDIA/IMAGES/debut-band-single-artwork.jpg","image","3736319","cae9db45843f5f168ddc701b74cf6860e051a349a4ec19ac6054e401062b4d79"
"ARCHIVE/ignored-local/wix-media-intake/images/Debut Band Single Artwork.JPG","MEDIA/IMAGES/debut-band-single-artwork-alternate-02.jpg","image","3736319","cae9db45843f5f168ddc701b74cf6860e051a349a4ec19ac6054e401062b4d79"
"ARCHIVE/ignored-local/wix-media-intake/images/DIego_album_cover(1).jpg","MEDIA/IMAGES/diego-album-cover-1.jpg","image","3158721","1e96ae1b333be9a598dd2af1ea7ed1cdcbdd31ca8f71e9dd1df15ef74e3cd34d"
"ARCHIVE/ignored-local/wix-media-intake/images/DIEGO_album_cover(3).jpg","MEDIA/IMAGES/diego-album-cover-3.jpg","image","605291","c278e2b3652e95b23cfa6be163d5799db8e636e351f4357e15e0baf9d373dc2a"
"ARCHIVE/ignored-local/wix-media-intake/images/DIEGO_head_shot(1).jpg","MEDIA/IMAGES/diego-head-shot-1.jpg","image","2258848","6c4aca4bbb43a1d9ec252863f1afe823ab7cf6939086527374868ef896b8b5d7"
"ARCHIVE/ignored-local/wix-media-intake/images/DIEGO_head_shot(2).jpg","MEDIA/IMAGES/diego-head-shot-2.jpg","image","2366584","3b82323ef43ff1322068ccf9d323a13ae4fdfa0798be2899a2836f27a43df72f"
"ARCHIVE/ignored-local/wix-media-intake/images/DRIFT.png","MEDIA/IMAGES/drift.png","image","7652641","7390d92ac6bdf958f9806f74bc47ac10007c485ca1cbf7f8d77c13efe3f4f4b0"
"ARCHIVE/ignored-local/wix-media-intake/images/Drum kit setup in Studio B at Checkmark Audio, designed for capturing rich and dynamic percussion recordings.jpg","MEDIA/IMAGES/drum-kit-setup-in-studio-b-at-checkmark-audio-designed-for-capturing-rich-and-dynamic-percussion-recordings.jpg","image","5880793","330df73ea79a0467ccaa5e164789a4500d7b009283399885a9abcc82bed6dd08"
"ARCHIVE/ignored-local/wix-media-intake/images/DSC04035.jpg","MEDIA/IMAGES/dsc04035.jpg","image","3571441","00c50613a4112491905e5e896be25d98acc91b02c1b9dcea8a73f62fe74c9082"
"ARCHIVE/ignored-local/wix-media-intake/images/DSC04217_edited.jpg","MEDIA/IMAGES/dsc04217-edited.jpg","image","690681","4d2546ca7ad96934c57f5afb9fa596b43e8198360ad74716bfb6cd44e730a88c"
"ARCHIVE/ignored-local/wix-media-intake/images/DSC04217.JPG","MEDIA/IMAGES/dsc04217.jpg","image","5275648","1c8d6bd1f580319c3a1023f6c1a6f68dc2b4b0b12f622d3add0e5554f5801a26"
"ARCHIVE/ignored-local/wix-media-intake/images/DSC04221_edited.jpg","MEDIA/IMAGES/dsc04221-edited.jpg","image","294533","63ce71dcb80559fe37c24d80d2977b42379c0e2b4172853771ea8edd79ebf68a"
"ARCHIVE/ignored-local/wix-media-intake/images/DSC04221.JPG","MEDIA/IMAGES/dsc04221.jpg","image","4947968","6d85c0b1b16d0d0a2d34f127e30460bfc7656515d9bdf1c69fe8fa8f3dc57c50"
"ARCHIVE/ignored-local/wix-media-intake/images/DSC04234.JPG","MEDIA/IMAGES/synth-keyboards-source.jpg","image","4128768","f1557baf5a74b2ab9a9183ebdecc142be924876b8425e8ad497e3020a92adca2"
"ARCHIVE/ignored-local/wix-media-intake/images/DSC04344.JPG","MEDIA/IMAGES/dsc04344.jpg","image","3670016","a87d1a9547d9ba54545cabb4131121ca699bc21cdf5d415737b1c0d1acfe0e93"
"ARCHIVE/ignored-local/wix-media-intake/images/DSC04351.JPG","MEDIA/IMAGES/dark-microphone-pop-filter-source.jpg","image","3801088","190eb33f053faa2f7fb2fa39a3522c5c3df904c4a53e10850d0099c8f514999e"
"ARCHIVE/ignored-local/wix-media-intake/images/DSC04391.JPG","MEDIA/IMAGES/control-room-desk-source.jpg","image","5898240","e46d2dd92ea70bc3bb2960560753e964dad39316e0b31e5d6f1c6746ab99f81d"
"ARCHIVE/ignored-local/wix-media-intake/images/DSC04420_edited.jpg","MEDIA/IMAGES/dsc04420-edited.jpg","image","575671","016195e43cba9bed4a6b7322d598430a7ab8721f2c03510ccddc8bf4f7bf8604"
"ARCHIVE/ignored-local/wix-media-intake/images/DSC04420.JPG","MEDIA/IMAGES/dsc04420.jpg","image","4882432","420319a637dd2a890fa355fd34a41e6ccc34523c4f20ccf571db8e7c5617cca1"
"ARCHIVE/ignored-local/wix-media-intake/images/DSC04426-f7819358bf8a4729adc04d8fcffa1fdd.JPG","MEDIA/IMAGES/dsc04426.jpg","image","4063232","071f89eabca36cfe1be71610b3100c9b6d37f4472ee15255d9b3a497dde4262e"
"ARCHIVE/ignored-local/wix-media-intake/images/DSC04426.JPG","MEDIA/IMAGES/dsc04426-alternate-02.jpg","image","4063232","071f89eabca36cfe1be71610b3100c9b6d37f4472ee15255d9b3a497dde4262e"
"ARCHIVE/ignored-local/wix-media-intake/images/DSC04427.JPG","MEDIA/IMAGES/dsc04427.jpg","image","3899392","2ad67cb3e5a2ff4ebf894a99c5a72059e97906f116daef37eaa8ce3945918270"
"ARCHIVE/ignored-local/wix-media-intake/images/DSC04432.JPG","MEDIA/IMAGES/dsc04432.jpg","image","4128768","873bc92b2eec2a4e96e92e66879519a31a64a80cff521ba92293a80311c5aebb"
"ARCHIVE/ignored-local/wix-media-intake/images/DSC04572.JPG","MEDIA/IMAGES/dsc04572.jpg","image","2555904","23bf429350930bb6a21c4bb799658d06a41da7b7b4f8751a04a499c09dbdc9f5"
"ARCHIVE/ignored-local/wix-media-intake/images/DSC04622.JPG","MEDIA/IMAGES/dsc04622.jpg","image","2031616","d75dc19462b5385ffefc1ea4fe87f8bd4af2f069dd94cd8ad5b534912e1ac359"
"ARCHIVE/ignored-local/wix-media-intake/images/DSC04625.JPG","MEDIA/IMAGES/dsc04625.jpg","image","1933312","24f2dbb9cf56818bd5116aab0a3a80032b063ddef0669e6b53e73d21fdb4c88b"
"ARCHIVE/ignored-local/wix-media-intake/images/DSC05385_edited.jpg","MEDIA/IMAGES/dsc05385-edited.jpg","image","272470","b758f94f26d89bd8ee0dc6f9efd14a9653d3fd9b97101ba907d8e3111e6b1d34"
"ARCHIVE/ignored-local/wix-media-intake/images/DSC05385.JPG","MEDIA/IMAGES/microphone-sign-background-source.jpg","image","4816896","bffc5ac6614215b015de74bde9918c271568b8c766514b38922f46dbd84f905e"
"ARCHIVE/ignored-local/wix-media-intake/images/DSC05388.JPG","MEDIA/IMAGES/dsc05388.jpg","image","4096000","9a9b0c5b4dcfba1ab5a5b177eb201db7aa51da0eb3a7e119f1fcbb817bb2ce06"
"ARCHIVE/ignored-local/wix-media-intake/images/DSC05389.JPG","MEDIA/IMAGES/dsc05389.jpg","image","4259840","50d1d7ab7930486781c6854eb5ca309dda7383f7e101f09613a38fbdb57fd8eb"
"ARCHIVE/ignored-local/wix-media-intake/images/DSC05390.JPG","MEDIA/IMAGES/dsc05390.jpg","image","4030464","7746a4bb15a24d64197d4f7bf9f7fab0bb1ecc7058a9eae2e7673b36c4f20107"
"ARCHIVE/ignored-local/wix-media-intake/images/DSC06004 2.JPG","MEDIA/IMAGES/dsc06004-2.jpg","image","4882432","4c3d3043024e7f61f14312c4d5889ded7ed648c12489a90c02c8daacf0f8fa39"
"ARCHIVE/ignored-local/wix-media-intake/images/DSC06306.JPG","MEDIA/IMAGES/dsc06306.jpg","image","2949120","5232af0a6240e09c71ef009f04f36a1e369442077357103fa8760a8395518c7c"
"ARCHIVE/ignored-local/wix-media-intake/images/DSC06414.JPG","MEDIA/IMAGES/dsc06414.jpg","image","3276800","08ac0eb67de0c4b37d210721ffac3f84b98658f4936fe6ca2a32bef8a7d7e42e"
"ARCHIVE/ignored-local/wix-media-intake/images/DSC06416.JPG","MEDIA/IMAGES/dsc06416.jpg","image","3702784","b01b855935ea69e8a7d9b4cb5e3efc2aa644006ffb07e112ef85dea7027c4740"
"ARCHIVE/ignored-local/wix-media-intake/images/DSC06420.JPG","MEDIA/IMAGES/dsc06420.jpg","image","5341184","24b2a5b5114e659828a01d587c1f01ffbcdbf4d7a1a8c3044631722b6206c8ff"
"ARCHIVE/ignored-local/wix-media-intake/images/DSC06433.JPG","MEDIA/IMAGES/dsc06433.jpg","image","4718592","6a9af1442edc41032b7b04bd986571164537d9e6eb37e98b2506f6e4388169b1"
"ARCHIVE/ignored-local/wix-media-intake/images/DSC06445.JPG","MEDIA/IMAGES/dsc06445.jpg","image","4423680","00f435ac55babd9e78ad541d24d554ad6e5637b8794f015ccf91c76078c7e2a7"
"ARCHIVE/ignored-local/wix-media-intake/images/DSC06461.JPG","MEDIA/IMAGES/dsc06461.jpg","image","4423680","c66dcc004e95b8d18f9376501e4c7d05b828c085bf289c3a0f49f55d610f690d"
"ARCHIVE/ignored-local/wix-media-intake/images/DSC06495.JPG","MEDIA/IMAGES/dsc06495.jpg","image","4751360","8371242eabb01bd065477f28968fb94627989353ee41e436f29666a1f6fd2e3d"
"ARCHIVE/ignored-local/wix-media-intake/images/DSC06508.JPG","MEDIA/IMAGES/dsc06508.jpg","image","4587520","8c4da8c251661fba9dc5bb8fa59c564b7fc0aceb9eaf624c4a3d691006beddc4"
"ARCHIVE/ignored-local/wix-media-intake/images/DSC06514.JPG","MEDIA/IMAGES/dsc06514.jpg","image","4816896","488821b0eff344e74e749bc4be6c44b23159e07376202c0d555f0a89fb44ca01"
"ARCHIVE/ignored-local/wix-media-intake/images/DSC06518.JPG","MEDIA/IMAGES/dsc06518.jpg","image","5275648","c80b0b2be11635073e3624cb433eb80f0afa936027416dfd8de82dc556a2739d"
"ARCHIVE/ignored-local/wix-media-intake/images/DSC06528.JPG","MEDIA/IMAGES/dsc06528.jpg","image","4784128","5e8a0cde7618049e948412bdaa8a751c7e65c3b9a411c81b9778a896ba799845"
"ARCHIVE/ignored-local/wix-media-intake/images/DSC06555(17).jpg","MEDIA/IMAGES/dsc06555-17.jpg","image","1108992","69ed5c40456de289165a143e0f2c36f9ddf1ee5a88c7636459929cf5deaaea82"
"ARCHIVE/ignored-local/wix-media-intake/images/DSC06930_edited.jpg","MEDIA/IMAGES/praying-artist-pink-source.jpg","image","2482521","268c6588a866e11410fd006f0e2b7d283d5dc8869417523d0d3cbbafd2712739"
"ARCHIVE/ignored-local/wix-media-intake/images/DSC06930.JPG","MEDIA/IMAGES/dsc06930.jpg","image","5767168","a6de6e4dbfea22b3a7735038fe68529b5c7de9b05b7e6101972db157fe0b8860"
"ARCHIVE/ignored-local/wix-media-intake/images/DSC08341.JPG","MEDIA/IMAGES/dsc08341.jpg","image","5406720","b2293dd8dea8d11a41b1b985543f8817d756c888eab2490e8f9f166bc1b27d2f"
"ARCHIVE/ignored-local/wix-media-intake/images/DSC08343.JPG","MEDIA/IMAGES/dsc08343.jpg","image","5439488","7cf66b3552aae26d98549af1f69bca11ed5e9c0242cc8eb978a1a1ef833aa4e1"
"ARCHIVE/ignored-local/wix-media-intake/images/DSC08355.JPG","MEDIA/IMAGES/dsc08355.jpg","image","9175040","18341d95d262b4b88d86e35e4f0d9d88221f81e7a7de1496bd49b93d98a3cf1f"
"ARCHIVE/ignored-local/wix-media-intake/images/DSC08356.JPG","MEDIA/IMAGES/dsc08356.jpg","image","8323072","596600ac650768eaba95a0303e07cb888d24a8adf2ec9dad3506bd7118a0839a"
"ARCHIVE/ignored-local/wix-media-intake/images/DSC08358.JPG","MEDIA/IMAGES/purple-booth-curtain-source.jpg","image","6356992","f174896b023baeceb9cc14c53cc6c89f7557486ae39e44e3f9c4039e3f71247e"
"ARCHIVE/ignored-local/wix-media-intake/images/DSC08359.JPG","MEDIA/IMAGES/dsc08359.jpg","image","5898240","5ea6a942aa9c04a8c4444585bbd2cab821be33622545651c3a70feb273986d4e"
"ARCHIVE/ignored-local/wix-media-intake/images/DSC08360.JPG","MEDIA/IMAGES/dsc08360.jpg","image","5865472","2ecafa219d2f1971cdf13f201a340d5d6209511726c50d4f0b85947b82f902ff"
"ARCHIVE/ignored-local/wix-media-intake/images/DSC08361.JPG","MEDIA/IMAGES/dsc08361.jpg","image","6193152","e94b42789fc1f3d7854ab9393f9d766cd2cf98fb8ac088bc60f6f624c2c67d92"
"ARCHIVE/ignored-local/wix-media-intake/images/DSC08362.JPG","MEDIA/IMAGES/dsc08362.jpg","image","6619136","210699cf153358abe2bbb82be34dc4f7cb99f7cfd64ca289a58110fe48206480"
"ARCHIVE/ignored-local/wix-media-intake/images/DSC08363.JPG","MEDIA/IMAGES/dsc08363.jpg","image","7143424","2a9f9f799631297026bd1d3c97e029d5bb230e231c8c8ae45666b5ab76567fb5"
"ARCHIVE/ignored-local/wix-media-intake/images/DSC08364.JPG","MEDIA/IMAGES/dsc08364.jpg","image","7733248","525521619c5d3c825a3c1e0ab83fcdcd6db0d04628650af328d39fff88903c44"
"ARCHIVE/ignored-local/wix-media-intake/images/DSC08365.JPG","MEDIA/IMAGES/dsc08365.jpg","image","8290304","fbaebfe19fb91086dafae3cfb455b0aca337b7de416893a6a43568d11381c7d4"
"ARCHIVE/ignored-local/wix-media-intake/images/DSC08366.JPG","MEDIA/IMAGES/dsc08366.jpg","image","8650752","c6e346ad34119f2ff1d6b54f6235567175129d96e53b04b17ef28507e59eec8b"
"ARCHIVE/ignored-local/wix-media-intake/images/DSC08367.JPG","MEDIA/IMAGES/dsc08367.jpg","image","7634944","848a649c9bbbb420ea41c7c2212c5d7fb9aeeb5fcc7e7cca9fcdc442c39a2587"
"ARCHIVE/ignored-local/wix-media-intake/images/DSC08369.JPG","MEDIA/IMAGES/dsc08369.jpg","image","5210112","ddfe97352f27a1f2d8e99c7609244c31d24bcef30019f4e2b28da5d059295b72"
"ARCHIVE/ignored-local/wix-media-intake/images/DSC08370.JPG","MEDIA/IMAGES/dsc08370.jpg","image","5275648","ad31c26988893a28e7ff928b92d97acafa0b44df4c68e37f32d0881d24a32c27"
"ARCHIVE/ignored-local/wix-media-intake/images/DSC08373.JPG","MEDIA/IMAGES/dsc08373.jpg","image","4849664","d54dc315fba38eff31930e365b9ec86368f27709b78e316658a09064768f208f"
"ARCHIVE/ignored-local/wix-media-intake/images/DSC08374.JPG","MEDIA/IMAGES/dsc08374.jpg","image","6684672","82e5f04977d437bdf65ad77426d364fd19122cc0c27ad599db50c17ab2ace83c"
"ARCHIVE/ignored-local/wix-media-intake/images/DSC08375.JPG","MEDIA/IMAGES/dsc08375.jpg","image","6881280","47935bcff20930cc7632d3014ec74305ba36d065f0e75780eb2bff7d622872a1"
"ARCHIVE/ignored-local/wix-media-intake/images/DSC08376.JPG","MEDIA/IMAGES/dsc08376.jpg","image","7372800","05583b3aeaabbdc381bafbbcfd00182d3dbd63a92dc2f049c1da3dac3bdfa5c5"
"ARCHIVE/ignored-local/wix-media-intake/images/DSC08377.JPG","MEDIA/IMAGES/dsc08377.jpg","image","7241728","5c1afc14a3d963f321f1e0b74f972cc53be138ee2ebe6af74c90755eb1469b74"
"ARCHIVE/ignored-local/wix-media-intake/images/DSC08378.JPG","MEDIA/IMAGES/dsc08378.jpg","image","6881280","aa72e0bb73cbb0f85e2e20f5c433dc5b253219381a91e25e4e5d153e8d0e1cf2"
"ARCHIVE/ignored-local/wix-media-intake/images/DSC08379.JPG","MEDIA/IMAGES/dsc08379.jpg","image","5308416","be2fb7e656a2329c5d5b1d265613adb8cc5ed6a359980ae461a3f8a4c093f350"
"ARCHIVE/ignored-local/wix-media-intake/images/DSC08380.JPG","MEDIA/IMAGES/dsc08380.jpg","image","5865472","f671064258ea20ddc8bd187788f354b1cdfe7f378b79c6a051b717734b789594"
"ARCHIVE/ignored-local/wix-media-intake/images/DSC08381.JPG","MEDIA/IMAGES/dsc08381.jpg","image","6258688","cb5bace067c08715b4f4ac65ebda810136398b5dfdffc2690158766d49d4dde8"
"ARCHIVE/ignored-local/wix-media-intake/images/DSC08382.JPG","MEDIA/IMAGES/dsc08382.jpg","image","6520832","56424a03a2d7d6c3ee771f7a4071099ed03d70e27332770eba8b96adb7567f5e"
"ARCHIVE/ignored-local/wix-media-intake/images/DSC08383.JPG","MEDIA/IMAGES/blue-microphone-close-source.jpg","image","6914048","1906cb68c4422ccd5f68c4f666ebb0a60c7843bb470305b45d41bcfe652959c8"
"ARCHIVE/ignored-local/wix-media-intake/images/DSC08384.JPG","MEDIA/IMAGES/dsc08384.jpg","image","7110656","af6345a48e2aab79d2f1f0a63a58e6c2a18268f3424e17afc4dcb04046f2fbf4"
"ARCHIVE/ignored-local/wix-media-intake/images/DSC08385.JPG","MEDIA/IMAGES/dsc08385.jpg","image","7208960","62d31e71346055d0b66562665882c482eb00c0d3c883ea2b878e27b956059e9d"
"ARCHIVE/ignored-local/wix-media-intake/images/DSC08386.JPG","MEDIA/IMAGES/dsc08386.jpg","image","6782976","e07f6960f16e4670a677cd5274b443f0e0b99f5ae007b8caa12dff54054bb551"
"ARCHIVE/ignored-local/wix-media-intake/images/DSC08388.JPG","MEDIA/IMAGES/dsc08388.jpg","image","4653056","dd7610a1f51494c4f464cf652d2ff5462434e0e978c727b1de598f990d1012ec"
"ARCHIVE/ignored-local/wix-media-intake/images/DSC08389.JPG","MEDIA/IMAGES/dsc08389.jpg","image","4849664","a397a960a1358265af1219e651c89ad4226f64fd8c8702d4b4979013afb582c8"
"ARCHIVE/ignored-local/wix-media-intake/images/DSC08390.JPG","MEDIA/IMAGES/dsc08390.jpg","image","4915200","ed566f3df09648a727622a25c7c9a4b245530b60be42ba0fcee38f415c3de88a"
"ARCHIVE/ignored-local/wix-media-intake/images/DSC08391.JPG","MEDIA/IMAGES/dsc08391.jpg","image","5373952","dd58717e53bf9f86074de9d24803ad2e4fbd834b7827682b729f849c9c4b1523"
"ARCHIVE/ignored-local/wix-media-intake/images/DSC08392.JPG","MEDIA/IMAGES/dsc08392.jpg","image","5799936","8146a603e972a50bfa5a591a7ca3c4d381724b2975e956e3eb9c1ea0df2c5d98"
"ARCHIVE/ignored-local/wix-media-intake/images/DSC08393.JPG","MEDIA/IMAGES/dsc08393.jpg","image","5963776","23347f55941938273399420e1b5c39a07c8bd79fc2480f02e8998d2f08cc4c1f"
"ARCHIVE/ignored-local/wix-media-intake/images/DSC08394.JPG","MEDIA/IMAGES/dsc08394.jpg","image","6258688","81b59e8f945265fadf90f951b94f8c7a34d9dd61df0b9a8a1282a9398d96aa77"
"ARCHIVE/ignored-local/wix-media-intake/images/DSC08395.JPG","MEDIA/IMAGES/dsc08395.jpg","image","6848512","cd2839488a9b0d448639bbf28ef139c64c90f9589b7d612c8ac4c821a775608c"
"ARCHIVE/ignored-local/wix-media-intake/images/DSC08396.JPG","MEDIA/IMAGES/dsc08396.jpg","image","6848512","93d22c314a1a3c2aceb6ccc0b0aa37ccce0ad9ddd4f7bdc88166a170e24ebf7d"
"ARCHIVE/ignored-local/wix-media-intake/images/DSC08397.JPG","MEDIA/IMAGES/dsc08397.jpg","image","5013504","687295ea977954beb340660487c5515f51e1954fbf352d505aaf572086bd2247"
"ARCHIVE/ignored-local/wix-media-intake/images/DSC08398.JPG","MEDIA/IMAGES/dsc08398.jpg","image","5210112","58b9b5901aa3f67085bcba6785743d2f8ac3643e4a7c33b76fd3e5801796704b"
"ARCHIVE/ignored-local/wix-media-intake/images/DSC08399.JPG","MEDIA/IMAGES/dsc08399.jpg","image","6029312","512499f25676dd491af6cc9292c78ca74332efd86a8452f98217704cb73089f8"
"ARCHIVE/ignored-local/wix-media-intake/images/DSC08401.JPG","MEDIA/IMAGES/dsc08401.jpg","image","7438336","be3e13179478899a3c82c102147829242bc6a327abe1361f4ea98833fb962bc0"
"ARCHIVE/ignored-local/wix-media-intake/images/enan5dxg_edited.jpg","MEDIA/IMAGES/enan5dxg-edited.jpg","image","83969","42d9b5451e35f6f34dd208eac69ed2efd9a0c086096060c42fbc1e6303468ce0"
"ARCHIVE/ignored-local/wix-media-intake/images/enan5dxg.jpeg","MEDIA/IMAGES/enan5dxg.jpeg","image","72898","9ace898c11a5ab08e733a90ab3590921190a71907dfed0b8b11f5d56a8286a3e"
"ARCHIVE/ignored-local/wix-media-intake/images/Engineering_Logo_1.png","MEDIA/IMAGES/engineering-logo-1.png","image","645802","56462aaaec4bb8811fac7df8ffc816d7f6d891d79adf6e21c8b9844100761f2a"
"ARCHIVE/ignored-local/wix-media-intake/images/Extra Fast 1 Day Delivery.jpg","MEDIA/IMAGES/extra-fast-1-day-delivery.jpg","image","1233173","54edd53cf04558d129d5d4e4633dd5e20a6c1f257ceed80e983177b159184fb3"
"ARCHIVE/ignored-local/wix-media-intake/images/Fiverr Bio 1-2024-06-14 08 51 53(copy)-2024-06-14 12 09 03(copy)-Thumbnail_edited.jpg","MEDIA/IMAGES/checkmark-audio-demo-reel-title-02-source.jpg","image","917129","e94c2fa37e8ea598598681c13bae10e63b448789a14e8e03076972feba70a4e0"
"ARCHIVE/ignored-local/wix-media-intake/images/Fiverr Bio 1-2024-06-14 08 51 53(copy)-2024-06-14 12 09 03(copy)-Thumbnail.jpg","MEDIA/IMAGES/fiverr-bio-1-2024-06-14-08-51-53-2024-06-14-12-09-03-thumbnail.jpg","image","156567","774455fec86d13de72fef4fc6f7c300f7f6538e2eb460950b96dd3fc8d4e6420"
"ARCHIVE/ignored-local/wix-media-intake/images/For Constructors.jpg","MEDIA/IMAGES/for-constructors.jpg","image","1235934","e11ccf0f9b52bd142227d88120bb7c44ff657186638867fe1d5bae805d452e7f"
"ARCHIVE/ignored-local/wix-media-intake/images/For Live Shows.jpg","MEDIA/IMAGES/for-live-shows.jpg","image","1448605","1ca006aebbab225838ab72e98d919356de1ead867a2ee31f16b2eb1023f6c381"
"ARCHIVE/ignored-local/wix-media-intake/images/For Remixes.jpg","MEDIA/IMAGES/for-remixes.jpg","image","493772","1a516f4138df96bf3f664c92e85a18653b49d7dac0d4255010547a37ad8607a4"
"ARCHIVE/ignored-local/wix-media-intake/images/For Serious Artists.jpg","MEDIA/IMAGES/for-serious-artists.jpg","image","1282560","bde816958a99dc14a2c0e4279a4c389e3fe8d5966d08c6e652aff088500e464b"
"ARCHIVE/ignored-local/wix-media-intake/images/G.Hammond_a_black_and_white_clipart_image_of_movie_strip_in_the_29a3b3fc-e0c5-4d07-a0d9-1f56e31f1c2b.webp","MEDIA/IMAGES/g-hammond-a-black-and-white-clipart-image-of-movie-strip-in-the-29a3b3fc-e0c5-4d07-a0d9-1f56e31f1c2b.webp","image","82766","3be546dbdec75f331b88554d55199d31cfb5a4493ca8746e73fb809ccd22385a"
"ARCHIVE/ignored-local/wix-media-intake/images/G.Hammond_a_black_and_white_silhouette_of_a_rapper_with_a_micro_4b6e0e60-6587-430a-88c4-aa6dd4534ffa.webp","MEDIA/IMAGES/g-hammond-a-black-and-white-silhouette-of-a-rapper-with-a-micro-4b6e0e60-6587-430a-88c4-aa6dd4534ffa.webp","image","27982","c00b88bd20cdcebe5d765a32c304c754f4056dc6e4a008f0b298e8105d8baf88"
"ARCHIVE/ignored-local/wix-media-intake/images/g.hammond_An_emotional_and_powerful_beat_cover_art_featuring__4ea25ebf-e5cb-4192-b4f2-9f380fd95f3a_2 (1).png","MEDIA/IMAGES/g-hammond-an-emotional-and-powerful-beat-cover-art-featuring-4ea25ebf-e5cb-4192-b4f2-9f380fd95f3a-2-1.png","image","7030285","d40c63ee3ac65f569d165a358a72b23b2e2009c413607db56bf6e1f6f27e50ef"
"ARCHIVE/ignored-local/wix-media-intake/images/g.hammond_An_epic_scene_of_a_young_Black_boy_standing_triumph_a0927ac7-0c3d-4b0e-bdb3-612ede57bc30_0 (1).png","MEDIA/IMAGES/g-hammond-an-epic-scene-of-a-young-black-boy-standing-triumph-a0927ac7-0c3d-4b0e-bdb3-612ede57bc30-0-1.png","image","6183893","4eec69e9516135245bd071a2c5f9b8c8f321b311527b671639a98bb3221c1a94"
"ARCHIVE/ignored-local/wix-media-intake/images/Gardenview photoshoot at Checkmark Audio","MEDIA/IMAGES/gardenview-photoshoot-at-checkmark-audio.jpg","image","3878874","554ff22a43f6215bcf946ebdbcf5acfd53d15dc3cb98fcc51d97813548a3fc24"
"ARCHIVE/ignored-local/wix-media-intake/images/Gardenview photoshoot at Checkmark Audio.jpg","MEDIA/UNREADABLE/gardenview-photoshoot-at-checkmark-audio-unreadable.jpg","image","0","e3b0c44298fc1c149afbf4c8996fb92427ae41e4649b934ca495991b7852b855"
"ARCHIVE/ignored-local/wix-media-intake/images/Gardenview teaser trailer snapshot1.jpg","MEDIA/IMAGES/gardenview-teaser-trailer-snapshot1.jpg","image","501610","97b49efed9c63547d28ee24a0bcb32ab7e9d592f0555f0e438f8c0a718fff0a8"
"ARCHIVE/ignored-local/wix-media-intake/images/Gardenview teaser trailer snapshot2.png","MEDIA/IMAGES/gardenview-teaser-trailer-snapshot2.png","image","1074321","18c1ccb477cb2c04fef3db591a7fc28695febd9db788339acc76a513943ca666"
"ARCHIVE/ignored-local/wix-media-intake/images/GARDENVIEW_album_cover(1)--exact-duplicate-2.jpg","MEDIA/IMAGES/gardenview-album-cover-1.jpg","image","980992","4fe25c99939360d208282ab2e7983a2b3c15e3660acaa5e86c425f0f5c4b4de1"
"ARCHIVE/ignored-local/wix-media-intake/images/GARDENVIEW_album_cover(1).jpg","MEDIA/IMAGES/gardenview-album-cover-1-alternate-02.jpg","image","980992","4fe25c99939360d208282ab2e7983a2b3c15e3660acaa5e86c425f0f5c4b4de1"
"ARCHIVE/ignored-local/wix-media-intake/images/GARDENVIEW_album_cover(2)--exact-duplicate-2.jpg","MEDIA/IMAGES/gardenview-album-cover-2.jpg","image","894288","2ea6a1604340f8c63e42532a6728c64540f8ce8e1b7c5e050558e064a05150d5"
"ARCHIVE/ignored-local/wix-media-intake/images/GARDENVIEW_album_cover(2).jpg","MEDIA/IMAGES/gardenview-album-cover-2-alternate-02.jpg","image","894288","2ea6a1604340f8c63e42532a6728c64540f8ce8e1b7c5e050558e064a05150d5"
"ARCHIVE/ignored-local/wix-media-intake/images/GARDENVIEW_album_cover(3).jpg","MEDIA/IMAGES/gardenview-album-cover-3.jpg","image","1003907","f02c0d2cd5b67b94f8fa241ea3ab0e296d80db9933baef5201788434aac0f558"
"ARCHIVE/ignored-local/wix-media-intake/images/GARDENVIEW_album_cover(4)--exact-duplicate-2.jpg","MEDIA/IMAGES/gardenview-album-cover-4.jpg","image","804082","1326107f73d9f885ed9de819ff6f7e4b42e33221dd44eba28eca3ece4dc4d53b"
"ARCHIVE/ignored-local/wix-media-intake/images/GARDENVIEW_album_cover(4).jpg","MEDIA/IMAGES/gardenview-album-cover-4-alternate-02.jpg","image","804082","1326107f73d9f885ed9de819ff6f7e4b42e33221dd44eba28eca3ece4dc4d53b"
"ARCHIVE/ignored-local/wix-media-intake/images/GARDENVIEW_album_cover(5)--exact-duplicate-2.jpg","MEDIA/IMAGES/gardenview-album-cover-5.jpg","image","572954","aac6c8cb94215fc41ff7c54ac26a5ca43ba85b3d0b730965a3bdd9a0b20c5bf3"
"ARCHIVE/ignored-local/wix-media-intake/images/GARDENVIEW_album_cover(5).jpg","MEDIA/IMAGES/gardenview-album-cover-5-alternate-02.jpg","image","572954","aac6c8cb94215fc41ff7c54ac26a5ca43ba85b3d0b730965a3bdd9a0b20c5bf3"
"ARCHIVE/ignored-local/wix-media-intake/images/GARDENVIEW_album_cover(6).jpg","MEDIA/IMAGES/gardenview-album-cover-6.jpg","image","1358697","f13a39ae6fdc873b4901fe09e911c40b1453662f17614c3df8b27a51b116e876"
"ARCHIVE/ignored-local/wix-media-intake/images/GARDENVIEW_press_kit(1)_edited.jpg","MEDIA/IMAGES/gardenview-press-kit-1-edited.jpg","image","3895043","7af4349e49e8a99ee69799616b7990104f0a53019e9c5d614220ea1a0afb96da"
"ARCHIVE/ignored-local/wix-media-intake/images/GARDENVIEW_press_kit(1)--exact-duplicate-2.jpg","MEDIA/IMAGES/gardenview-press-kit-1.jpg","image","1185865","3148512643e15e89d3cd9761b0a7decae1e6067a04b11ba4329a9b8b029bce24"
"ARCHIVE/ignored-local/wix-media-intake/images/GARDENVIEW_press_kit(1).jpg","MEDIA/IMAGES/gardenview-press-kit-1-alternate-02.jpg","image","1185865","3148512643e15e89d3cd9761b0a7decae1e6067a04b11ba4329a9b8b029bce24"
"ARCHIVE/ignored-local/wix-media-intake/images/Gavin Checkmark Audio Music Studio Albuquerque.jpg","MEDIA/IMAGES/gavin-checkmark-audio-music-studio-albuquerque.jpg","image","3634780","0ecf703480d5f1bcd9c6ecf3b30784cb2cc0e11cf8b2209613152f6f6cce2d22"
"ARCHIVE/ignored-local/wix-media-intake/images/Gavin Hammond Piano Lessons Piano","MEDIA/IMAGES/gavin-hammond-piano-lessons-piano.jpg","image","2460501","f1d631594ce1016f308c54c556f61d9ce5317857cce2115a194d5ec8f4675428"
"ARCHIVE/ignored-local/wix-media-intake/images/Gavin Hammond Piano Lessons Piano.jpg","MEDIA/UNREADABLE/gavin-hammond-piano-lessons-piano-unreadable.jpg","image","0","e3b0c44298fc1c149afbf4c8996fb92427ae41e4649b934ca495991b7852b855"
"ARCHIVE/ignored-local/wix-media-intake/images/Gavin Hammond Piano Teacher Picture","MEDIA/IMAGES/gavin-hammond-piano-teacher-picture.jpg","image","344920","77955f9b3b5c2bfe3cecb38b451f0a72b3d5b4ba15bc481c654e2c22db759082"
"ARCHIVE/ignored-local/wix-media-intake/images/Gavin Hammond Piano Teacher Picture-5f9726d0dbbf4b8b8ee8b2fc50ac2f7b","MEDIA/IMAGES/gavin-hammond-piano-teacher-picture-variant-02.jpg","image","212319","f084758dbc38b511e2f6873193e1ddf006c38c72e99605fc4bda53307465fcdc"
"ARCHIVE/ignored-local/wix-media-intake/images/Gavin Hammond Piano Teacher Picture-8c2b7ca73a9a4fd5a475de773386c612","MEDIA/IMAGES/gavin-hammond-piano-teacher-picture-variant-03.jpg","image","211426","5d7f77a33c7e29fee67e84168e247482f41f1a610a0bc2bb45dac34df7f76c4f"
"ARCHIVE/ignored-local/wix-media-intake/images/Gavin Hammond Piano Teacher Picture.jpg","MEDIA/UNREADABLE/gavin-hammond-piano-teacher-picture-unreadable.jpg","image","0","e3b0c44298fc1c149afbf4c8996fb92427ae41e4649b934ca495991b7852b855"
"ARCHIVE/ignored-local/wix-media-intake/images/Gavin Hammond Piano Teaching 5 star Review","MEDIA/IMAGES/gavin-hammond-piano-teaching-5-star-review.jpg","image","60799","32b7aeadf99b08a48fa3cdfeb0c98b748822b931c94c9b3622c60af29fbe711e"
"ARCHIVE/ignored-local/wix-media-intake/images/Gavin Hammond Piano Teaching 5 star Review.jpg","MEDIA/UNREADABLE/gavin-hammond-piano-teaching-5-star-review-unreadable.jpg","image","0","e3b0c44298fc1c149afbf4c8996fb92427ae41e4649b934ca495991b7852b855"
"ARCHIVE/ignored-local/wix-media-intake/images/Gavin Hammond Piano Teaching five star review john","MEDIA/IMAGES/gavin-hammond-piano-teaching-five-star-review-john.jpg","image","18005","b019916fa1580a8457b0354178ac71c7b7af2e0356b7a58d1472fc208871fc00"
"ARCHIVE/ignored-local/wix-media-intake/images/Gavin Hammond Piano Teaching five star review john.jpg","MEDIA/UNREADABLE/gavin-hammond-piano-teaching-five-star-review-john-unreadable.jpg","image","0","e3b0c44298fc1c149afbf4c8996fb92427ae41e4649b934ca495991b7852b855"
"ARCHIVE/ignored-local/wix-media-intake/images/Gavin Hammond Piano Teaching Good Review","MEDIA/IMAGES/gavin-hammond-piano-teaching-good-review.jpg","image","512527","439abd63f59cb02b29c2f96001278cbf1c7154acb567e2f785be18ba134b3886"
"ARCHIVE/ignored-local/wix-media-intake/images/Gavin Hammond Piano Teaching Good Review Hodes","MEDIA/IMAGES/gavin-hammond-piano-teaching-good-review-hodes.jpg","image","975982","e7470735ae7b53d4e485271f119ba62254525be5eb2ef5f6e6e936bf8574f97c"
"ARCHIVE/ignored-local/wix-media-intake/images/Gavin Hammond Piano Teaching Good Review Hodes-1b2e73ccaa424965bff1fab51cca1a57","MEDIA/IMAGES/gavin-hammond-piano-teaching-good-review-hodes-variant-02.jpg","image","1275912","a2867c389573c9872e63463e884401de6abfa00bb6b77e76d1dd5b8480dd910e"
"ARCHIVE/ignored-local/wix-media-intake/images/Gavin Hammond Piano Teaching Good Review Hodes.jpg","MEDIA/UNREADABLE/gavin-hammond-piano-teaching-good-review-hodes-unreadable.jpg","image","0","e3b0c44298fc1c149afbf4c8996fb92427ae41e4649b934ca495991b7852b855"
"ARCHIVE/ignored-local/wix-media-intake/images/Gavin Hammond Piano Teaching Good Review.jpg","MEDIA/UNREADABLE/gavin-hammond-piano-teaching-good-review-unreadable.jpg","image","0","e3b0c44298fc1c149afbf4c8996fb92427ae41e4649b934ca495991b7852b855"
"ARCHIVE/ignored-local/wix-media-intake/images/Gavin Hammond Piano Teaching Piano","MEDIA/IMAGES/gavin-hammond-piano-teaching-piano.jpg","image","261323","d5d5c2d5fc28abeecde6872afffb62c7dd03426ef45e5d93357c5ed4718f3252"
"ARCHIVE/ignored-local/wix-media-intake/images/Gavin Hammond Piano Teaching Piano-0c55fe2208504c3b846ba8c4a70fa092","MEDIA/IMAGES/gavin-hammond-piano-teaching-piano-variant-02.jpg","image","232424","21b96995594eb93a811dd18a4351ea3ce3d0bfea3d2c72a94709a5e2fa977a20"
"ARCHIVE/ignored-local/wix-media-intake/images/Gavin Hammond Piano Teaching Piano-3c6b92d9eb364516b9bd64308dadd96e","MEDIA/IMAGES/gavin-hammond-piano-teaching-piano-variant-03.jpg","image","2541632","75272362d34d0dd9a08c8222fc6b135acb87f27146b94ae945e6bb3e84f859d5"
"ARCHIVE/ignored-local/wix-media-intake/images/Gavin Hammond Piano Teaching Piano-41f3d33e1f9145689e60d64d61bd7274","MEDIA/IMAGES/gavin-hammond-piano-teaching-piano-variant-04.jpg","image","4307620","9abfbbebccd0f3e7d5ca8187e8540d756e06b2b344ce50d580b3e0f93cf57709"
"ARCHIVE/ignored-local/wix-media-intake/images/Gavin Hammond Piano Teaching Piano-8bae3218a9fd485fb3bf8ce1f8c36151","MEDIA/IMAGES/gavin-hammond-piano-teaching-piano-variant-05.jpg","image","306195","bc58c9793c45e4954e6defc087c7b6b61a54c86e579df8b528d1ef6a886bce3d"
"ARCHIVE/ignored-local/wix-media-intake/images/Gavin Hammond Piano Teaching Piano-a194f661e15d4945b986610137d8ecbb","MEDIA/IMAGES/gavin-hammond-piano-teaching-piano-variant-06.jpg","image","3000023","3904135879c26cc7a390b6cf0f0951eb1a851f3645fece68b81b0fe764cda1ea"
"ARCHIVE/ignored-local/wix-media-intake/images/Gavin Hammond Piano Teaching Piano.jpg","MEDIA/UNREADABLE/gavin-hammond-piano-teaching-piano-unreadable.jpg","image","0","e3b0c44298fc1c149afbf4c8996fb92427ae41e4649b934ca495991b7852b855"
"ARCHIVE/ignored-local/wix-media-intake/images/Gavin Hammond playing piano.png","MEDIA/IMAGES/gavin-hammond-playing-piano.png","image","984233","50c2b7c4805aa090b862da12b6c6ac661627dd7b23c496e8097d5f8a0ce2729b"
"ARCHIVE/ignored-local/wix-media-intake/images/Gavin Music Studio Pic Checkmark Audio Homepage.jpg","MEDIA/IMAGES/gavin-founder-of-checkmark-audio-in-front-of-a-wall-of-audio-equipment-symbolizing-the-creative-and-welcoming-environment.jpg","image","6504428","2133111adda008d08d4b3e6f632091fe9c569866c3feaed625767bacd816a48f"
"ARCHIVE/ignored-local/wix-media-intake/images/Gavin Profile 2--zero-placeholder-2.jpg","MEDIA/UNREADABLE/gavin-profile-2-unreadable.jpg","image","0","e3b0c44298fc1c149afbf4c8996fb92427ae41e4649b934ca495991b7852b855"
"ARCHIVE/ignored-local/wix-media-intake/images/Gavin Profile 2.jpg","MEDIA/UNREADABLE/gavin-profile-2-unreadable-variant-02.jpg","image","0","e3b0c44298fc1c149afbf4c8996fb92427ae41e4649b934ca495991b7852b855"
"ARCHIVE/ignored-local/wix-media-intake/images/Gavin, founder of Checkmark Audio, in front of a wall of audio equipment, symbolizing the creative and welcoming environment.jpg","MEDIA/IMAGES/gavin-founder-of-checkmark-audio-in-front-of-a-wall-of-audio-equipment-symbolizing-the-creative-and-welcoming-environment-alternate-02.jpg","image","6504428","2133111adda008d08d4b3e6f632091fe9c569866c3feaed625767bacd816a48f"
"ARCHIVE/ignored-local/wix-media-intake/images/Gavin2.jpg","MEDIA/IMAGES/gavin2.jpg","image","9297456","9c90ec50a8799f6e81251cc129fe1f76a8f27e3882c6ef5d37eb6bd900d8c838"
"ARCHIVE/ignored-local/wix-media-intake/images/Gavin3(edit).jpg","MEDIA/IMAGES/gavin3-edit.jpg","image","15607239","ff3c563db0b9e6ae449a546129030dbb63605d9ec614878985a45aeb0464b59e"
"ARCHIVE/ignored-local/wix-media-intake/images/GavinStudioPic_1_2_edited.png","MEDIA/IMAGES/gavinstudiopic-1-2-edited.png","image","3548376","64bc97c4a4c98431d22911d52c226f8ea76c466e8de54056a9f8e95ce7e4447a"
"ARCHIVE/ignored-local/wix-media-intake/images/GavinStudioPic_1_2.jpg","MEDIA/IMAGES/gavinstudiopic-1-2.jpg","image","7537918","1d5f4e8f9a9727f79733307b1dcd4e38e60b6c6d8e4c2b9e016639f296d65ab4"
"ARCHIVE/ignored-local/wix-media-intake/images/GavinStudioPic2_edited_edited_edited.png","MEDIA/IMAGES/gavinstudiopic2-edited-edited-edited.png","image","2652829","d6c8ac3a4783020870bc13000739ec77a247064803c22fa8e177a895b30c6eec"
"ARCHIVE/ignored-local/wix-media-intake/images/GavinStudioPic2_edited_edited.png","MEDIA/IMAGES/gavinstudiopic2-edited-edited.png","image","2509853","dba85f525f26c4472d393c7ab52ed2e11495fcdd5fa725e213b8f9c22cd27d89"
"ARCHIVE/ignored-local/wix-media-intake/images/GavinStudioPic2_edited.png","MEDIA/IMAGES/gavinstudiopic2-edited.png","image","2633878","1d466b5e93ff86bcb15dda78eaccd014179448d2b6269100c3473ba93b153368"
"ARCHIVE/ignored-local/wix-media-intake/images/Gemini_Generated_Image_5k0zpw5k0zpw5k0z--exact-duplicate-2.png","MEDIA/IMAGES/gemini-generated-image-5k0zpw5k0zpw5k0z.png","image","1043382","141a7e5420561175dda9ad4f9b86d3a8b5ca8404480dfb73eda99c08461f9339"
"ARCHIVE/ignored-local/wix-media-intake/images/Gemini_Generated_Image_5k0zpw5k0zpw5k0z.png","MEDIA/IMAGES/gemini-generated-image-5k0zpw5k0zpw5k0z-alternate-02.png","image","1043382","141a7e5420561175dda9ad4f9b86d3a8b5ca8404480dfb73eda99c08461f9339"
"ARCHIVE/ignored-local/wix-media-intake/images/Gregorio & The Unknown_1--exact-duplicate-2.jpg","MEDIA/IMAGES/gregorio-and-the-unknown-1.jpg","image","271339","ce760c9c70b996256b39f50b3bb221bfabdd4c9631ffa48153b2f0a9c79c181c"
"ARCHIVE/ignored-local/wix-media-intake/images/Gregorio & The Unknown_1.jpg","MEDIA/IMAGES/gregorio-and-the-unknown-1-alternate-02.jpg","image","271339","ce760c9c70b996256b39f50b3bb221bfabdd4c9631ffa48153b2f0a9c79c181c"
"ARCHIVE/ignored-local/wix-media-intake/images/Gregorio and the Unknown Artist Cafe Music Artist Bottom Footer--exact-duplicate-2.jpg","MEDIA/IMAGES/gregorio-and-the-unknown-artist-cafe-music-artist-bottom-footer.jpg","image","107862","b131b6cf3d6ca3c02379595739aff26ffbff981d8d3711c7e0273e7b2ccbd29b"
"ARCHIVE/ignored-local/wix-media-intake/images/Gregorio and the Unknown Artist Cafe Music Artist Bottom Footer.jpg","MEDIA/IMAGES/gregorio-and-the-unknown-artist-cafe-music-artist-bottom-footer-alternate-02.jpg","image","107862","b131b6cf3d6ca3c02379595739aff26ffbff981d8d3711c7e0273e7b2ccbd29b"
"ARCHIVE/ignored-local/wix-media-intake/images/Guitar Header_2--exact-duplicate-2.jpeg","MEDIA/IMAGES/guitar-header-2.jpeg","image","480989","a6a2a6d2ecc55c86097f72561a896eabbcf6dd6e137f0fb59c2f6b91a5e2ff0c"
"ARCHIVE/ignored-local/wix-media-intake/images/Guitar Header_2.jpeg","MEDIA/IMAGES/guitar-header-2-alternate-02.jpeg","image","480989","a6a2a6d2ecc55c86097f72561a896eabbcf6dd6e137f0fb59c2f6b91a5e2ff0c"
"ARCHIVE/ignored-local/wix-media-intake/images/Guitar image header_edited--exact-duplicate-2.jpg","MEDIA/IMAGES/guitar-image-header-edited.jpg","image","1449839","4d6ca22044ed609c96fe3c79d4769e7ce6fb199daa1fdb7ddb0de496dd025f79"
"ARCHIVE/ignored-local/wix-media-intake/images/Guitar image header_edited.jpg","MEDIA/IMAGES/guitar-image-header-edited-alternate-02.jpg","image","1449839","4d6ca22044ed609c96fe3c79d4769e7ce6fb199daa1fdb7ddb0de496dd025f79"
"ARCHIVE/ignored-local/wix-media-intake/images/Guitar image header--exact-duplicate-2.png","MEDIA/IMAGES/guitar-image-header.png","image","3470911","ddf22e6dcd64234b8f235b1401ce28f450802e63a0289424a14e84cab7bd632e"
"ARCHIVE/ignored-local/wix-media-intake/images/Guitar image header.png","MEDIA/IMAGES/guitar-image-header-alternate-02.png","image","3470911","ddf22e6dcd64234b8f235b1401ce28f450802e63a0289424a14e84cab7bd632e"
"ARCHIVE/ignored-local/wix-media-intake/images/Guitar Lessons pic.jpg","MEDIA/IMAGES/guitar-lessons-pic.jpg","image","932482","5983550874e4492b68d074549a31f20dbcafad0c2c57fe696f014d0ad8f3acf5"
"ARCHIVE/ignored-local/wix-media-intake/images/Guitar_edited.jpg","MEDIA/IMAGES/guitar-edited.jpg","image","915748","743bb5bfa93d27517233874a34b7a799908a681e10025eac61919075ad5f8661"
"ARCHIVE/ignored-local/wix-media-intake/images/Guitar.avif","MEDIA/IMAGES/guitar.avif","image","133724","e8c394edd13ac3fc4fc16cda7c1f7065756273720ac9211f435c91c4ad324673"
"ARCHIVE/ignored-local/wix-media-intake/images/GuitarWesiteBrg.jpg","MEDIA/IMAGES/guitarwesitebrg.jpg","image","303197","09cce902d2d5f915f9637c43dd651b774cd1271f3bd8f45e2598672c4adb5dce"
"ARCHIVE/ignored-local/wix-media-intake/images/HAVEN_album_cover(1)--exact-duplicate-2.jpg","MEDIA/IMAGES/haven-album-cover-1.jpg","image","1188173","9edfae973673e739db5266b3ac3598ad0cb53a41ae9277446c0d341be586f82f"
"ARCHIVE/ignored-local/wix-media-intake/images/HAVEN_album_cover(1).jpg","MEDIA/IMAGES/haven-album-cover-1-alternate-02.jpg","image","1188173","9edfae973673e739db5266b3ac3598ad0cb53a41ae9277446c0d341be586f82f"
"ARCHIVE/ignored-local/wix-media-intake/images/Hero - David-Thumbnail.jpg","MEDIA/IMAGES/hero-david-thumbnail.jpg","image","153462","289daa0bf4bea50cf801c32ed2cc43afcb6e2bf99ef1377870e8f23690d900a6"
"ARCHIVE/ignored-local/wix-media-intake/images/HEYMILLIE(2)--exact-duplicate-2.jpg","MEDIA/IMAGES/heymillie-2.jpg","image","467331","c6e79af1345642909cab2e8cf7bd4a9c1484894c4d3c10e406041dbfc4225ca9"
"ARCHIVE/ignored-local/wix-media-intake/images/HEYMILLIE(2).jpg","MEDIA/IMAGES/heymillie-2-alternate-02.jpg","image","467331","c6e79af1345642909cab2e8cf7bd4a9c1484894c4d3c10e406041dbfc4225ca9"
"ARCHIVE/ignored-local/wix-media-intake/images/I Wanna Be Free-Thumbnail.jpg","MEDIA/IMAGES/i-wanna-be-free-thumbnail.jpg","image","89651","7030b8484f0fc94ab7b47093c4c7f2c6a4d8abfb81c10ff1c8b6b65f94479eeb"
"ARCHIVE/ignored-local/wix-media-intake/images/icons_1_edited--exact-duplicate-2.png","MEDIA/IMAGES/circular-logo-pattern-small-source.png","image","4509","95bff35c3ca387fa1e0fc80b25cda6db10c7ad92e240be07a07c51cad6a968e8"
"ARCHIVE/ignored-local/wix-media-intake/images/icons_1_edited.png","MEDIA/IMAGES/circular-logo-pattern-small-source-alternate-02.png","image","4509","95bff35c3ca387fa1e0fc80b25cda6db10c7ad92e240be07a07c51cad6a968e8"
"ARCHIVE/ignored-local/wix-media-intake/images/icons_2_edited.png","MEDIA/IMAGES/circular-logo-pattern-blur-source.png","image","11871","799d07da942567f6f6e2c6f8de7589c4ba32dd80dc3f016cb2e42632bf13510f"
"ARCHIVE/ignored-local/wix-media-intake/images/icons_3_edited.png","MEDIA/IMAGES/circular-logo-pattern-large-source.png","image","11733","6f5f48641f26f556a7ea143cb92e586be7626224304f7b81bafabf17c175255a"
"ARCHIVE/ignored-local/wix-media-intake/images/Image_edited.jpg","MEDIA/IMAGES/checkmark-audio-image-13b7a50da8.jpg","image","431889","13b7a50da8aa82c1a9866d182d65176aa71ddae59952261f2c70a800c169f912"
"ARCHIVE/ignored-local/wix-media-intake/images/Image-1140c8a8584a4129abdc7a5bc3ab3486.png","MEDIA/IMAGES/checkmark-audio-image-b11c6a4243.png","image","1079998","b11c6a424341c136b095278901b7dd66f1d18b857fa27609de0187e9aeffa3df"
"ARCHIVE/ignored-local/wix-media-intake/images/Image-1cce32d7a29c4084b2e197602841ad6d.png","MEDIA/IMAGES/checkmark-audio-image-e943bbf8b4.png","image","1609513","e943bbf8b40dcb8b6d328ed02089d74ca9da661d030a213f4926384a56a5300f"
"ARCHIVE/ignored-local/wix-media-intake/images/Image-707ff8adad654a86a31ef3629c251e74.png","MEDIA/IMAGES/checkmark-audio-image-e943bbf8b4-alternate-02.png","image","1609513","e943bbf8b40dcb8b6d328ed02089d74ca9da661d030a213f4926384a56a5300f"
"ARCHIVE/ignored-local/wix-media-intake/images/Image-b7e85629e4c04e808912725eadd8e65f.png","MEDIA/IMAGES/checkmark-audio-image-4ec008ac5b.png","image","1622769","4ec008ac5b698bad18784266a96ddca32eb5556dea513ccdfa21f270e9a50631"
"ARCHIVE/ignored-local/wix-media-intake/images/Image.png","MEDIA/IMAGES/checkmark-audio-image-a075344070.png","image","808911","a075344070e1579e98d4e5f555a65c602ae27ed3002c4e0bc5b1b7d543b85ab2"
"ARCHIVE/ignored-local/wix-media-intake/images/IMG_20201208_182720885-3750e034b40f4806afcb5ffb5f4d1b05.jpg","MEDIA/IMAGES/checkmark-audio-image-924fc349eb.jpg","image","3370106","924fc349eb2190ea8590bc4476b5efada1c0f9d2bdc287641040ac25ac3a685e"
"ARCHIVE/ignored-local/wix-media-intake/images/IMG_20201208_182720885.jpg","MEDIA/IMAGES/checkmark-audio-image-924fc349eb-alternate-02.jpg","image","3370106","924fc349eb2190ea8590bc4476b5efada1c0f9d2bdc287641040ac25ac3a685e"
"ARCHIVE/ignored-local/wix-media-intake/images/IMG_20201208_184258062_HDR.jpg","MEDIA/IMAGES/checkmark-audio-image-1cdcd3fd4e.jpg","image","3683574","1cdcd3fd4eb238f34b86de090bb0af11bc4390d730327a0cda9811ed1d82f612"
"ARCHIVE/ignored-local/wix-media-intake/images/IMG_4426 3(1)--exact-duplicate-2.jpg","MEDIA/IMAGES/checkmark-audio-image-d370ee2a8d.jpg","image","1494824","d370ee2a8d5a9b6ae4d3931906ed4405f42ff90ef2cd29013aaeb1d3767fc5ee"
"ARCHIVE/ignored-local/wix-media-intake/images/IMG_4426 3(1).jpg","MEDIA/IMAGES/checkmark-audio-image-d370ee2a8d-alternate-02.jpg","image","1494824","d370ee2a8d5a9b6ae4d3931906ed4405f42ff90ef2cd29013aaeb1d3767fc5ee"
"ARCHIVE/ignored-local/wix-media-intake/images/img_6246.jpg","MEDIA/IMAGES/checkmark-audio-image-fa7ca84cfe.jpg","image","25722","fa7ca84cfe1c4e649db0505e979038c728391eff3b6c26505584c22620dcb4a0"
"ARCHIVE/ignored-local/wix-media-intake/images/img_6261_edited.jpg","MEDIA/IMAGES/checkmark-audio-image-7582c605bf.jpg","image","19150","7582c605bf5ab8de38fbd1717f2e430558591e154d9a6a42d4728053cb244c88"
"ARCHIVE/ignored-local/wix-media-intake/images/img_6261.jpeg","MEDIA/IMAGES/checkmark-audio-image-70cd5c0abc.jpeg","image","147125","70cd5c0abcc627d4b139825bc6dfe0389e1debca0640c686d270e7128cacf637"
"ARCHIVE/ignored-local/wix-media-intake/images/inthestudio.jpeg","MEDIA/IMAGES/inthestudio.jpeg","image","11133497","225b6a61cd7cdd2cb52ac5f8e22d0981fc96e3d1445b017e4ff51ec1145b0091"
"ARCHIVE/ignored-local/wix-media-intake/images/inthestudio.jpeg.png","MEDIA/UNREADABLE/inthestudio-jpeg-unreadable.png","image","0","e3b0c44298fc1c149afbf4c8996fb92427ae41e4649b934ca495991b7852b855"
"ARCHIVE/ignored-local/wix-media-intake/images/IntheStudio1.jpg","MEDIA/IMAGES/inthestudio1.jpg","image","9341748","0790e4bad757e2c55e467349412403bd86f378a917a36f6410ca45e26e307d9e"
"ARCHIVE/ignored-local/wix-media-intake/images/Inthestudio2(edt).jpg","MEDIA/IMAGES/checkmark-audio-image-7db224a4b6.jpg","image","16210301","7db224a4b6e528e1ae98394d56a671051e97332db18c61c628db183a1180e0b7"
"ARCHIVE/ignored-local/wix-media-intake/images/inthestudio3.jpg","MEDIA/IMAGES/two-people-control-room-source.jpg","image","10523904","4cf526ac65527568d4f83a6b96867228f4c2251029f6e5378594307fae770b38"
"ARCHIVE/ignored-local/wix-media-intake/images/Inthestudio3(edit).jpg","MEDIA/IMAGES/vocal-booth-artist-back-source.jpg","image","16833350","2d3d558777b20844c2dc1cd9ad328e06622dc536ef5d46bd838fa59672a2ba39"
"ARCHIVE/ignored-local/wix-media-intake/images/LAFS logo 3.png","MEDIA/IMAGES/los-angeles-film-school-logo-source.png","image","54547","87b217975b8122eb2600768daa53aa883405fa2370d9b72f8fc42213d3b4b6a5"
"ARCHIVE/ignored-local/wix-media-intake/images/LAFS logo.png","MEDIA/IMAGES/lafs-logo.png","image","27894","733a1d98cb54017747d7f3d459db1a3dbf583944715267cf8b9334bab848ce8b"
"ARCHIVE/ignored-local/wix-media-intake/images/Library of congress.webp","MEDIA/IMAGES/library-logo-source.webp","image","11320","5ac9cf10845290bf4f47c02420e36f5e9d5d0571944b218115843311739e3f25"
"ARCHIVE/ignored-local/wix-media-intake/images/Library Sign.png","MEDIA/IMAGES/library-sign.png","image","281904","6223ad411295dbc794d4d3f57d726aab0222ac861028695cf62fced9a51f322d"
"ARCHIVE/ignored-local/wix-media-intake/images/Lobo Rap Group.jpeg","MEDIA/IMAGES/lobo-rap-group.jpeg","image","105098","0bbc0c03f0dd57cec44efd94bc669561d5637f191b26f2985cdfcdc18868b5ed"
"ARCHIVE/ignored-local/wix-media-intake/images/Logo Gold_Transparent--exact-duplicate-2.png","MEDIA/IMAGES/logo-gold-transparent.png","image","784820","98abe09a02457d2ee33dbfd9e14293efb311092e3822e507553d7a68b05a7beb"
"ARCHIVE/ignored-local/wix-media-intake/images/Logo Gold_Transparent.png","MEDIA/IMAGES/logo-gold-transparent-alternate-02.png","image","784820","98abe09a02457d2ee33dbfd9e14293efb311092e3822e507553d7a68b05a7beb"
"ARCHIVE/ignored-local/wix-media-intake/images/Logo_CMA_Recording Studio.jpg","MEDIA/IMAGES/checkmark-audio-music-studio-logo-2-alternate-02.jpg","image","860525","e03b9a3c299613b28b6955a83d8fc8bc37e74b746a669e05085453819acd40b3"
"ARCHIVE/ignored-local/wix-media-intake/images/MarsArtistshot.jpg","MEDIA/IMAGES/a-side-profile-of-a-marz-at-checkmark-audio-wearing-sunglasses-and-a-jersey-with-his-hair-styled-in-braids-alternate-02.jpg","image","9459249","1e897a090c9ba6da0851e18845398bcab63959311227f99026b5d12b58c62622"
"ARCHIVE/ignored-local/wix-media-intake/images/Marz.png","MEDIA/IMAGES/marz.png","image","9025641","f0bec9fa26782cfe172fc16c7771b54d951631c2b3ba0951b5f1e89164073249"
"ARCHIVE/ignored-local/wix-media-intake/images/MarzCubist.jpg","MEDIA/IMAGES/marzcubist.jpg","image","6136520","4fb60a4d616e61371da98dda46c430acd0e414fba79dc0a5b6435ce07e2f3de7"
"ARCHIVE/ignored-local/wix-media-intake/images/Marzgraphic5.png","MEDIA/IMAGES/marzgraphic5.png","image","7859182","59e053c42ebc41fc077a87f9766e3a9b3740b5b92f91506786db73670c57919a"
"ARCHIVE/ignored-local/wix-media-intake/images/Megan Profile1--zero-placeholder-2.jpg","MEDIA/UNREADABLE/megan-profile1-unreadable.jpg","image","0","e3b0c44298fc1c149afbf4c8996fb92427ae41e4649b934ca495991b7852b855"
"ARCHIVE/ignored-local/wix-media-intake/images/Megan Profile1.jpg","MEDIA/UNREADABLE/megan-profile1-unreadable-variant-02.jpg","image","0","e3b0c44298fc1c149afbf4c8996fb92427ae41e4649b934ca495991b7852b855"
"ARCHIVE/ignored-local/wix-media-intake/images/mic(1).jpg","MEDIA/IMAGES/checkmark-audio-image-1378f8a567.jpg","image","13429951","1378f8a5673b28d275679edb160ef14db24dee32aec946ad00ff44d14d53b1dc"
"ARCHIVE/ignored-local/wix-media-intake/images/MiliAlbumCover(1)--exact-duplicate-2.jpg","MEDIA/IMAGES/milialbumcover-1.jpg","image","1343269","49201562f5446cbeb3ae47825854dd5645e0d298f7867d217acc13d0b2647367"
"ARCHIVE/ignored-local/wix-media-intake/images/MiliAlbumCover(1).jpg","MEDIA/IMAGES/milialbumcover-1-alternate-02.jpg","image","1343269","49201562f5446cbeb3ae47825854dd5645e0d298f7867d217acc13d0b2647367"
"ARCHIVE/ignored-local/wix-media-intake/images/milli.jpg","MEDIA/IMAGES/milli.jpg","image","9482874","290264f4d73dbc00067e47b263afb75e16858dc1fe62a7aab204bd54e0dc2b40"
"ARCHIVE/ignored-local/wix-media-intake/images/MILLIE_album_cover(2).jpg","MEDIA/IMAGES/millie-album-cover-2.jpg","image","1610706","a36297a1f93dd6590cb7c5ef51d35f6236c6ea7465ae2be1f4030901eea8012e"
"ARCHIVE/ignored-local/wix-media-intake/images/MILLIE_GRAPHIC2.png","MEDIA/IMAGES/millie-graphic2.png","image","6929501","f1b025e44d8fa620847c33167761c61315478aefce3993b26c024ad80ea4d753"
"ARCHIVE/ignored-local/wix-media-intake/images/music artist.jpg","MEDIA/IMAGES/checkmark-audio-image-1b03d3b376.jpg","image","946806","1b03d3b376bff2ec12d625b3844f19e110462318c33c70229ab01037c762f3eb"
"ARCHIVE/ignored-local/wix-media-intake/images/music note.png","MEDIA/IMAGES/checkmark-audio-image-233931ffd9.png","image","128629","233931ffd9ba14d88113ed4ae29b5f91aa1e5d1d3aa718f51f901790ce97d6a1"
"ARCHIVE/ignored-local/wix-media-intake/images/Music Studio","MEDIA/IMAGES/checkmark-audio-image-abab8d401a.jpg","image","541756","abab8d401aeea40fb366ceb40de2733b6d3b858a9baf871eac100a961140ad5a"
"ARCHIVE/ignored-local/wix-media-intake/images/music studio desk checkmark audio","MEDIA/IMAGES/music-studio-desk-checkmark-audio.jpg","image","1980438","6c82739c1b590aa7dab415786afc0b082a49fab4d8aef16e83ac1710fe17c9df"
"ARCHIVE/ignored-local/wix-media-intake/images/Music Studio Desk Checkmark Audio-47382b31f8e74d228927dd7c50b43924","MEDIA/IMAGES/music-studio-desk-checkmark-audio-variant-02.jpg","image","89765","466167ba13ab38d2a83a674e3673f7a01d45d3a6aa151a679d86338fa09bc39d"
"ARCHIVE/ignored-local/wix-media-intake/images/music studio desk checkmark audio-49a7327cb78c46c3974f232f77eb5c61","MEDIA/IMAGES/music-studio-desk-checkmark-audio-variant-03.jpg","image","120215","e42c6c13b231f33e6cbee189e018a184b96bdc2cdd0d22a98a2df0d80f3961c4"
"ARCHIVE/ignored-local/wix-media-intake/images/Music Studio Desk Checkmark Audio-9d7d971f5cf84a5fb2dd8ffb55b92b03","MEDIA/IMAGES/music-studio-desk-checkmark-audio-variant-04.jpg","image","91118","3d0fefc2de36109df3ed99e004f325427be12c7eed0d46ec4e5e953b0456f87e"
"ARCHIVE/ignored-local/wix-media-intake/images/Music Studio Desk Checkmark Audio-df40b191e7734bd0b8bc8eb514bfa41e","MEDIA/IMAGES/music-studio-desk-checkmark-audio-variant-05.jpg","image","115193","98ff96fa73cea23cde41a9af1caac59e98f003db1620f6e5f51386d46c5f43b6"
"ARCHIVE/ignored-local/wix-media-intake/images/music studio desk checkmark audio-e38a7c9799e94994b4957dd521ededf6","MEDIA/IMAGES/music-studio-desk-checkmark-audio-variant-06.jpg","image","12123598","e1eab1ef50e08d77d69029daa537dbf4984f5f4aa1d48af8bfc33f136edbcbdc"
"ARCHIVE/ignored-local/wix-media-intake/images/Music Studio Desk Checkmark Audio-e5852d6d33ef459d94b5c60afcea587c","MEDIA/IMAGES/music-studio-desk-checkmark-audio-variant-07.jpg","image","90413","6c436f4c4cc8e408ed1d95f13d5ba267d55b0662b505ab59ede4a827c3121d4a"
"ARCHIVE/ignored-local/wix-media-intake/images/music studio desk checkmark audio.jpg","MEDIA/UNREADABLE/music-studio-desk-checkmark-audio-unreadable.jpg","image","0","e3b0c44298fc1c149afbf4c8996fb92427ae41e4649b934ca495991b7852b855"
"ARCHIVE/ignored-local/wix-media-intake/images/Music Studio.jpg","MEDIA/UNREADABLE/checkmark-audio-image-e3b0c44298-unreadable.jpg","image","0","e3b0c44298fc1c149afbf4c8996fb92427ae41e4649b934ca495991b7852b855"
"ARCHIVE/ignored-local/wix-media-intake/images/NAMM.png","MEDIA/IMAGES/namm-logo-source.png","image","6851","cc194587fed1e89ba98de055d27014c00acdbed4ded8014be27e068a92451401"
"ARCHIVE/ignored-local/wix-media-intake/images/NEH 3--exact-duplicate-2.jpg","MEDIA/IMAGES/neh-3.jpg","image","19191","645220daef557a5d34100c67b05a9d2cafce4fff2ea3e825afd7fd9d4e3346db"
"ARCHIVE/ignored-local/wix-media-intake/images/NEH 3.jpg","MEDIA/IMAGES/neh-3-alternate-02.jpg","image","19191","645220daef557a5d34100c67b05a9d2cafce4fff2ea3e825afd7fd9d4e3346db"
"ARCHIVE/ignored-local/wix-media-intake/images/PersonalPortrait_edited_edited_edited_edited-013729d532954a578291ecde44c1cbd0.jpg","MEDIA/IMAGES/personalportrait-edited-edited-edited-edited.jpg","image","298211","ce529c3c3267c2f1bdd4f352e086587a7712825990010105519ad1028625bdd4"
"ARCHIVE/ignored-local/wix-media-intake/images/PersonalPortrait_edited_edited_edited_edited.jpg","MEDIA/IMAGES/personalportrait-edited-edited-edited-edited-variant-02.jpg","image","311944","933dcace042ce530930a1855c9c535755a1bca2d9325477ded8b615d02c4d3ac"
"ARCHIVE/ignored-local/wix-media-intake/images/PersonalPortrait_edited_edited_edited.jpg","MEDIA/IMAGES/personalportrait-edited-edited-edited.jpg","image","263938","77fb40df6512cfd66162bb73219add7de9f0f4f495b040b967808d7ba9107d64"
"ARCHIVE/ignored-local/wix-media-intake/images/PersonalPortrait_edited_edited.jpg","MEDIA/IMAGES/personalportrait-edited-edited.jpg","image","285748","3a1eb4c63d831752cbb3ea9d5182567a45596f888cc5543a49d090bac2414c87"
"ARCHIVE/ignored-local/wix-media-intake/images/PersonalPortrait_edited.jpg","MEDIA/IMAGES/personalportrait-edited.jpg","image","290818","c402beac26a11b4e97f6aeb3b765dd0d84362f07f706c9642e1a4196e50ef914"
"ARCHIVE/ignored-local/wix-media-intake/images/PersonalPortrait.jpg","MEDIA/IMAGES/personalportrait.jpg","image","2634709","b0e6deec17bd9614036f780db2a5a74d2262a54c4d072ce95164da55066c3635"
"ARCHIVE/ignored-local/wix-media-intake/images/Photo Jul 03, 7 27 07 PM_edited.jpg","MEDIA/UNREADABLE/photo-jul-03-7-27-07-pm-edited-unreadable.jpg","image","0","e3b0c44298fc1c149afbf4c8996fb92427ae41e4649b934ca495991b7852b855"
"ARCHIVE/ignored-local/wix-media-intake/images/Photo Jul 03, 7 27 07 PM.jpg","MEDIA/IMAGES/checkmark-audio-image-a8a822fa30.jpg","image","5825991","a8a822fa3080ca426311883f0e0f1c71667e3dd79842023fd2bffb8edb2d4ad1"
"ARCHIVE/ignored-local/wix-media-intake/images/Photo Jul 03, 7 27 15 PM_edited.jpg","MEDIA/UNREADABLE/photo-jul-03-7-27-15-pm-edited-unreadable.jpg","image","0","e3b0c44298fc1c149afbf4c8996fb92427ae41e4649b934ca495991b7852b855"
"ARCHIVE/ignored-local/wix-media-intake/images/Photo Jul 03, 7 27 15 PM-0e3740f7e19345769b8e01b8a394ad06.jpg","MEDIA/IMAGES/checkmark-audio-image-c26cd04e44.jpg","image","5651819","c26cd04e44b4e0e8dba63e0c16f6996bb30e55ac3e58bff2b08a9e3477dfd282"
"ARCHIVE/ignored-local/wix-media-intake/images/Photo Jul 03, 7 27 15 PM.jpg","MEDIA/IMAGES/checkmark-audio-image-c26cd04e44-alternate-02.jpg","image","5651819","c26cd04e44b4e0e8dba63e0c16f6996bb30e55ac3e58bff2b08a9e3477dfd282"
"ARCHIVE/ignored-local/wix-media-intake/images/Photo Jul 03, 7 27 30 PM.jpg","MEDIA/IMAGES/checkmark-audio-image-aa64bebf3c.jpg","image","6662781","aa64bebf3cc442432c81b8065ca7639a030ce09fd2890c4f1f25b153f266d2bc"
"ARCHIVE/ignored-local/wix-media-intake/images/Photo Jul 03, 7 28 26 PM_edited.jpg","MEDIA/UNREADABLE/photo-jul-03-7-28-26-pm-edited-unreadable.jpg","image","0","e3b0c44298fc1c149afbf4c8996fb92427ae41e4649b934ca495991b7852b855"
"ARCHIVE/ignored-local/wix-media-intake/images/Photo Jul 03, 7 28 26 PM.jpg","MEDIA/IMAGES/checkmark-audio-image-1d576b543b.jpg","image","4988571","1d576b543b53623f6f72c90959c5be173072aece6d5fe13ecc7eb6071dd53a98"
"ARCHIVE/ignored-local/wix-media-intake/images/Photo Jul 03, 7 28 49 PM.jpg","MEDIA/IMAGES/checkmark-audio-image-25d497ca7e.jpg","image","5931404","25d497ca7e72634ec8f6673e6c7d4a9b8b7d9c127e702bbedbca8c5eb5e222f2"
"ARCHIVE/ignored-local/wix-media-intake/images/Photo%20Jul%2003%2C%207%2027%2007%20PM_edited_edited.jpg","MEDIA/UNREADABLE/photo-jul-03-2c-7-27-07-pm-edited-edited-unreadable.jpg","image","0","e3b0c44298fc1c149afbf4c8996fb92427ae41e4649b934ca495991b7852b855"
"ARCHIVE/ignored-local/wix-media-intake/images/Photo%20Jul%2003%2C%207%2027%2007%20PM_edited-75067f6df948499695625dadf115b308.jpg","MEDIA/IMAGES/photo-jul-03-2c-7-27-07-pm-edited.jpg","image","233416","9ec31219b518e95e53556d170ef65232d27bbfc878d4018482a14181621dca38"
"ARCHIVE/ignored-local/wix-media-intake/images/Photo%20Jul%2003%2C%207%2027%2007%20PM_edited.jpg","MEDIA/IMAGES/photo-jul-03-2c-7-27-07-pm-edited-variant-02.jpg","image","487461","7dbd7e79c72ed1de9cb06264764306ba5fcc6148828c6074ab349b767e58db93"
"ARCHIVE/ignored-local/wix-media-intake/images/Photo%20Jul%2003%2C%207%2027%2015%20PM_edited_edited.jpg","MEDIA/UNREADABLE/photo-jul-03-2c-7-27-15-pm-edited-edited-unreadable.jpg","image","0","e3b0c44298fc1c149afbf4c8996fb92427ae41e4649b934ca495991b7852b855"
"ARCHIVE/ignored-local/wix-media-intake/images/Photo%20Jul%2003%2C%207%2027%2015%20PM_edited.jpg","MEDIA/IMAGES/photo-jul-03-2c-7-27-15-pm-edited.jpg","image","1062645","2d05757e268e04f5397eb210c3a89234b13162b50cf459d035aa30c095cd7a35"
"ARCHIVE/ignored-local/wix-media-intake/images/Photo%20Jul%2003%2C%207%2028%2026%20PM_edited_edited.jpg","MEDIA/UNREADABLE/photo-jul-03-2c-7-28-26-pm-edited-edited-unreadable.jpg","image","0","e3b0c44298fc1c149afbf4c8996fb92427ae41e4649b934ca495991b7852b855"
"ARCHIVE/ignored-local/wix-media-intake/images/Photo%20Jul%2003%2C%207%2028%2026%20PM_edited.jpg","MEDIA/IMAGES/photo-jul-03-2c-7-28-26-pm-edited.jpg","image","718307","8fd1971fb12134bfc91d894f5c8de80193da192cf3ea62ecf377d6aa40717cc8"
"ARCHIVE/ignored-local/wix-media-intake/images/Photo%2520Jul%252003%252C%25207%252027%252007%2520PM_edited_edited_edited.jpg","MEDIA/UNREADABLE/photo-20jul-2003-2c-207-2027-2007-20pm-edited-edited-edited-unreadable.jpg","image","0","e3b0c44298fc1c149afbf4c8996fb92427ae41e4649b934ca495991b7852b855"
"ARCHIVE/ignored-local/wix-media-intake/images/Photo%2520Jul%252003%252C%25207%252027%252007%2520PM_edited_edited.jpg","MEDIA/IMAGES/photo-20jul-2003-2c-207-2027-2007-20pm-edited-edited.jpg","image","412407","80311a7719d1c62ae110846636b666d7ad821423e73c7c201d43fb24125d2595"
"ARCHIVE/ignored-local/wix-media-intake/images/Photo%2520Jul%252003%252C%25207%252027%252015%2520PM_edited_edited.jpg","MEDIA/IMAGES/photo-20jul-2003-2c-207-2027-2015-20pm-edited-edited.jpg","image","510743","cd10bffa83333035553d335d13b88c19e49ff7e539fc3f570c95ac70511a6e83"
"ARCHIVE/ignored-local/wix-media-intake/images/Photo%2520Jul%252003%252C%25207%252028%252026%2520PM_edited_edited.jpg","MEDIA/IMAGES/photo-20jul-2003-2c-207-2028-2026-20pm-edited-edited.jpg","image","436151","26d3aae2fae768f831cc3622f09cc4f33fa2cef43405c26f21f8da55df884875"
"ARCHIVE/ignored-local/wix-media-intake/images/Photo%252520Jul%25252003%25252C%2525207%25252027%25252007%252520PM_edited_edited_edited.jpg","MEDIA/IMAGES/photo-2520jul-252003-252c-25207-252027-252007-2520pm-edited-edited-edited.jpg","image","296403","232577da498eb5bda804c89dd3558ffb205b3ae2483fd5796d887dbfb5719edf"
"ARCHIVE/ignored-local/wix-media-intake/images/Piano Teaching Piano Area","MEDIA/IMAGES/piano-teaching-piano-area.jpg","image","256709","a3a6e4f90f870a42fca664cba7078c0b245d00241e57af1b9ab27d477d10c799"
"ARCHIVE/ignored-local/wix-media-intake/images/Piano Teaching Piano Area-04306ab5c6374682a25a915832e4fff7","MEDIA/IMAGES/piano-teaching-piano-area-variant-02.jpg","image","1432290","f6bb54bfbd4bd286fa45c71df31f735752dbda415f701551a4f406afbc330b52"
"ARCHIVE/ignored-local/wix-media-intake/images/Piano Teaching Piano Area-0b37ebec6ad749e5a9da7f0459c847fe","MEDIA/IMAGES/piano-teaching-piano-area-variant-03.jpg","image","1441383","5289e6bef0feb670550d0bc3688d9ae0c654e303c5c3f2a72030e4ffa7fd2362"
"ARCHIVE/ignored-local/wix-media-intake/images/Piano Teaching Piano Area-3532d05ee8b1444fac4f6278f1d67fcc","MEDIA/IMAGES/piano-teaching-piano-area-variant-04.jpg","image","623915","b10477b046b050414698eea6fecfed63ad596afdcec86e3faea779f32647bfe7"
"ARCHIVE/ignored-local/wix-media-intake/images/Piano Teaching Piano Area-696d04ed0c744aa4b94660641811945f","MEDIA/IMAGES/piano-teaching-piano-area-variant-05.jpg","image","5352955","6b9efdaa5d07f53089cd8ceedb484c4d2d85967847c9382d2976c239668cb415"
"ARCHIVE/ignored-local/wix-media-intake/images/Piano Teaching Piano Area.jpg","MEDIA/UNREADABLE/piano-teaching-piano-area-unreadable.jpg","image","0","e3b0c44298fc1c149afbf4c8996fb92427ae41e4649b934ca495991b7852b855"
"ARCHIVE/ignored-local/wix-media-intake/images/Piano Teaching Review.png","MEDIA/IMAGES/piano-teaching-review.png","image","181102","30f1ca26ec49a12cddae5d0888f968684a93fe755760766afd34f9516e12d402"
"ARCHIVE/ignored-local/wix-media-intake/images/piano_1.jpeg","MEDIA/IMAGES/piano-1.jpeg","image","628320","c74ba099d79cf1d13acd596147b9040d5917ba8412411dbf44dff1d62dca40fe"
"ARCHIVE/ignored-local/wix-media-intake/images/Piano_edited_edited.jpg","MEDIA/IMAGES/piano-edited-edited.jpg","image","251092","db911f96f544eaaf0bb48929776dc91556342c6b808a2149cf47aa7ef93feab9"
"ARCHIVE/ignored-local/wix-media-intake/images/Piano_edited--name-collision-2.jpg","MEDIA/IMAGES/piano-edited.jpg","image","1041920","9aceaab46effcb7ecffb9c407fbf77fa7cbff5e2dc27141f19c3287e27a34e55"
"ARCHIVE/ignored-local/wix-media-intake/images/Piano_edited.jpg","MEDIA/IMAGES/piano-edited-variant-02.jpg","image","1219700","89ecca6fb9f6ac98f5a3d7032e22aea10bc824645db3d5a4328dbc3600d35468"
"ARCHIVE/ignored-local/wix-media-intake/images/Premium.jpg","MEDIA/IMAGES/premium.jpg","image","1300293","54f736844bc7d1c83094786cabe550188e4bb30b3d505ba5ea0ce3b424518f3b"
"ARCHIVE/ignored-local/wix-media-intake/images/Rapper1.jpg","MEDIA/IMAGES/artist-profile-teal-jacket-source.jpg","image","2750257","f5f3bc13b3930871388bfd331c97c90ead8c9509e602c74fcb0705e456944219"
"ARCHIVE/ignored-local/wix-media-intake/images/RapperMillieHoldingMoney.png","MEDIA/IMAGES/rappermillieholdingmoney.png","image","2524530","f0c7be5376faefbe2e35193dee50de5ef25e0690942b55abb6819a82f97b7be9"
"ARCHIVE/ignored-local/wix-media-intake/images/received_3819280371655567.jpeg","MEDIA/IMAGES/received-3819280371655567.jpeg","image","229153","31906561d17fdcbf0b14db4cdd37d732f891b406d4c67363d577d51bef619633"
"ARCHIVE/ignored-local/wix-media-intake/images/Recording artist JJune in the vocal booth at Checkmark Audio, wearing headphones and ready for a session in Albuquerque.jpg","MEDIA/IMAGES/recording-artist-jjune-in-the-vocal-booth-at-checkmark-audio-wearing-headphones-and-ready-for-a-session-in-albuquerque.jpg","image","7007503","2693d53c96c2b96016033b52b24157798fdab07165d95649a5563f59f9541e19"
"ARCHIVE/ignored-local/wix-media-intake/images/Recording equipment in Studio B at Checkmark Audio, showcasing a modern, well-equipped workstation for audio production.jpg","MEDIA/IMAGES/recording-equipment-in-studio-b-at-checkmark-audio-showcasing-a-modern-well-equipped-workstation-for-audio-production.jpg","image","1658816","4252a13047e418e55705529e72c1b9821fbbb464dbc663bd77f924f5d93e5f9c"
"ARCHIVE/ignored-local/wix-media-intake/images/Recording studio with a vibrant guitar mural at Checkmark Audio, Albuquerque, highlighting the creative atmosphere.jpg","MEDIA/IMAGES/recording-studio-with-a-vibrant-guitar-mural-at-checkmark-audio-albuquerque-highlighting-the-creative-atmosphere.jpg","image","4621171","1df5d7c761091e61038e845f192d7c905c51fd358e173f28652eecec0bed05b6"
"ARCHIVE/ignored-local/wix-media-intake/images/Richard Baca, Albuquerque NM guitar teacher, performing during a guitar lesson","MEDIA/IMAGES/richard-baca-albuquerque-nm-guitar-teacher-performing-during-a-guitar-lesson.jpg","image","6531073","4b39e106b637155955d9cbe413e7193e996707661ee00c9bb782171cd1e845c2"
"ARCHIVE/ignored-local/wix-media-intake/images/Richard Baca, Albuquerque NM guitar teacher, performing during a guitar lesson.png","MEDIA/UNREADABLE/richard-baca-albuquerque-nm-guitar-teacher-performing-during-a-guitar-lesson-unreadable.png","image","0","e3b0c44298fc1c149afbf4c8996fb92427ae41e4649b934ca495991b7852b855"
"ARCHIVE/ignored-local/wix-media-intake/images/Richard from Gardenview.jpg","MEDIA/IMAGES/richard-from-gardenview.jpg","image","2012470","335809e6c3b589371852c40343d89fcbe233f4dce7d976c768cedbd95fcc4609"
"ARCHIVE/ignored-local/wix-media-intake/images/Richard in a recording studio wearing large over-ear headphones, focused on a computer screen. Various audio equipment, including mixers and studio monitors, is arranged around him.jpg","MEDIA/IMAGES/richard-in-a-recording-studio-wearing-large-over-ear-headphones-focused-on-a-computer-screen-various-audio-equipment-including-mixers-and-studio-monit.jpg","image","6445361","c75494d339793a592106860fcdb7f5c4ab0353032eaa7724f92ac2fa4db89d96"
"ARCHIVE/ignored-local/wix-media-intake/images/Richard Profile 2--zero-placeholder-2.jpg","MEDIA/UNREADABLE/richard-profile-2-unreadable.jpg","image","0","e3b0c44298fc1c149afbf4c8996fb92427ae41e4649b934ca495991b7852b855"
"ARCHIVE/ignored-local/wix-media-intake/images/Richard Profile 2.jpg","MEDIA/UNREADABLE/richard-profile-2-unreadable-variant-02.jpg","image","0","e3b0c44298fc1c149afbf4c8996fb92427ae41e4649b934ca495991b7852b855"
"ARCHIVE/ignored-local/wix-media-intake/images/Richard w_ guitar_3_edited--exact-duplicate-2.jpg","MEDIA/IMAGES/richard-w-guitar-3-edited.jpg","image","1331325","e91b320c6b8f870ba9b023f537a7b3abe349e844aef0df0f4aea0ee5cbc8bbaf"
"ARCHIVE/ignored-local/wix-media-intake/images/Richard w_ guitar_3_edited.jpg","MEDIA/IMAGES/richard-w-guitar-3-edited-alternate-02.jpg","image","1331325","e91b320c6b8f870ba9b023f537a7b3abe349e844aef0df0f4aea0ee5cbc8bbaf"
"ARCHIVE/ignored-local/wix-media-intake/images/Richard w_ guitar_3--exact-duplicate-2.png","MEDIA/IMAGES/richard-w-guitar-3.png","image","3504936","1381b1a3af05307943609e616325c974267bfb7d511fe742b4f065580363dc7e"
"ARCHIVE/ignored-local/wix-media-intake/images/Richard w_ guitar_3.png","MEDIA/IMAGES/richard-w-guitar-3-alternate-02.png","image","3504936","1381b1a3af05307943609e616325c974267bfb7d511fe742b4f065580363dc7e"
"ARCHIVE/ignored-local/wix-media-intake/images/richard.jpg","MEDIA/IMAGES/richard.jpg","image","9290596","ccb83738c2bf9883a3ddb705f5ccf386a22a6b145be4241a72d144d6fcefaab4"
"ARCHIVE/ignored-local/wix-media-intake/images/richard2.jpg","MEDIA/IMAGES/richard2.jpg","image","9965880","8c2bca91e7d6ebb3d7c81955344af6e70c512c50894c58c592d2bf7bd67f8f2a"
"ARCHIVE/ignored-local/wix-media-intake/images/richard3_edited.jpg","MEDIA/IMAGES/richard3-edited.jpg","image","6602631","5a754ec4ece20cd99602873442a32d2dbed8d83915f8a272d7b16a2ff3f470a4"
"ARCHIVE/ignored-local/wix-media-intake/images/richard3.jpg","MEDIA/IMAGES/richard3.jpg","image","10014078","ebbae29d868ae6091b04e48900db878ec5b0a7aea3b840f5fdb72ad6b73e51d2"
"ARCHIVE/ignored-local/wix-media-intake/images/richard4.jpg","MEDIA/IMAGES/richard4.jpg","image","9158341","018e9d9844ea5f920e1dc77659457c33b9994839d7263f81cc6f2346d22f1f9f"
"ARCHIVE/ignored-local/wix-media-intake/images/Richard5.jpeg","MEDIA/IMAGES/richard5.jpeg","image","9973605","ed71267e87cc7b7322966593662b5423a7a37e11f199cd948cf81b0519d7e7cd"
"ARCHIVE/ignored-local/wix-media-intake/images/Richard5.jpeg.png","MEDIA/UNREADABLE/richard5-jpeg-unreadable.png","image","0","e3b0c44298fc1c149afbf4c8996fb92427ae41e4649b934ca495991b7852b855"
"ARCHIVE/ignored-local/wix-media-intake/images/RRFC Logo.png","MEDIA/IMAGES/rrfcs-logo-source.png","image","10447","50ec8f2463b17c2615f02631c5582e741d0830c4120e0f0b00939c3bcd91df22"
"ARCHIVE/ignored-local/wix-media-intake/images/Screen Shot 2020-11-17 at 6_edited.jpg","MEDIA/IMAGES/screen-shot-2020-11-17-at-6-edited.jpg","image","17092","f47c21228e35512a184fd93ccf317e859a80bf969292fabf40a8699f57cdd600"
"ARCHIVE/ignored-local/wix-media-intake/images/Screen Shot 2020-11-17 at 6.38_edited.jpg","MEDIA/IMAGES/screen-shot-2020-11-17-at-6-38-edited.jpg","image","39057","588e14b10b633a39b69773defb39d4165c5e69ef1088763b47356ed89be83474"
"ARCHIVE/ignored-local/wix-media-intake/images/Screen Shot 2020-11-17 at 6.38.55 PM.png","MEDIA/IMAGES/screen-shot-2020-11-17-at-6-38-55-pm.png","image","76561","c35a286ead972774b66399acc1b9f808e5d1bdc7f4b0952b6962fa3ba32f4571"
"ARCHIVE/ignored-local/wix-media-intake/images/Screen%20Shot%202020-11-17%20at%206.38_edited.jpg","MEDIA/IMAGES/screen-shot-2020-11-17-at-6-38-edited-variant-02.jpg","image","35908","5a828b4a37c838b551326f6c8de389c1b17548b086e7ef9ef92946e995da002b"
"ARCHIVE/ignored-local/wix-media-intake/images/Screenshot 2024-08-01 at 3.13.59 PM.png","MEDIA/IMAGES/screenshot-2024-08-01-at-3-13-59-pm.png","image","14212","ef4b04b4fbd892ae0f83b10dca1fe16ef09e5737c2ed09fc5dcee8671274c3c6"
"ARCHIVE/ignored-local/wix-media-intake/images/Screenshot 2024-08-01 at 3.15.57 PM.png","MEDIA/IMAGES/screenshot-2024-08-01-at-3-15-57-pm.png","image","33469","02a4854f9af38b9d8895c7a42a999903620acb355b48d683d37605ce7ca5a3b0"
"ARCHIVE/ignored-local/wix-media-intake/images/Sign.jpeg","MEDIA/IMAGES/sign.jpeg","image","11293785","56b15bf3cc35575dddc013ed7e1e53063df2114aec345ca707a2f3dac84e2177"
"ARCHIVE/ignored-local/wix-media-intake/images/Sign.jpeg.png","MEDIA/UNREADABLE/sign-jpeg-unreadable.png","image","0","e3b0c44298fc1c149afbf4c8996fb92427ae41e4649b934ca495991b7852b855"
"ARCHIVE/ignored-local/wix-media-intake/images/Standard.jpg","MEDIA/IMAGES/standard.jpg","image","505256","a4ff51f8572003f8d661a8b31473c3773707c6e4453a47b683439d4612e5adbb"
"ARCHIVE/ignored-local/wix-media-intake/images/Studio B recording booth at Checkmark Audio, Albuquerque, NM. The booth features tie-dye patterned fabric with neon purple and blue LED lights outlining the space, and a hanging microphone setup in the center, creating an immersive and creative environmen","MEDIA/IMAGES/vocal-recording-albuquerque-studio-b-neon-microphone-booth-checkmark-audio.jpg","image","7503872","3d32763ba69c3d5dc08233e477f4e41ad0ad90c59da1ec4079fdd66055ec6fe5"
"ARCHIVE/ignored-local/wix-media-intake/images/Studio B recording setup at Checkmark Audio, showcasing guitars, a microphone, and professional acoustic treatment in Albuquerque.jpg","MEDIA/IMAGES/studio-b-recording-setup-at-checkmark-audio-showcasing-guitars-a-microphone-and-professional-acoustic-treatment-in-albuquerque.jpg","image","4384162","8010ffe6cbaa065ee3bc40f6baf2748401f45bd092b3e873fed3575f930866d1"
"ARCHIVE/ignored-local/wix-media-intake/images/Studio B vocal booth at Checkmark Audio, ideal for precise vocal recordings.jpeg","MEDIA/IMAGES/studio-b-vocal-booth-at-checkmark-audio-ideal-for-precise-vocal-recordings.jpeg","image","5505024","c01312d7f7172f0032933db9f513a6bf0cb26a8648129f4c370d089103b577b8"
"ARCHIVE/ignored-local/wix-media-intake/images/Studio B vocal booth at Checkmark Audio, ideal for precise vocal recordings.jpeg.jpg","MEDIA/UNREADABLE/studio-b-vocal-booth-at-checkmark-audio-ideal-for-precise-vocal-recordings-jpeg-unreadable.jpg","image","0","e3b0c44298fc1c149afbf4c8996fb92427ae41e4649b934ca495991b7852b855"
"ARCHIVE/ignored-local/wix-media-intake/images/Studio Time.jpg","MEDIA/IMAGES/checkmark-audio-image-c68f2394d5.jpg","image","1504159","c68f2394d5cb89d28348774be56571061b16df3e4c49f00a10445b59ecb838bb"
"ARCHIVE/ignored-local/wix-media-intake/images/studio-b-instrument-room-checkmark-audio.jpg","MEDIA/IMAGES/studio-b-instrument-room-checkmark-audio.jpg","image","5603328","23ef14f280d2c79e6dfeade462aa01485788b36fd9327b02edd49065fed01aa7"
"ARCHIVE/ignored-local/wix-media-intake/images/studio-b-vocal-booth-checkmark-audio.jpg","MEDIA/IMAGES/studio-b-vocal-booth-checkmark-audio.jpg","image","5668864","3bbffff88929fc2d9383d51276bf6ab1a29c9965cc2bf9f9364b40b47799ed99"
"ARCHIVE/ignored-local/wix-media-intake/images/Studio1_edited.jpg","MEDIA/IMAGES/studio-mural-guitars-wide-source.jpg","image","6948403","6c37a87fb55adaf6b8c8fe2af50db881879cbe59a064ce334763057834470ee9"
"ARCHIVE/ignored-local/wix-media-intake/images/Studio10--zero-placeholder-2.ARW","MEDIA/UNREADABLE/studio10-unreadable.arw","image","0","e3b0c44298fc1c149afbf4c8996fb92427ae41e4649b934ca495991b7852b855"
"ARCHIVE/ignored-local/wix-media-intake/images/Studio10.ARW","MEDIA/IMAGES/studio10.arw","image","7092058","909556cba4195a5a2329dd7663f0006579f29e7ed75c31f9570086aaf4f76593"
"ARCHIVE/ignored-local/wix-media-intake/images/Studio11--zero-placeholder-2.ARW","MEDIA/UNREADABLE/studio11-unreadable.arw","image","0","e3b0c44298fc1c149afbf4c8996fb92427ae41e4649b934ca495991b7852b855"
"ARCHIVE/ignored-local/wix-media-intake/images/Studio11.ARW","MEDIA/IMAGES/studio11.arw","image","7555629","ee5f84ad400be9a85e4f3ebc12068dd2cb775b3889c7284fa8961d09862ce29f"
"ARCHIVE/ignored-local/wix-media-intake/images/Studio12_edited_edited.jpg","MEDIA/IMAGES/studio12-edited-edited.jpg","image","8076972","e050a2d6c2a23751108d06ec8e7f6ae75c2801c61448544b4ba2facfc3097c1d"
"ARCHIVE/ignored-local/wix-media-intake/images/Studio12_edited.jpg","MEDIA/IMAGES/studio12-edited.jpg","image","6845273","84c2ed8386d626450385f6600ba48effaa3497c0ff8953ee68067168fc021f9a"
"ARCHIVE/ignored-local/wix-media-intake/images/Studio12--zero-placeholder-2.ARW","MEDIA/UNREADABLE/studio12-unreadable.arw","image","0","e3b0c44298fc1c149afbf4c8996fb92427ae41e4649b934ca495991b7852b855"
"ARCHIVE/ignored-local/wix-media-intake/images/Studio12.ARW","MEDIA/IMAGES/studio12.arw","image","6083267","6f74d886f996b7c3c199a5bc21ac21e4ecc1fd10a54b206defe784efaf80cb45"
"ARCHIVE/ignored-local/wix-media-intake/images/Studio2_edited.jpg","MEDIA/IMAGES/studio2-edited.jpg","image","7218298","39512f06c2edce29df3198b89d2a20d978ad9d91ca9f8a49c8839fd39966948d"
"ARCHIVE/ignored-local/wix-media-intake/images/Studio3--zero-placeholder-2.ARW","MEDIA/UNREADABLE/studio3-unreadable.arw","image","0","e3b0c44298fc1c149afbf4c8996fb92427ae41e4649b934ca495991b7852b855"
"ARCHIVE/ignored-local/wix-media-intake/images/Studio3.ARW","MEDIA/IMAGES/studio3.arw","image","6666243","413b0b3dabcfe4587d7267afdfd21a70e0b2909d60a5714d594a4ac8968ccfbb"
"ARCHIVE/ignored-local/wix-media-intake/images/Studio4_edited.jpg","MEDIA/IMAGES/checkmark-lounge-sign-source.jpg","image","7249555","474421da299b9e1604305cce49c8a666b7bbd55be53f3f765cd50dad82433c83"
"ARCHIVE/ignored-local/wix-media-intake/images/Studio4--zero-placeholder-2.ARW","MEDIA/UNREADABLE/studio4-unreadable.arw","image","0","e3b0c44298fc1c149afbf4c8996fb92427ae41e4649b934ca495991b7852b855"
"ARCHIVE/ignored-local/wix-media-intake/images/Studio4.ARW","MEDIA/IMAGES/studio4.arw","image","6364712","bc51c5daf9d5026d8924a5d9d0b2983bf4b048e0510f7e26a4c3549691c0196b"
"ARCHIVE/ignored-local/wix-media-intake/images/Studio5_edited.jpg","MEDIA/IMAGES/studio5-edited.jpg","image","7572873","f6c8a8ddf840bcdd88a7abfc3289ae1c1faa0c8c4020f1aea0922706228f34fc"
"ARCHIVE/ignored-local/wix-media-intake/images/Studio5--zero-placeholder-2.ARW","MEDIA/UNREADABLE/studio5-unreadable.arw","image","0","e3b0c44298fc1c149afbf4c8996fb92427ae41e4649b934ca495991b7852b855"
"ARCHIVE/ignored-local/wix-media-intake/images/Studio5.ARW","MEDIA/IMAGES/studio5.arw","image","5090199","5cdb683f24d0e1fab5c17f6903cf960fcdccdbe5bd5487e266bc5b9cb734437f"
"ARCHIVE/ignored-local/wix-media-intake/images/Studio6--zero-placeholder-2.ARW","MEDIA/UNREADABLE/studio6-unreadable.arw","image","0","e3b0c44298fc1c149afbf4c8996fb92427ae41e4649b934ca495991b7852b855"
"ARCHIVE/ignored-local/wix-media-intake/images/Studio6.ARW","MEDIA/IMAGES/studio6.arw","image","8194731","c957560ed198b448917e11a21737d0a7f62f295087c4cd31bda68ddfb4e20ac7"
"ARCHIVE/ignored-local/wix-media-intake/images/Studio7--zero-placeholder-2.ARW","MEDIA/UNREADABLE/studio7-unreadable.arw","image","0","e3b0c44298fc1c149afbf4c8996fb92427ae41e4649b934ca495991b7852b855"
"ARCHIVE/ignored-local/wix-media-intake/images/Studio7.ARW","MEDIA/IMAGES/studio7.arw","image","7711181","a7656338ad71da7bc6c743d4aa3810ee61bfed4596584ab443c08bb383ac10b1"
"ARCHIVE/ignored-local/wix-media-intake/images/Studio8--zero-placeholder-2.ARW","MEDIA/UNREADABLE/studio8-unreadable.arw","image","0","e3b0c44298fc1c149afbf4c8996fb92427ae41e4649b934ca495991b7852b855"
"ARCHIVE/ignored-local/wix-media-intake/images/Studio8.ARW","MEDIA/IMAGES/studio8.arw","image","7542965","43dfd89ff2a487cd00285ac183ad403b07f573283bef6b3a9657102b6959377a"
"ARCHIVE/ignored-local/wix-media-intake/images/Studio9_edited-d84b37496bae48d5ab009d11b42bb9ca.jpg","MEDIA/IMAGES/control-room-black-white-source.jpg","image","1157178","2cf379065ea3b496ea6d3a5eb8202552ae803f5f3f99e52bf6478b103781c7cb"
"ARCHIVE/ignored-local/wix-media-intake/images/Studio9_edited.jpg","MEDIA/IMAGES/control-room-speaker-mural-source.jpg","image","7039865","c39a739a546eaad61d64a734637006aa3f6d679275163714ae89a4ca8c07a667"
"ARCHIVE/ignored-local/wix-media-intake/images/Studio9--zero-placeholder-2.ARW","MEDIA/UNREADABLE/studio9-unreadable.arw","image","0","e3b0c44298fc1c149afbf4c8996fb92427ae41e4649b934ca495991b7852b855"
"ARCHIVE/ignored-local/wix-media-intake/images/Studio9.ARW","MEDIA/IMAGES/studio9.arw","image","8273071","ee736e372df99b4b815b084a2019cf87f703f5c97a5c5b4a950d1ebe2f852db7"
"ARCHIVE/ignored-local/wix-media-intake/images/Studiodesk1.jpeg","MEDIA/IMAGES/studiodesk1.jpeg","image","8783847","63067634ced0d3fb83f36508770a3a0c5a244a2e76456de05a71f46c3e355e65"
"ARCHIVE/ignored-local/wix-media-intake/images/Studiodesk1.jpeg.png","MEDIA/UNREADABLE/studiodesk1-jpeg-unreadable.png","image","0","e3b0c44298fc1c149afbf4c8996fb92427ae41e4649b934ca495991b7852b855"
"ARCHIVE/ignored-local/wix-media-intake/images/T-Shirt Logo.png","MEDIA/IMAGES/t-shirt-logo.png","image","1656337","15e5c2782969fc232cf4f4fd48878676cf7ef3b00242dcb28dedda131ce9350f"
"ARCHIVE/ignored-local/wix-media-intake/images/THE B-roll_4--exact-duplicate-2.jpg","MEDIA/IMAGES/the-b-roll-4.jpg","image","877319","9c6f9304681bb2a30003445c3bdd148873c633fbad546aacdf2568618692b529"
"ARCHIVE/ignored-local/wix-media-intake/images/THE B-roll_4.jpg","MEDIA/IMAGES/the-b-roll-4-alternate-02.jpg","image","877319","9c6f9304681bb2a30003445c3bdd148873c633fbad546aacdf2568618692b529"
"ARCHIVE/ignored-local/wix-media-intake/images/The same microphone setup in the recording booth at Checkmark Audio, now illuminated by purple lighting. This image adds to the variety of moods that can be created in the studio environment, tailored to different artists’ needs.JPG","MEDIA/IMAGES/the-same-microphone-setup-in-the-recording-booth-at-checkmark-audio-now-illuminated-by-purple-lighting-this-image-adds-to-the-variety-of-moods-that-ca.jpg","image","5013504","75d6d47e1ff74c76d57a5ea1b445c5456c0483154851330c93b31049af798d0a"
"ARCHIVE/ignored-local/wix-media-intake/images/The wall of a recording studio featuring a “Moonlight Recording Studio” sign, painted with clouds and a moon, above a comfortable couch in the studio’s lounge area, representing a relaxed and artistic vibe.jpeg","MEDIA/IMAGES/the-wall-of-a-recording-studio-featuring-a-moonlight-recording-studio-sign-painted-with-clouds-and-a-moon-above-a-comfortable-couch-in-the-studios-lou.jpeg","image","1631196","ebebecbb3edc07831841efc36708c180ff79cdece4afccd9d8a5724a8e9c3ed3"
"ARCHIVE/ignored-local/wix-media-intake/images/The wall of a recording studio featuring a “Moonlight Recording Studio” sign, painted with clouds and a moon, above a comfortable couch in the studio’s lounge area, representing a relaxed and artistic vibe.jpeg.jpg","MEDIA/UNREADABLE/the-wall-of-a-recording-studio-featuring-a-moonlight-recording-studio-sign-painted-with-clouds-and-a-moon-above-a-comfortable-couch-in-the-studios-lou-unreadable.jpg","image","0","e3b0c44298fc1c149afbf4c8996fb92427ae41e4649b934ca495991b7852b855"
"ARCHIVE/ignored-local/wix-media-intake/images/Tiny House Elevator_1--exact-duplicate-2.png","MEDIA/IMAGES/tiny-house-elevator-1.png","image","14475331","b4d4b6e6f018a404b074db3392669cfd89429a8d4cc51847f23f0894d52ad1e1"
"ARCHIVE/ignored-local/wix-media-intake/images/Tiny House Elevator_1.png","MEDIA/IMAGES/tiny-house-elevator-1-alternate-02.png","image","14475331","b4d4b6e6f018a404b074db3392669cfd89429a8d4cc51847f23f0894d52ad1e1"
"ARCHIVE/ignored-local/wix-media-intake/images/Tuba Banner.jpg","MEDIA/IMAGES/tuba-banner.jpg","image","74065","1ffca378c3845a9e345b86fe5b5cb9975bdd284641b0d239d0e979e95d567feb"
"ARCHIVE/ignored-local/wix-media-intake/images/VocalboothinstudioB_blue.jpg","MEDIA/IMAGES/vocalboothinstudiob-blue.jpg","image","2861621","2ae77cbf8846c8c8b8dca2eba5857df417c245490d1315fe3e4c9a4eca903ebd"
"ARCHIVE/ignored-local/wix-media-intake/images/Vohn_1--exact-duplicate-2.jpg","MEDIA/IMAGES/vohn-1.jpg","image","554746","5a5fa227bfad308810e9e66fc0d1ad6b0e3529e58836ad9ed1b2a068bcfa2ec2"
"ARCHIVE/ignored-local/wix-media-intake/images/Vohn_1.jpg","MEDIA/IMAGES/vohn-1-alternate-02.jpg","image","554746","5a5fa227bfad308810e9e66fc0d1ad6b0e3529e58836ad9ed1b2a068bcfa2ec2"
"ARCHIVE/ignored-local/wix-media-intake/images/Vohn_2--exact-duplicate-2.jpg","MEDIA/IMAGES/vohn-2.jpg","image","279207","26576809e06c2fed8a9e9a19deff27fa4d8769145f5d3b2f150dd4327bf7239b"
"ARCHIVE/ignored-local/wix-media-intake/images/Vohn_2.jpg","MEDIA/IMAGES/vohn-2-alternate-02.jpg","image","279207","26576809e06c2fed8a9e9a19deff27fa4d8769145f5d3b2f150dd4327bf7239b"
"ARCHIVE/ignored-local/wix-media-intake/images/Waiting area with a red accent wall at Checkmark Audio, offering a relaxing space for artists between recording sessions.jpg","MEDIA/IMAGES/waiting-area-with-a-red-accent-wall-at-checkmark-audio-offering-a-relaxing-space-for-artists-between-recording-sessions.jpg","image","8287102","43a0f55ec7282c9e1e39abc637d4bdfd74c71f05101dc60e976ab6e0dca799ef"
"ARCHIVE/ignored-local/wix-media-intake/images/Waiting room in Checkmark Audio, featuring a TV, microwave, and acoustic treatments, providing a comfortable space for relaxation.jpg","MEDIA/IMAGES/waiting-room-in-checkmark-audio-featuring-a-tv-microwave-and-acoustic-treatments-providing-a-comfortable-space-for-relaxation.jpg","image","6562733","45f3d4c3e3c7f7fd89d0206212a37fa7c4a2e5e0dfde160adc7585c4c491e9ad"
"ARCHIVE/ignored-local/wix-media-intake/images/Wake Up (Dreamscape Remix)-Thumbnail.jpg","MEDIA/IMAGES/wake-up-dreamscape-remix-thumbnail.jpg","image","209859","b4ef7d2971ac2f59f4a72aa8ee2f6a456f322fe1b7ce325b5f85f837519072c5"
"ARCHIVE/ignored-local/wix-media-intake/images/what-age-to-start-piano-lessons.jpeg","MEDIA/IMAGES/what-age-to-start-piano-lessons.jpeg","image","90450","ff5b3d3f5306a7195940a3402ed6d31179e03d520657ea8886cb339549eb0d69"
"ARCHIVE/ignored-local/wix-media-intake/images/WHATS POPPIN.png","MEDIA/IMAGES/whats-poppin.png","image","6445957","c5d35f48b50fe2725d2d2b9dd42bfa9161f437ee25edf458293e9a976c837c36"
"ARCHIVE/ignored-local/wix-media-intake/images/Workforce connections.png","MEDIA/IMAGES/workforce-connection-logo-source.png","image","47695","2b4354b24dfb438cc513f664793701e59f40f62ab2d169b6c138c9009e52a609"
"ARCHIVE/ignored-local/wix-media-intake/images/y7i8N7PA_edited.jpg","MEDIA/IMAGES/y7i8n7pa-edited.jpg","image","247355","88567476df084a70a1b37521f8ec2b62a53148a27570cf41c57eb106356132a4"
"ARCHIVE/ignored-local/wix-media-intake/images/y7i8N7PA.jpeg","MEDIA/IMAGES/y7i8n7pa.jpeg","image","223856","dfd564a536dbacdf20790455083a0bfc4782f34980256d677b92d4a8c035875e"
"ARCHIVE/ignored-local/wix-media-intake/images/Yung Critical.jpg","MEDIA/IMAGES/yung-critical.jpg","image","591652","afc5818716d880e6b894a732fea6954bf25c5bae5365cf8b44f695fc40a47a11"
"ARCHIVE/ignored-local/wix-media-intake/video/05 - Sharlet.mp4","MEDIA/VIDEO/05-sharlet.mp4","video","1272342183","103d9bb1b4cbaaaefc79b2f2d188e16c3f7a4671fe3f37074a2bca8a8a3bdaae"
"ARCHIVE/ignored-local/wix-media-intake/video/06 - John and Elizabeth song.mov","MEDIA/VIDEO/06-john-and-elizabeth-song.mov","video","21957212","d13d39cbecd00037436ef2731d2e435a5e93ac1c898c7d266d5dd909fe987c38"
"ARCHIVE/ignored-local/wix-media-intake/video/07 - Void - Gregorio & The Unknown.mov","MEDIA/UNREADABLE/07-void-gregorio-and-the-unknown-unreadable.mov","video","0","e3b0c44298fc1c149afbf4c8996fb92427ae41e4649b934ca495991b7852b855"
"ARCHIVE/ignored-local/wix-media-intake/video/08 - Small World - Vohn.mov","MEDIA/UNREADABLE/08-small-world-vohn-unreadable.mov","video","0","e3b0c44298fc1c149afbf4c8996fb92427ae41e4649b934ca495991b7852b855"
"ARCHIVE/ignored-local/wix-media-intake/video/09 - Basset Hound.mov","MEDIA/UNREADABLE/09-basset-hound-unreadable.mov","video","0","e3b0c44298fc1c149afbf4c8996fb92427ae41e4649b934ca495991b7852b855"
"ARCHIVE/ignored-local/wix-media-intake/video/11 - Music Video black and white-1.mp4","MEDIA/VIDEO/11-music-video-black-and-white-1.mp4","video","23272264","cd40d954adf73da043a2e65ee8278931c22ad64cf64928abb00cd2533afbd502"
"ARCHIVE/ignored-local/wix-media-intake/video/12 - Music Video black and white-2.mp4","MEDIA/VIDEO/12-music-video-black-and-white-2.mp4","video","10399575","d1293cff8b2633bf283a576ebd03d053598971516789dddb4544e32ce285e15a"
"ARCHIVE/ignored-local/wix-media-intake/video/13 - CMA_Demo.mp4","MEDIA/UNREADABLE/13-cma-demo-unreadable.mp4","video","0","e3b0c44298fc1c149afbf4c8996fb92427ae41e4649b934ca495991b7852b855"
"ARCHIVE/ignored-local/wix-media-intake/video/13 - Music Video black and white.mp4","MEDIA/VIDEO/13-music-video-black-and-white.mp4","video","16735776","3e4fcc6bb0fe08e6c635d60482b88008309b2c9231deefba552892f41a856b1d"
"ARCHIVE/ignored-local/wix-media-intake/video/14 - Music Video black and white.mp4","MEDIA/VIDEO/13-music-video-black-and-white-alternate-02.mp4","video","16735776","3e4fcc6bb0fe08e6c635d60482b88008309b2c9231deefba552892f41a856b1d"
"ARCHIVE/ignored-local/wix-media-intake/video/15 - Surrender.mp4","MEDIA/UNREADABLE/15-surrender-unreadable.mp4","video","0","e3b0c44298fc1c149afbf4c8996fb92427ae41e4649b934ca495991b7852b855"
"ARCHIVE/ignored-local/wix-media-intake/video/157 - Vidinsta_Instagram Post_66bfe0e6af5b6.mp4","MEDIA/UNREADABLE/157-vidinsta-instagram-post-66bfe0e6af5b6-unreadable.mp4","video","0","e3b0c44298fc1c149afbf4c8996fb92427ae41e4649b934ca495991b7852b855"
"ARCHIVE/ignored-local/wix-media-intake/video/16 - Let go Move on.mp4","MEDIA/UNREADABLE/16-let-go-move-on-unreadable.mp4","video","0","e3b0c44298fc1c149afbf4c8996fb92427ae41e4649b934ca495991b7852b855"
"ARCHIVE/ignored-local/wix-media-intake/video/17 - CMA_Demo.mp4","MEDIA/UNREADABLE/17-cma-demo-unreadable.mp4","video","0","e3b0c44298fc1c149afbf4c8996fb92427ae41e4649b934ca495991b7852b855"
"ARCHIVE/ignored-local/wix-media-intake/video/176 - DEMO REEL (updated).mp4","MEDIA/UNREADABLE/176-demo-reel-updated-unreadable.mp4","video","0","e3b0c44298fc1c149afbf4c8996fb92427ae41e4649b934ca495991b7852b855"
"ARCHIVE/ignored-local/wix-media-intake/video/18 - Music Video.mp4","MEDIA/VIDEO/18-music-video.mp4","video","16770026","1fa87611e82c3af301a364fb015c65fa62b34c0789f0ad007f8a8601c8a8fa1a"
"ARCHIVE/ignored-local/wix-media-intake/video/18 - Vidinsta_Instagram Post_66bfe0e6af5b6.mp4","MEDIA/UNREADABLE/18-vidinsta-instagram-post-66bfe0e6af5b6-unreadable.mp4","video","0","e3b0c44298fc1c149afbf4c8996fb92427ae41e4649b934ca495991b7852b855"
"ARCHIVE/ignored-local/wix-media-intake/video/19 - Checkmark Accountant_1-1.mp4","MEDIA/VIDEO/19-checkmark-accountant-1-1.mp4","video","43263902","4d7f0c9a2b4ac5edecb70d6b9859f72a503e0cd86d803c88f8da5d8f0b19f1e6"
"ARCHIVE/ignored-local/wix-media-intake/video/20 - Checkmark Accountant.mp4","MEDIA/VIDEO/20-checkmark-accountant.mp4","video","8381964","68c195c8fc784c675b1400da1b2ab4e3c4fb889dde88f12dcf9212f0df47715b"
"ARCHIVE/ignored-local/wix-media-intake/video/28 - Guitar Demo Reel_1.mp4","MEDIA/VIDEO/28-guitar-demo-reel-1.mp4","video","39350428","2ab2eae7d885a99e0afbe571c5e8f0a3a24033d28872c2ac0bc567b5da14af8a"
"ARCHIVE/ignored-local/wix-media-intake/video/347 - CMA_Music Studio_Demo.mp4","MEDIA/UNREADABLE/347-cma-music-studio-demo-unreadable.mp4","video","0","e3b0c44298fc1c149afbf4c8996fb92427ae41e4649b934ca495991b7852b855"
"ARCHIVE/ignored-local/wix-media-intake/video/375 - Vocal Production mixing and mastering checkmark audio.mp4","MEDIA/UNREADABLE/375-vocal-production-mixing-and-mastering-checkmark-audio-unreadable.mp4","video","0","e3b0c44298fc1c149afbf4c8996fb92427ae41e4649b934ca495991b7852b855"
"ARCHIVE/ignored-local/wix-media-intake/video/39 - Sharlet.mp4","MEDIA/VIDEO/39-sharlet.mp4","video","42941087","ccde04dd9b4606c36c1ff3f594df999c7d050828c7aa2c40e361355d5e719c35"
"ARCHIVE/ignored-local/wix-media-intake/video/40 - John and Elizabeth song.mov","MEDIA/UNREADABLE/40-john-and-elizabeth-song-unreadable.mov","video","0","e3b0c44298fc1c149afbf4c8996fb92427ae41e4649b934ca495991b7852b855"
"ARCHIVE/ignored-local/wix-media-intake/video/41 - Void - Gregorio & The Unknown.mov","MEDIA/UNREADABLE/41-void-gregorio-and-the-unknown-unreadable.mov","video","0","e3b0c44298fc1c149afbf4c8996fb92427ae41e4649b934ca495991b7852b855"
"ARCHIVE/ignored-local/wix-media-intake/video/42 - Small World - Vohn.mov","MEDIA/UNREADABLE/42-small-world-vohn-unreadable.mov","video","0","e3b0c44298fc1c149afbf4c8996fb92427ae41e4649b934ca495991b7852b855"
"ARCHIVE/ignored-local/wix-media-intake/video/43 - Basset Hound.mov","MEDIA/UNREADABLE/43-basset-hound-unreadable.mov","video","0","e3b0c44298fc1c149afbf4c8996fb92427ae41e4649b934ca495991b7852b855"
"ARCHIVE/ignored-local/wix-media-intake/video/444 - Recording Studio (2).mp4","MEDIA/UNREADABLE/444-recording-studio-2-unreadable.mp4","video","0","e3b0c44298fc1c149afbf4c8996fb92427ae41e4649b934ca495991b7852b855"
"ARCHIVE/ignored-local/wix-media-intake/video/446 - Recording Studio (3).mp4","MEDIA/UNREADABLE/446-recording-studio-3-unreadable.mp4","video","0","e3b0c44298fc1c149afbf4c8996fb92427ae41e4649b934ca495991b7852b855"
"ARCHIVE/ignored-local/wix-media-intake/video/46 - Freestyle 3.mov","MEDIA/UNREADABLE/46-freestyle-3-unreadable.mov","video","0","e3b0c44298fc1c149afbf4c8996fb92427ae41e4649b934ca495991b7852b855"
"ARCHIVE/ignored-local/wix-media-intake/video/465 - introRichard-3.mp4","MEDIA/UNREADABLE/465-introrichard-3-unreadable.mp4","video","0","e3b0c44298fc1c149afbf4c8996fb92427ae41e4649b934ca495991b7852b855"
"ARCHIVE/ignored-local/wix-media-intake/video/47 - Want You So Bad Teaser 2.MP4","MEDIA/UNREADABLE/47-want-you-so-bad-teaser-2-unreadable.mp4","video","0","e3b0c44298fc1c149afbf4c8996fb92427ae41e4649b934ca495991b7852b855"
"ARCHIVE/ignored-local/wix-media-intake/video/63 - Checkmark Audio Albuquerque Recording Studio Ad.mp4","MEDIA/UNREADABLE/63-checkmark-audio-albuquerque-recording-studio-ad-unreadable.mp4","video","0","e3b0c44298fc1c149afbf4c8996fb92427ae41e4649b934ca495991b7852b855"
"ARCHIVE/ignored-local/wix-media-intake/video/75 - Intro Richard Music Studio Checkmark Audio Recording.mp4","MEDIA/UNREADABLE/75-intro-richard-music-studio-checkmark-audio-recording-unreadable.mp4","video","0","e3b0c44298fc1c149afbf4c8996fb92427ae41e4649b934ca495991b7852b855"
"ARCHIVE/ignored-local/wix-media-intake/video/76 - Checkmark Audio Albuquerque Music Studio DEMOREELUPDATED.mp4","MEDIA/UNREADABLE/76-checkmark-audio-albuquerque-music-studio-demoreelupdated-unreadable.mp4","video","0","e3b0c44298fc1c149afbf4c8996fb92427ae41e4649b934ca495991b7852b855"
"ARCHIVE/ignored-local/wix-media-intake/video/77 - RICHARD IN THE STUDIO Music Recording Fiverr Bio (Full Vid).mp4","MEDIA/UNREADABLE/77-richard-in-the-studio-music-recording-fiverr-bio-full-vid-unreadable.mp4","video","0","e3b0c44298fc1c149afbf4c8996fb92427ae41e4649b934ca495991b7852b855"
"ARCHIVE/ignored-local/wix-media-intake/video/91 - Fiverr Bio (Full Vid).mp4","MEDIA/UNREADABLE/91-fiverr-bio-full-vid-unreadable.mp4","video","0","e3b0c44298fc1c149afbf4c8996fb92427ae41e4649b934ca495991b7852b855"
"ARCHIVE/ignored-local/wix-media-intake/video/Basset Hound.mov","MEDIA/UNREADABLE/basset-hound-unreadable.mov","video","0","e3b0c44298fc1c149afbf4c8996fb92427ae41e4649b934ca495991b7852b855"
"ARCHIVE/ignored-local/wix-media-intake/video/Checkmark Accountant_1-1.mp4","MEDIA/VIDEO/19-checkmark-accountant-1-1-alternate-02.mp4","video","43263902","4d7f0c9a2b4ac5edecb70d6b9859f72a503e0cd86d803c88f8da5d8f0b19f1e6"
"ARCHIVE/ignored-local/wix-media-intake/video/Checkmark Accountant.mp4","MEDIA/VIDEO/20-checkmark-accountant-alternate-02.mp4","video","8381964","68c195c8fc784c675b1400da1b2ab4e3c4fb889dde88f12dcf9212f0df47715b"
"ARCHIVE/ignored-local/wix-media-intake/video/Checkmark Audio Albuquerque Music Studio DEMOREELUPDATED.mp4","MEDIA/VIDEO/checkmark-audio-albuquerque-music-studio-demoreelupdated.mp4","video","58140787","30c31de08964b55c1311c46663365227a6eb4877ee03d8106445d43405bd3bd0"
"ARCHIVE/ignored-local/wix-media-intake/video/Checkmark Audio Albuquerque Recording Studio Ad.mp4","MEDIA/VIDEO/checkmark-audio-albuquerque-recording-studio-ad.mp4","video","269044","f3009156e1569ebc69011b5b2049d89019be7524b274c1ad56e46b01ebf41e0c"
"ARCHIVE/ignored-local/wix-media-intake/video/CMA_Demo--zero-placeholder-2.mp4","MEDIA/UNREADABLE/cma-demo-unreadable.mp4","video","0","e3b0c44298fc1c149afbf4c8996fb92427ae41e4649b934ca495991b7852b855"
"ARCHIVE/ignored-local/wix-media-intake/video/CMA_Demo.mp4","MEDIA/VIDEO/cma-music-studio-demo.mp4","video","171215003","123f45a7cf3233ef965605e27fae8d45608ef149284650f3742740bd71374964"
"ARCHIVE/ignored-local/wix-media-intake/video/CMA_Music Studio_Demo.mp4","MEDIA/VIDEO/cma-music-studio-demo-alternate-02.mp4","video","171215003","123f45a7cf3233ef965605e27fae8d45608ef149284650f3742740bd71374964"
"ARCHIVE/ignored-local/wix-media-intake/video/DEMO REEL (updated).mp4","MEDIA/VIDEO/demo-reel-updated.mp4","video","70098648","bd8f45084b03dfdac9598ca2244e87eeef736910c87fdf4d395671fe33df2647"
"ARCHIVE/ignored-local/wix-media-intake/video/Fiverr Bio (Full Vid).mp4","MEDIA/VIDEO/richard-in-the-studio-music-recording-fiverr-bio-full-vid.mp4","video","127356795","6c0323b997d3b10e2921fcc7533ed43bb9d548d67a68503ab2f304c3f33cd128"
"ARCHIVE/ignored-local/wix-media-intake/video/Freestyle 3.mov","MEDIA/VIDEO/freestyle-3.mov","video","52794576","af934858bdb45142450ff9bf160dc5f146384141d89b2144ee95653d2f53582e"
"ARCHIVE/ignored-local/wix-media-intake/video/Guitar Demo Reel_1.mp4","MEDIA/VIDEO/28-guitar-demo-reel-1-alternate-02.mp4","video","39350428","2ab2eae7d885a99e0afbe571c5e8f0a3a24033d28872c2ac0bc567b5da14af8a"
"ARCHIVE/ignored-local/wix-media-intake/video/Intro Richard Music Studio Checkmark Audio Recording.mp4","MEDIA/VIDEO/intro-richard-music-studio-checkmark-audio-recording.mp4","video","47709092","0aef83f4f394dcc58ff706b08ae4160cc67cb9e7132b4d4610acd5ab353b23c9"
"ARCHIVE/ignored-local/wix-media-intake/video/introRichard-3.mp4","MEDIA/VIDEO/introrichard-3.mp4","video","56511747","d644bbb68fdf46ee7a4341e7d2bf3775961bb1bffef9c5c1d8ce7d7a883775a3"
"ARCHIVE/ignored-local/wix-media-intake/video/John and Elizabeth song.mov","MEDIA/VIDEO/john-and-elizabeth-song.mov","video","291931066","bff92213bd1826c6b969cd792e289fad814194e210fe4f34e0bcd38a7a799a4e"
"ARCHIVE/ignored-local/wix-media-intake/video/Let go Move on.mp4","MEDIA/VIDEO/let-go-move-on.mp4","video","326725699","f73e0d9382d6ed16cc77fe602bcee2b39fba55618b0892b51317bf3e3ad1225c"
"ARCHIVE/ignored-local/wix-media-intake/video/Music Video black and white-1.mp4","MEDIA/VIDEO/11-music-video-black-and-white-1-alternate-02.mp4","video","23272264","cd40d954adf73da043a2e65ee8278931c22ad64cf64928abb00cd2533afbd502"
"ARCHIVE/ignored-local/wix-media-intake/video/Music Video black and white-2.mp4","MEDIA/VIDEO/12-music-video-black-and-white-2-alternate-02.mp4","video","10399575","d1293cff8b2633bf283a576ebd03d053598971516789dddb4544e32ce285e15a"
"ARCHIVE/ignored-local/wix-media-intake/video/Music Video black and white-7aade93f962947d09fbeb7e02ae0a982.mp4","MEDIA/VIDEO/13-music-video-black-and-white-alternate-03.mp4","video","16735776","3e4fcc6bb0fe08e6c635d60482b88008309b2c9231deefba552892f41a856b1d"
"ARCHIVE/ignored-local/wix-media-intake/video/Music Video black and white.mp4","MEDIA/VIDEO/13-music-video-black-and-white-alternate-04.mp4","video","16735776","3e4fcc6bb0fe08e6c635d60482b88008309b2c9231deefba552892f41a856b1d"
"ARCHIVE/ignored-local/wix-media-intake/video/Music Video.mp4","MEDIA/VIDEO/18-music-video-alternate-02.mp4","video","16770026","1fa87611e82c3af301a364fb015c65fa62b34c0789f0ad007f8a8601c8a8fa1a"
"ARCHIVE/ignored-local/wix-media-intake/video/Recording Studio (2).mp4","MEDIA/VIDEO/recording-studio-2.mp4","video","15569805","eb2d38f3159a3c871a97cd9ef06523aede4cddb528477e12980dd1d290a8105c"
"ARCHIVE/ignored-local/wix-media-intake/video/Recording Studio (3).mp4","MEDIA/VIDEO/recording-studio-3.mp4","video","15579220","350c28e258e87fbf51729cf5ecbd8865ab3755038eb35972e25104650024bbf0"
"ARCHIVE/ignored-local/wix-media-intake/video/RICHARD IN THE STUDIO Music Recording Fiverr Bio (Full Vid).mp4","MEDIA/VIDEO/richard-in-the-studio-music-recording-fiverr-bio-full-vid-alternate-02.mp4","video","127356795","6c0323b997d3b10e2921fcc7533ed43bb9d548d67a68503ab2f304c3f33cd128"
"ARCHIVE/ignored-local/wix-media-intake/video/Sharlet.mp4","MEDIA/VIDEO/05-sharlet-alternate-02.mp4","video","1272342183","103d9bb1b4cbaaaefc79b2f2d188e16c3f7a4671fe3f37074a2bca8a8a3bdaae"
"ARCHIVE/ignored-local/wix-media-intake/video/Small World - Vohn.mov","MEDIA/VIDEO/small-world-vohn.mov","video","180696976","41d1b1e3397e36881a7a823acf118d394f8a7d415d1f1ecda256ea51f13e612d"
"ARCHIVE/ignored-local/wix-media-intake/video/Surrender.mp4","MEDIA/VIDEO/surrender.mp4","video","408676332","06df9922175ed70e267092fdbaf6ae0a36661a3c39129c8af8bd73f74a9a7303"
"ARCHIVE/ignored-local/wix-media-intake/video/Vidinsta_Instagram Post_66bfe0e6af5b6--exact-duplicate-2.mp4","MEDIA/VIDEO/vidinsta-instagram-post-66bfe0e6af5b6.mp4","video","4996130","d85e9579c5631169395b6ebf71275c026ceff01c997be1fce210040923db6e1e"
"ARCHIVE/ignored-local/wix-media-intake/video/Vidinsta_Instagram Post_66bfe0e6af5b6.mp4","MEDIA/VIDEO/vidinsta-instagram-post-66bfe0e6af5b6-alternate-02.mp4","video","4996130","d85e9579c5631169395b6ebf71275c026ceff01c997be1fce210040923db6e1e"
"ARCHIVE/ignored-local/wix-media-intake/video/Vocal Production mixing and mastering checkmark audio.mp4","MEDIA/VIDEO/vocal-production-mixing-and-mastering-checkmark-audio.mp4","video","13803285","36b5c1b675aba111508629e8fc8f2c2533af59bf7a7fe908a9ebfddb0452207a"
"ARCHIVE/ignored-local/wix-media-intake/video/Void - Gregorio & The Unknown.mov","MEDIA/VIDEO/void-gregorio-and-the-unknown.mov","video","390589073","731534fd04417304260b7af45978e79be0a9dea58997cc487a1b9fc996eab172"
"ARCHIVE/ignored-local/wix-media-intake/video/Want You So Bad Teaser 2.MP4","MEDIA/VIDEO/want-you-so-bad-teaser-2.mp4","video","13145941","a3d71bf442c44428037cf145a1f5bc30a8bc51526574d0c7bd27c8351295bb98"
"MEDIA/IMAGES/00-checkmark-audio-logo-mark-web.png","MEDIA/IMAGES/checkmark-audio-logo-mark-web.png","image","73050","bfedcd94066cf57bf000636b67b438f2a9be20e3d8e76f9a2a672407d444cec1"
"MEDIA/IMAGES/00-control-room-instruments-web.jpg","MEDIA/IMAGES/control-room-instruments-web.jpg","image","303456","5421e8cb87f227688dbeeaeb32f04c05fb3aadba2bfe93e22e7bc7c30d41557d"
"MEDIA/IMAGES/00-headphones-microphone-icon-white-source.png","MEDIA/IMAGES/cma-logo-updated-2-alternate-02.png","image","847316","9121739ac3cfa213a7625645c3490ab77d7395f0ccdae19ae042713b6b490ee3"
"MEDIA/IMAGES/00-studio-sign-hero-web.jpg","MEDIA/IMAGES/checkmark-audio-image-f904eeedf6.jpg","image","413360","f904eeedf6264d604255ac94940e823d3edc3568ee958ac82e99144c3303fd90"
"MEDIA/IMAGES/00-studio-video-still-web.jpg","MEDIA/IMAGES/checkmark-audio-image-26f121b7ba.jpg","image","296478","26f121b7ba67a1445cd51b4f79f13654e79a7c93f50dbe6a209c2f700357c40d"
"MEDIA/IMAGES/00-youtube-play-button-source.png","MEDIA/IMAGES/youtube-play-button-source.png","image","1609","387ad526479b6749ba5cc485ac843df0304495c64e343fd346fc85ab0376671b"
"MEDIA/IMAGES/01-cross-icon-source.png","MEDIA/IMAGES/cross-icon-source.png","image","943","c8e8e42ca0ffd7ab845932b9afe7a1b4b2a492889b9202a6490cff39adc9f7dc"
"MEDIA/IMAGES/01-live-room-web.jpg","MEDIA/IMAGES/live-room-web.jpg","image","245187","7417358d486602cbf0eef0561fcb16701e44fa692fef308107c6058bbfd19f13"
"MEDIA/IMAGES/02-blue-microphone-pop-filter-web.jpg","MEDIA/IMAGES/blue-microphone-pop-filter-web.jpg","image","149937","847316f71b4f833043ae9f387e3db2698f7b7c244a6b2e54cac1c1d94a715895"
"MEDIA/IMAGES/02-instagram-icon-source.png","MEDIA/IMAGES/instagram-icon-source.png","image","21768","df7b01e6b275cc45e2d379b42b3072ad5d8b637a6316f31b62945ad86a165742"
"MEDIA/IMAGES/03-artist-portrait-web.jpg","MEDIA/IMAGES/artist-portrait-web.jpg","image","231261","8e014e9478ef893259f19d95fa0eb6038fbf095a51cf399a47055f4cac309b09"
"MEDIA/IMAGES/03-twitter-icon-source.png","MEDIA/IMAGES/twitter-icon-source.png","image","3593","c6eb77c267dec2e6ad2ed96a85bd57778fb8fdd1b34fa2e0e5c55da7c850bebb"
"MEDIA/IMAGES/04-control-room-web.jpg","MEDIA/IMAGES/control-room-web.jpg","image","78438","44e00eedc329e00d4c8e84f2f09e7bda0c914049991213d203390d0afd023866"
"MEDIA/IMAGES/04-live-room-color-wall-source.jpg","MEDIA/IMAGES/checkmark-audio-albuquerque-recording-studio-live-room-1-alternate-02.jpg","image","8514494","d278aa3107f6b15e644ab4ee97dddd0d5a3e20719d56571068e7ea240610e7a7"
"MEDIA/IMAGES/05-control-room-desk-source.jpg","MEDIA/IMAGES/control-room-desk-source-alternate-02.jpg","image","5898240","e46d2dd92ea70bc3bb2960560753e964dad39316e0b31e5d6f1c6746ab99f81d"
"MEDIA/IMAGES/05-control-room-desk-web.jpg","MEDIA/IMAGES/control-room-desk-web.jpg","image","273918","a2820b951917c86b2670818ba237942fedf66ea3097347f6d883f3cbf39ba441"
"MEDIA/IMAGES/05-microphone-pop-filter-web.jpg","MEDIA/IMAGES/microphone-pop-filter-web.jpg","image","84068","947d668f922f3c991714b456203b31945207af35e8f8b6eb17eabbe26d51db8f"
"MEDIA/IMAGES/06-studio-piano-guitar-wall-source.jpg","MEDIA/IMAGES/recording-studio-with-a-vibrant-guitar-mural-at-checkmark-audio-albuquerque-highlighting-the-creative-atmosphere-alternate-02.jpg","image","4621171","1df5d7c761091e61038e845f192d7c905c51fd358e173f28652eecec0bed05b6"
"MEDIA/IMAGES/06-synth-keyboards-web.jpg","MEDIA/IMAGES/synth-keyboards-web.jpg","image","101506","9b4bc9e5caca9fcdd0010fef6096a5fb860d853cc56a22cdde9b90ebda2149be"
"MEDIA/IMAGES/07-compressor-rack-web.jpg","MEDIA/IMAGES/compressor-rack-web.jpg","image","116792","37bc44cb3401c3c1acaaa5100a28627d6180f178f521fa4e43296963da8a67a0"
"MEDIA/IMAGES/07-studio-door-red-wall-source.jpg","MEDIA/IMAGES/waiting-room-in-checkmark-audio-featuring-a-tv-microwave-and-acoustic-treatments-providing-a-comfortable-space-for-relaxation-alternate-02.jpg","image","6562733","45f3d4c3e3c7f7fd89d0206212a37fa7c4a2e5e0dfde160adc7585c4c491e9ad"
"MEDIA/IMAGES/08-richard-baca-title-card-source.jpg","MEDIA/IMAGES/richard-baca-title-card-source.jpg","image","251835","49d419c2e4033558980a42e9e65b68527fbd0b75eeb29ddfdb2bf0062f215247"
"MEDIA/IMAGES/08-vocal-booth-artist-web.jpg","MEDIA/IMAGES/vocal-booth-artist-web.jpg","image","135323","af607f0625c29c612b109a5f8835d4053f795906a9165f7f245706e2bb1a3b8e"
"MEDIA/IMAGES/09-richard-baca-interview-wide-source.jpg","MEDIA/IMAGES/richard-baca-interview-wide-source.jpg","image","122964","e32312e1daec4f472fc6464b6ae39ee638745c354e0b1ada754497e70a9a9870"
"MEDIA/IMAGES/10-richard-baca-interview-close-source.jpg","MEDIA/IMAGES/richard-baca-interview-close-source.jpg","image","184961","df7599493ae353e251d96eff0e19c39cdeb4242d3b74494b68e0dc816d1bc9ac"
"MEDIA/IMAGES/11-richard-baca-interview-second-close-source.jpg","MEDIA/IMAGES/richard-baca-interview-second-close-source.jpg","image","173413","17ede6609b50a73b3d74ee27d192ec23ed8ff0b5b98ee85d640b349f1cb30e2c"
"MEDIA/IMAGES/12-engineer-at-computer-source.jpg","MEDIA/IMAGES/gavin2-alternate-02.jpg","image","9297456","9c90ec50a8799f6e81251cc129fe1f76a8f27e3882c6ef5d37eb6bd900d8c838"
"MEDIA/IMAGES/13-control-room-desk-synth-source.jpg","MEDIA/IMAGES/recording-equipment-in-studio-b-at-checkmark-audio-showcasing-a-modern-well-equipped-workstation-for-audio-production-alternate-02.jpg","image","1658816","4252a13047e418e55705529e72c1b9821fbbb464dbc663bd77f924f5d93e5f9c"
"MEDIA/IMAGES/13-control-room-desk-synth-web.jpg","MEDIA/IMAGES/control-room-desk-synth-web.jpg","image","313210","03ee91e2bb05516de11e4198f32bc59b68fc38ab32f404ec2859800fa301fdf3"
"MEDIA/IMAGES/14-circular-logo-pattern-large-source.png","MEDIA/IMAGES/circular-logo-pattern-large-source-alternate-02.png","image","11733","6f5f48641f26f556a7ea143cb92e586be7626224304f7b81bafabf17c175255a"
"MEDIA/IMAGES/15-circular-logo-pattern-small-source.png","MEDIA/IMAGES/circular-logo-pattern-small-source-alternate-03.png","image","4509","95bff35c3ca387fa1e0fc80b25cda6db10c7ad92e240be07a07c51cad6a968e8"
"MEDIA/IMAGES/16-checkmark-lounge-sign-source.jpg","MEDIA/IMAGES/checkmark-lounge-sign-source-alternate-02.jpg","image","7249555","474421da299b9e1604305cce49c8a666b7bbd55be53f3f765cd50dad82433c83"
"MEDIA/IMAGES/17-piano-guitar-wall-wide-source.jpg","MEDIA/IMAGES/studio2-edited-alternate-02.jpg","image","7218298","39512f06c2edce29df3198b89d2a20d978ad9d91ca9f8a49c8839fd39966948d"
"MEDIA/IMAGES/18-los-angeles-film-school-logo-source.png","MEDIA/IMAGES/los-angeles-film-school-logo-source-alternate-02.png","image","54547","87b217975b8122eb2600768daa53aa883405fa2370d9b72f8fc42213d3b4b6a5"
"MEDIA/IMAGES/19-studio-wall-art-source.jpg","MEDIA/IMAGES/artistic-ceiling-and-wall-decor-in-studio-b-at-checkmark-audio-featuring-unique-paintings-and-acoustic-treatments-for-an-inspiring-recording-environme-alternate-02.jpg","image","6031290","3e2867b300f368d08f9cc2fb25b2b7a31e462cc47cc1e0f1d07272f941e48f69"
"MEDIA/IMAGES/20-control-room-guitars-black-white-source.jpg","MEDIA/IMAGES/a-black-and-white-photograph-of-a-recording-studio-setup-featuring-a-microphone-stand-guitars-and-acoustic-panels-with-geometric-designs-mounted-on-th-alternate-02.jpg","image","2016684","1779582c43e55d81ba246f08a91b62c653bc9ad48e5912db7495c023dd1dfcd1"
"MEDIA/IMAGES/20-control-room-guitars-black-white-web.jpg","MEDIA/IMAGES/control-room-guitars-black-white-web.jpg","image","195989","c7f691d0ea3cd00737bcb35fa5c64fe90b2c3c71cc10eec22ce0be7f94817c5d"
"MEDIA/IMAGES/21-red-wall-couch-source.jpg","MEDIA/IMAGES/waiting-area-with-a-red-accent-wall-at-checkmark-audio-offering-a-relaxing-space-for-artists-between-recording-sessions-alternate-02.jpg","image","8287102","43a0f55ec7282c9e1e39abc637d4bdfd74c71f05101dc60e976ab6e0dca799ef"
"MEDIA/IMAGES/22-purple-artist-motion-source.jpg","MEDIA/IMAGES/purple-artist-motion-source-alternate-02.jpg","image","1110470","7b60a11dd46bdb999f2316fc7b160ed901853c6f7f2b1f1e08dc067e6fc0b96d"
"MEDIA/IMAGES/22-purple-artist-motion-web.jpg","MEDIA/IMAGES/purple-artist-motion-web.jpg","image","254709","5bfab97af478f3028f564493e2a24b68d479ca26ca718dd71f84810a963ff6ff"
"MEDIA/IMAGES/23-producer-keyboard-computer-source.jpg","MEDIA/IMAGES/audio-engineer-richard-working-on-a-mixing-project-in-studio-b-at-checkmark-audio-focused-on-achieving-high-quality-sound-production-alternate-02.jpg","image","6068072","d7fb712aa262ed66bcdd95a408b26e4573e651f0bb5756ab14e1341a4b2777d3"
"MEDIA/IMAGES/23-producer-keyboard-computer-web.jpg","MEDIA/IMAGES/producer-keyboard-computer-web.jpg","image","470737","878b356eec94057094adf9ea8a9c5bcb569f848ed5f1b744c88761e52010118f"
"MEDIA/IMAGES/24-workforce-connection-logo-source.png","MEDIA/IMAGES/workforce-connection-logo-source-alternate-02.png","image","47695","2b4354b24dfb438cc513f664793701e59f40f62ab2d169b6c138c9009e52a609"
"MEDIA/IMAGES/25-artist-portrait-cap-source.jpg","MEDIA/IMAGES/artist-portrait-cap-source-alternate-02.jpg","image","9262751","a028828ff4ae30d49f98b2208d919a47bb4c625b9fe0faa1543d5c1b15829b33"
"MEDIA/IMAGES/25-artist-portrait-cap-web.jpg","MEDIA/IMAGES/artist-portrait-cap-web.jpg","image","211448","e8f7b4e8a7f5630f4f3a0c12f1cffcc9df152a64c194859ab7dec246cac6b38c"
"MEDIA/IMAGES/26-blue-microphone-pop-filter-source.jpg","MEDIA/IMAGES/vocalboothinstudiob-blue-alternate-02.jpg","image","2861621","2ae77cbf8846c8c8b8dca2eba5857df417c245490d1315fe3e4c9a4eca903ebd"
"MEDIA/IMAGES/27-rrfcs-logo-source.png","MEDIA/IMAGES/rrfcs-logo-source-alternate-02.png","image","10447","50ec8f2463b17c2615f02631c5582e741d0830c4120e0f0b00939c3bcd91df22"
"MEDIA/IMAGES/28-microphone-keyboard-overlay-source.jpg","MEDIA/IMAGES/microphone-keyboard-overlay-source.jpg","image","302032","7323176b4e94f26899c4c9fe62e59690274f87579e3059787ccebc0188f21a55"
"MEDIA/IMAGES/29-microphone-keyboard-cma-overlay-01-source.jpg","MEDIA/IMAGES/microphone-keyboard-cma-overlay-01-source.jpg","image","345895","7b274acbf341ff2976a3583b9ebd6adf393de12c8c7b9c83f696ff1b4660e5ea"
"MEDIA/IMAGES/30-microphone-keyboard-cma-overlay-02-source.jpg","MEDIA/IMAGES/microphone-keyboard-cma-overlay-02-source.jpg","image","407580","dbb28c732699ddafc2e9fd286625307e10c672bcadb222ec15569ebc281894ea"
"MEDIA/IMAGES/31-microphone-keyboard-cma-overlay-03-source.jpg","MEDIA/IMAGES/microphone-keyboard-cma-overlay-03-source.jpg","image","451639","f6c74f343bf028811b1a0cbc9fb5c250dd1798b03a00fcdb8844549c6b419294"
"MEDIA/IMAGES/32-red-microphone-pop-filter-source.jpg","MEDIA/IMAGES/albuquerque-music-recording-studio-b-vocal-booth-red-alternate-02.jpg","image","3495111","b18b9f639eab791b4187eca72b8583aabb86438656f22bcc49aada2484622a86"
"MEDIA/IMAGES/33-engineer-at-control-room-source.jpeg","MEDIA/IMAGES/engineer-at-control-room-source-alternate-02.jpeg","image","9049611","b350a31e358f75083f2d7c105d22a3ba2173e5dd7b2fd50ed6ad16c7b92cc196"
"MEDIA/IMAGES/34-studio-guitar-lamp-source.jpg","MEDIA/IMAGES/checkmark-audio-albuquerque-music-studio-control-room-1-alternate-02.jpg","image","8121290","68d231b95f6c81c60dd2ed2150deb5f6aa2f50cfb0a9b7151636b9d531bafd06"
"MEDIA/IMAGES/35-control-room-instruments-source.jpg","MEDIA/IMAGES/studio-b-vocal-booth-checkmark-audio-alternate-02.jpg","image","5668864","3bbffff88929fc2d9383d51276bf6ab1a29c9965cc2bf9f9364b40b47799ed99"
"MEDIA/IMAGES/36-blue-cable-rack-source.jpg","MEDIA/IMAGES/blue-cable-rack-source-alternate-02.jpg","image","9695316","1d728c7e5cdd74825972ad1e292fac9a122f1c213d42f909b06d5eed14f9194d"
"MEDIA/IMAGES/37-dark-microphone-pop-filter-source.jpg","MEDIA/IMAGES/dark-microphone-pop-filter-source-alternate-02.jpg","image","3801088","190eb33f053faa2f7fb2fa39a3522c5c3df904c4a53e10850d0099c8f514999e"
"MEDIA/IMAGES/38-artist-portrait-looking-up-source.jpg","MEDIA/IMAGES/albuquerque-music-studio-checkmark-audio-studio-b-david-posing-in-front-of-picture-alternate-02.jpg","image","26711382","ffe422b2bb798be7f16f7e6f029c26b1f4f7071f7ba99721ae648c8dc24f7ec2"
"MEDIA/IMAGES/38-artist-portrait-looking-up-web.jpg","MEDIA/IMAGES/artist-portrait-looking-up-web.jpg","image","439059","cef050d80da01e1fca03f8628a7181a3d6cfba3cab41928aa89a570c20a9d060"
"MEDIA/IMAGES/39-guitarist-portrait-profile-source.png","MEDIA/IMAGES/richard5-alternate-02.png","image","9973605","ed71267e87cc7b7322966593662b5423a7a37e11f199cd948cf81b0519d7e7cd"
"MEDIA/IMAGES/40-praying-artist-pink-source.jpg","MEDIA/IMAGES/praying-artist-pink-source-alternate-02.jpg","image","2482521","268c6588a866e11410fd006f0e2b7d283d5dc8869417523d0d3cbbafd2712739"
"MEDIA/IMAGES/41-circular-logo-pattern-blur-source.png","MEDIA/IMAGES/circular-logo-pattern-blur-source-alternate-02.png","image","11871","799d07da942567f6f6e2c6f8de7589c4ba32dd80dc3f016cb2e42632bf13510f"
"MEDIA/IMAGES/42-artist-profile-teal-jacket-source.jpg","MEDIA/IMAGES/artist-profile-teal-jacket-source-alternate-02.jpg","image","2750257","f5f3bc13b3930871388bfd331c97c90ead8c9509e602c74fcb0705e456944219"
"MEDIA/IMAGES/42-artist-profile-teal-jacket-web.jpg","MEDIA/IMAGES/artist-profile-teal-jacket-web.jpg","image","231558","4c999f533b98ccd412abfe2ebbf253b64d9477578e82703b57dd8d854a7d5ec9"
"MEDIA/IMAGES/43-artist-speaking-booth-source.jpg","MEDIA/IMAGES/recording-artist-jjune-in-the-vocal-booth-at-checkmark-audio-wearing-headphones-and-ready-for-a-session-in-albuquerque-alternate-02.jpg","image","7007503","2693d53c96c2b96016033b52b24157798fdab07165d95649a5563f59f9541e19"
"MEDIA/IMAGES/43-artist-speaking-booth-web.jpg","MEDIA/IMAGES/artist-speaking-booth-web.jpg","image","634689","3fef19debac315330aec94895754e35ead08c94dc5d4aaf32ca31546cadd61a2"
"MEDIA/IMAGES/44-studio-conversation-source.jpg","MEDIA/IMAGES/checkmark-audio-image-7db224a4b6-alternate-02.jpg","image","16210301","7db224a4b6e528e1ae98394d56a671051e97332db18c61c628db183a1180e0b7"
"MEDIA/IMAGES/44-studio-conversation-web.jpg","MEDIA/IMAGES/checkmark-audio-image-f31fa1f8e0.jpg","image","259143","f31fa1f8e0db705e63e7cf7671e1d7a1cb6884f9abd02c6d9c6955f7d6fe1c6d"
"MEDIA/IMAGES/45-two-people-control-room-source.jpg","MEDIA/IMAGES/two-people-control-room-source-alternate-02.jpg","image","10523904","4cf526ac65527568d4f83a6b96867228f4c2251029f6e5378594307fae770b38"
"MEDIA/IMAGES/45-two-people-control-room-web.jpg","MEDIA/IMAGES/two-people-control-room-web.jpg","image","325829","139dfeae7779d7dc4083b82b9d022380388ebe215baf2dfd0e525e217f135a65"
"MEDIA/IMAGES/46-singer-smoke-stage-source.jpg","MEDIA/IMAGES/checkmark-audio-image-1b03d3b376-alternate-02.jpg","image","946806","1b03d3b376bff2ec12d625b3844f19e110462318c33c70229ab01037c762f3eb"
"MEDIA/IMAGES/46-singer-smoke-stage-web.jpg","MEDIA/IMAGES/singer-smoke-stage-web.jpg","image","141537","bca4687adc4880670e926ce3ccdad10e3fcef1168d9d9a02a586a8ed73b96e56"
"MEDIA/IMAGES/47-lounge-sign-couch-source.jpg","MEDIA/IMAGES/comfortable-waiting-area-in-the-recording-studio-at-checkmark-audio-featuring-a-couch-music-studio-waiting-room-alternate-02.jpg","image","7728928","d7368a26c8ce3330f246d435a15bfaa81a9c5f55e36f01ef2e0530ab80dd3eca"
"MEDIA/IMAGES/48-control-room-black-white-source.jpg","MEDIA/IMAGES/control-room-black-white-source-alternate-02.jpg","image","1157178","2cf379065ea3b496ea6d3a5eb8202552ae803f5f3f99e52bf6478b103781c7cb"
"MEDIA/IMAGES/49-computer-session-couch-wide-source.jpg","MEDIA/IMAGES/studio5-edited-alternate-02.jpg","image","7572873","f6c8a8ddf840bcdd88a7abfc3289ae1c1faa0c8c4020f1aea0922706228f34fc"
"MEDIA/IMAGES/49-computer-session-couch-wide-web.jpg","MEDIA/IMAGES/computer-session-couch-wide-web.jpg","image","396882","1d4649dc486892da4902900efb6f6b2660286ba1a555553d97800ba4f694cbf9"
"MEDIA/IMAGES/50-computer-session-couch-close-source.jpg","MEDIA/IMAGES/albuquerque-music-recording-studio-engineer-working-at-a-computer-station-in-the-studio-at-checkmark-audio-focused-on-mixing-and-sound-production-alternate-02.jpg","image","8788200","2f15de8e162186b39b3f276f18024ed6e32a01a35f3a5a6b5879ab996389d50b"
"MEDIA/IMAGES/51-vocal-booth-artist-back-source.jpg","MEDIA/IMAGES/vocal-booth-artist-back-source-alternate-02.jpg","image","16833350","2d3d558777b20844c2dc1cd9ad328e06622dc536ef5d46bd838fa59672a2ba39"
"MEDIA/IMAGES/51-vocal-booth-artist-back-web.jpg","MEDIA/IMAGES/vocal-booth-artist-back-web.jpg","image","242259","fb878bf8a6593a373f9b3363d3a14aa78076e9470ff2827e063c0ccfc67a80b0"
"MEDIA/IMAGES/52-studio-guitar-lamp-wide-source.jpg","MEDIA/IMAGES/acoustic-guitars-and-custom-soundproofing-in-studio-a-at-checkmark-audio-creating-a-professional-environment-for-music-production-alternate-02.jpg","image","6497817","0deb97b8623c63609c45e3b61d82f6e0dee077fd31dcf30767a67ca2b299e576"
"MEDIA/IMAGES/53-cma-microphone-logo-source.jpg","MEDIA/IMAGES/checkmark-audio-music-studio-logo-2-alternate-03.jpg","image","860525","e03b9a3c299613b28b6955a83d8fc8bc37e74b746a669e05085453819acd40b3"
"MEDIA/IMAGES/54-control-room-instruments-wide-source.jpg","MEDIA/IMAGES/studio-b-recording-setup-at-checkmark-audio-showcasing-guitars-a-microphone-and-professional-acoustic-treatment-in-albuquerque-alternate-02.jpg","image","4384162","8010ffe6cbaa065ee3bc40f6baf2748401f45bd092b3e873fed3575f930866d1"
"MEDIA/IMAGES/54-control-room-instruments-wide-web.jpg","MEDIA/IMAGES/control-room-instruments-wide-web.jpg","image","263719","a5c1f21b691b286c255cb14f7e925620cd305d85dc492d765c8ee3f744538df2"
"MEDIA/IMAGES/55-live-room-color-wall-alt-source.jpg","MEDIA/IMAGES/albuquerque-nm-music-recording-studio-live-room-alternate-02.jpg","image","6169428","658b9059413df166ed3d165755a62f09e8de6a40f88d5d546af215f33d6b0212"
"MEDIA/IMAGES/56-checkmark-audio-demo-reel-title-01-source.jpg","MEDIA/IMAGES/checkmark-audio-demo-reel-title-01-source.jpg","image","232318","4c2832591a310eb36f0283f90fb1df34f366e98386e18a648b4ddb63e4b47f51"
"MEDIA/IMAGES/57-after-checkmark-sign-source.jpg","MEDIA/IMAGES/after-checkmark-sign-source.jpg","image","484823","e16bc893f33567efd6b0a48857ce95325b879f43cfb115a51254f4a05a2ed7b8"
"MEDIA/IMAGES/58-after-motion-blur-source.jpg","MEDIA/IMAGES/after-motion-blur-source.jpg","image","157056","7294de7ffb67a190617d05728a093cc439717aeff8cab15e6e4a4f9488f57309"
"MEDIA/IMAGES/59-before-checkmark-sign-source.jpg","MEDIA/IMAGES/before-checkmark-sign-source.jpg","image","238513","992976d33d46bd1707174590148c205e04d238657817f87755d63bd372e416d3"
"MEDIA/IMAGES/60-synth-keyboards-source.jpg","MEDIA/IMAGES/synth-keyboards-source-alternate-02.jpg","image","4128768","f1557baf5a74b2ab9a9183ebdecc142be924876b8425e8ad497e3020a92adca2"
"MEDIA/IMAGES/61-studio-mural-guitars-source.jpg","MEDIA/IMAGES/cozy-recording-studio-at-checkmark-audio-featuring-colorful-wall-art-and-a-comfortable-sofa-in-albuquerque-alternate-02.jpg","image","5160794","3840bb419f4a82c99cb96cbd9cca2b14e20590df847ca0a48a22172c99930593"
"MEDIA/IMAGES/61-studio-mural-guitars-web.jpg","MEDIA/IMAGES/checkmark-audio-image-55947d3aaf.jpg","image","443248","55947d3aaf03cb14ab38215ecf7feef53afb5346e69d5a4a45299657554b9509"
"MEDIA/IMAGES/62-headphones-mic-icon-source.jpg","MEDIA/IMAGES/cma-logo-alternate-02.jpg","image","265356","a0ebaf821935b313972a9d1258ec348b9f318ff9915c8bb817013d0774a97b14"
"MEDIA/IMAGES/63-blue-booth-microphone-source.jpg","MEDIA/IMAGES/close-up-of-a-microphone-in-the-vocal-booth-at-checkmark-audios-studio-b-optimized-for-capturing-clear-and-precise-vocal-performances-alternate-02.jpg","image","1535025","d141080bc9201dfbe7345fd1714c4811f72188fc8af01cb9d5d859a29955ce95"
"MEDIA/IMAGES/63-blue-booth-microphone-web.jpg","MEDIA/IMAGES/blue-booth-microphone-web.jpg","image","333485","a894a96c1bbf12d4d31bfb56c917e7aa85064b6065ac57c9cd4d7043b50e3652"
"MEDIA/IMAGES/64-studio-sign-hero-source.jpg","MEDIA/IMAGES/checkmark-audio-image-9ab1f2e17d-alternate-02.jpg","image","11984797","9ab1f2e17d41216010af51651210b51c482def9a2f0e979ddb4b539605e08f6b"
"MEDIA/IMAGES/65-dark-video-frame-source.jpg","MEDIA/IMAGES/dark-video-frame-source.jpg","image","46095","2ea172cff7937de60c7bde9e7d6409e552f88230215de6f529ba975bdb028e45"
"MEDIA/IMAGES/66-dark-studio-frame-source.jpg","MEDIA/IMAGES/dark-studio-frame-source.jpg","image","129407","2e90734ed15c50fa1ed860b2273af05970752bf260101734ea39459086f719f7"
"MEDIA/IMAGES/67-exterior-lesmens-building-source.jpg","MEDIA/IMAGES/exterior-lesmens-building-source.jpg","image","282885","917f8faf4cc87f89a35affa06af8906bb964727ce18f6b526b774b79a07e6001"
"MEDIA/IMAGES/68-exterior-lesmens-building-close-source.jpg","MEDIA/IMAGES/exterior-lesmens-building-close-source.jpg","image","288003","db09f46db0979c247ea06a88441994db8d3dd69633523c376a9088cdb0ed8838"
"MEDIA/IMAGES/69-bbb-accredited-business-logo-source.png","MEDIA/IMAGES/bbb-accredited-business-logo-source.png","image","4755","6679ecf6f279876078362217ccf74cef7ebe5417e3b3744f80a4537363900a9b"
"MEDIA/IMAGES/70-blue-microphone-close-source.jpg","MEDIA/IMAGES/blue-microphone-close-source-alternate-02.jpg","image","6914048","1906cb68c4422ccd5f68c4f666ebb0a60c7843bb470305b45d41bcfe652959c8"
"MEDIA/IMAGES/71-checkmark-sign-close-source.jpeg","MEDIA/IMAGES/checkmark-music-studio-recording-vocals-sign-alternate-03.jpeg","image","2097542","5d1ce46bc3c72df361de8013157c90ea9e5be50762160864039c7c84c20268de"
"MEDIA/IMAGES/72-headphones-mic-icon-white-source.png","MEDIA/IMAGES/headphones-mic-icon-white-source-alternate-02.png","image","2675136","05d00e57fcc713e45ba67cd51d36cfe484d876ebb36b019056527bdca3f4d801"
"MEDIA/IMAGES/73-engineer-at-rack-source.jpg","MEDIA/IMAGES/richard-in-a-recording-studio-wearing-large-over-ear-headphones-focused-on-a-computer-screen-various-audio-equipment-including-mixers-and-studio-monit-alternate-02.jpg","image","6445361","c75494d339793a592106860fcdb7f5c4ab0353032eaa7724f92ac2fa4db89d96"
"MEDIA/IMAGES/73-engineer-at-rack-web.jpg","MEDIA/IMAGES/engineer-at-rack-web.jpg","image","417832","ff245ed6d2605c2d27cf3af01c199c735e382888006a54fa3083be97ecc1526b"
"MEDIA/IMAGES/74-mixing-console-black-white-source.jpg","MEDIA/IMAGES/mixing-console-black-white-source-alternate-02.jpg","image","8420934","8664de10b9ef43a63374cea581d59ac93cfde16d74e14b942057cbf2c4e7b124"
"MEDIA/IMAGES/74-mixing-console-black-white-web.jpg","MEDIA/IMAGES/mixing-console-black-white-web.jpg","image","509221","0f534199b055a38f8d7a439060190a142e467e965758744ec9512b37c5533260"
"MEDIA/IMAGES/75-studio-mural-guitars-wide-source.jpg","MEDIA/IMAGES/studio-mural-guitars-wide-source-alternate-02.jpg","image","6948403","6c37a87fb55adaf6b8c8fe2af50db881879cbe59a064ce334763057834470ee9"
"MEDIA/IMAGES/76-control-room-speaker-mural-source.jpg","MEDIA/IMAGES/control-room-speaker-mural-source-alternate-02.jpg","image","7039865","c39a739a546eaad61d64a734637006aa3f6d679275163714ae89a4ca8c07a667"
"MEDIA/IMAGES/77-microphone-mixer-close-source.jpg","MEDIA/IMAGES/a-studio-microphone-set-up-in-front-of-a-mixing-console-with-glowing-meters-and-a-soft-background-blur-capturing-the-essence-of-vocal-recording-in-a-p-alternate-02.jpg","image","3670016","b166acf9176e8bd958b7998ea9220cfb5c07bebfcf8030b1c1f76a45b649cab1"
"MEDIA/IMAGES/78-microphone-sign-background-source.jpg","MEDIA/IMAGES/microphone-sign-background-source-alternate-02.jpg","image","4816896","bffc5ac6614215b015de74bde9918c271568b8c766514b38922f46dbd84f905e"
"MEDIA/IMAGES/79-saxophone-player-wall-source.jpg","MEDIA/IMAGES/studio12-edited-edited-alternate-02.jpg","image","8076972","e050a2d6c2a23751108d06ec8e7f6ae75c2801c61448544b4ba2facfc3097c1d"
"MEDIA/IMAGES/80-vocal-booth-artist-back-02-source.jpg","MEDIA/IMAGES/vocal-booth-artist-back-02-source-alternate-02.jpg","image","16574775","a01d9791b8811cc98c8ac790990cd264b76d35b687bb02bff1034f28b0d33403"
"MEDIA/IMAGES/81-purple-booth-curtain-source.jpg","MEDIA/IMAGES/purple-booth-curtain-source-alternate-02.jpg","image","6356992","f174896b023baeceb9cc14c53cc6c89f7557486ae39e44e3f9c4039e3f71247e"
"MEDIA/IMAGES/82-namm-logo-source.png","MEDIA/IMAGES/namm-logo-source-alternate-02.png","image","6851","cc194587fed1e89ba98de055d27014c00acdbed4ded8014be27e068a92451401"
"MEDIA/IMAGES/83-two-engineers-control-room-source.jpg","MEDIA/IMAGES/audio-engineers-richard-and-marz-working-on-a-project-in-studio-b-at-checkmark-audio-albuquerque-capturing-a-focused-and-collaborative-music-productio-alternate-02.jpg","image","7874759","d51b9490dee9d730b3142fe578994926ee1fa643071f299360206ba1bae68680"
"MEDIA/IMAGES/83-two-engineers-control-room-web.jpg","MEDIA/IMAGES/two-engineers-control-room-web.jpg","image","649002","c27a9dcdc1b2f08ad20050e5c7d46b1245c6c8b05e101307b0cde2534a4335dc"
"MEDIA/IMAGES/84-checkmark-audio-demo-reel-title-02-source.jpg","MEDIA/IMAGES/checkmark-audio-demo-reel-title-02-source-alternate-02.jpg","image","917129","e94c2fa37e8ea598598681c13bae10e63b448789a14e8e03076972feba70a4e0"
"MEDIA/IMAGES/85-artist-speaking-booth-close-source.jpg","MEDIA/IMAGES/artist-speaking-booth-close-source-alternate-02.jpg","image","8577428","188effed58f2aaa75b39ebda781c6040643f1123c8860ad463c3a6a1e257ae4b"
"MEDIA/IMAGES/85-artist-speaking-booth-close-web.jpg","MEDIA/IMAGES/artist-speaking-booth-close-web.jpg","image","497548","3d94f157380bdcd48c7e6421a473046dd2c3ee3e5a273d6966d8918f87c5fada"
"MEDIA/IMAGES/86-library-logo-source.webp","MEDIA/IMAGES/library-logo-source-alternate-02.webp","image","11320","5ac9cf10845290bf4f47c02420e36f5e9d5d0571944b218115843311739e3f25"
"MEDIA/IMAGES/87-compressor-rack-close-source.jpg","MEDIA/IMAGES/a-close-up-shot-of-various-audio-equipment-knobs-and-dials-in-a-recording-studio-showcasing-the-detailed-controls-for-sound-engineering-and-mixing-at-alternate-02.jpg","image","5275648","654681f1cfcc857fc594267fa996b72af6c3e5aa944b72cc069129a766d9fa33"
"MEDIA/IMAGES/88-top-pro-awards-logo-source.jpg","MEDIA/IMAGES/top-pro-awards-logo-source-alternate-02.jpg","image","19920","5ec81bc93c994847a515540a082460d276c739ccfe3915329c9e7703cfe64e71"
"MEDIA/IMAGES/89-soundcloud-logo-source.png","MEDIA/IMAGES/soundcloud-logo-source.png","image","2557","e0e39f863483af4fad16fd3f04c064466c9dbf89ffb85500d00468d580a6bfe4"
"MEDIA/IMAGES/albuquerque-music-recording-studio-b-vocal-booth-red.jpg","MEDIA/IMAGES/vocal-booth-microphone-red-light-view-01.jpg","image","3495111","b18b9f639eab791b4187eca72b8583aabb86438656f22bcc49aada2484622a86"
"MEDIA/IMAGES/albuquerque-music-recording-studio-b-vocal-booth.jpg","MEDIA/IMAGES/vocal-booth-microphone-green-light-view-08.jpg","image","5070712","e89efafa2751daf1bb3d2ee3df326187bb4fe49de8664c187c5662ba19e75c35"
"MEDIA/IMAGES/vocal-booth-microphone-teal-light-view-02.jpg","MEDIA/IMAGES/vocal-booth-microphone-green-light-view-09.jpg","image","6029312","512499f25676dd491af6cc9292c78ca74332efd86a8452f98217704cb73089f8"
"MEDIA/IMAGES/blue-microphone-pop-filter.jpg","MEDIA/IMAGES/vocal-booth-microphone-blue-light-view-12.jpg","image","149937","847316f71b4f833043ae9f387e3db2698f7b7c244a6b2e54cac1c1d94a715895"
"MEDIA/IMAGES/vocal-recording-albuquerque-nm-blue-microphone-close-up.jpg","MEDIA/IMAGES/vocal-booth-microphone-blue-light-view-13.jpg","image","6914048","1906cb68c4422ccd5f68c4f666ebb0a60c7843bb470305b45d41bcfe652959c8"
"MEDIA/IMAGES/studio-b-vocal-booth-microphone.jpg","MEDIA/IMAGES/vocal-booth-microphone-teal-light-view-03.jpg","image","1535025","d141080bc9201dfbe7345fd1714c4811f72188fc8af01cb9d5d859a29955ce95"
"MEDIA/IMAGES/vocal-recording-albuquerque-nm-blue-booth-microphone.jpg","MEDIA/IMAGES/vocal-booth-microphone-teal-light-view-04.jpg","image","333485","a894a96c1bbf12d4d31bfb56c917e7aa85064b6065ac57c9cd4d7043b50e3652"
"MEDIA/IMAGES/vocal-recording-albuquerque-nm-purple-booth-curtain.jpg","MEDIA/IMAGES/studio-b-vocal-booth-purple-light-view-01.jpg","image","6356992","f174896b023baeceb9cc14c53cc6c89f7557486ae39e44e3f9c4039e3f71247e"
"MEDIA/IMAGES/vocal-recording-albuquerque-studio-b-neon-microphone-booth-checkmark-audio.jpg","MEDIA/IMAGES/studio-b-vocal-booth-purple-light-view-02.jpg","image","7503872","3d32763ba69c3d5dc08233e477f4e41ad0ad90c59da1ec4079fdd66055ec6fe5"
"MEDIA/IMAGES/control-room-guitars-black-white.jpg","MEDIA/IMAGES/studio-b-instrument-room-black-and-white-view-01.jpg","image","195989","c7f691d0ea3cd00737bcb35fa5c64fe90b2c3c71cc10eec22ce0be7f94817c5d"
"MEDIA/IMAGES/control-room-instruments-wide.jpg","MEDIA/IMAGES/studio-b-instrument-room-view-01.jpg","image","263719","a5c1f21b691b286c255cb14f7e925620cd305d85dc492d765c8ee3f744538df2"
"MEDIA/IMAGES/studio-b-vocal-booth-checkmark-audio.jpg","MEDIA/IMAGES/studio-b-instrument-room-view-02.jpg","image","5668864","3bbffff88929fc2d9383d51276bf6ab1a29c9965cc2bf9f9364b40b47799ed99"
"MEDIA/IMAGES/studio-compressor-rack-close-up.jpg","MEDIA/IMAGES/checkmark-audio-music-studio-equipment-view-07.jpg","image","2433095","2101ff042eeed5c79b0110466978370d3da3e3a1349404fe0353b0baf6dacae0"
"MEDIA/IMAGES/gavin-hammond-black-and-white-headshot-view-03.jpg","MEDIA/IMAGES/gavin-hammond-studio-headshot-black-and-white.jpg","image","263938","77fb40df6512cfd66162bb73219add7de9f0f4f495b040b967808d7ba9107d64"
"MEDIA/IMAGES/gavin-hammond-piano-teacher-picture-view-03.jpg","MEDIA/IMAGES/gavin-hammond-studio-headshot-view-03.jpg","image","211426","5d7f77a33c7e29fee67e84168e247482f41f1a610a0bc2bb45dac34df7f76c4f"
"MEDIA/IMAGES/gavin-hammond-piano-teacher-picture.jpg","MEDIA/IMAGES/gavin-hammond-studio-headshot-view-04.jpg","image","344920","77955f9b3b5c2bfe3cecb38b451f0a72b3d5b4ba15bc481c654e2c22db759082"
"MEDIA/IMAGES/checkmark-audio-music-studio-mixer.jpg","MEDIA/IMAGES/mixing-console-close-up-view-01.jpg","image","11095022","53bd5ee515793bc9ddcf040c3952bf4c1fa448534fb5b13661b1f7f425e9547b"
"MEDIA/IMAGES/mixing-mastering-albuquerque-nm-studio-console.jpg","MEDIA/IMAGES/mixing-console-close-up-view-02.jpg","image","1496849","11caaaa81062524465953571a392db1adbecc8c7c31bec7c6dc30f3aeac9cda1"
"MEDIA/IMAGES/mixing-console-black-white-view-03.jpg","MEDIA/IMAGES/mixing-console-close-up-black-and-white-view-01.jpg","image","509221","0f534199b055a38f8d7a439060190a142e467e965758744ec9512b37c5533260"
"MEDIA/IMAGES/mixing-console-black-white.jpg","MEDIA/IMAGES/mixing-console-close-up-black-and-white-view-02.jpg","image","8420934","8664de10b9ef43a63374cea581d59ac93cfde16d74e14b942057cbf2c4e7b124"
"MEDIA/IMAGES/music-studio-control-room-checkmark-audio-view-06.jpg","MEDIA/IMAGES/music-studio-desk-checkmark-audio-view-06.jpg","image","12123598","e1eab1ef50e08d77d69029daa537dbf4984f5f4aa1d48af8bfc33f136edbcbdc"
"MEDIA/IMAGES/music-production-desk-black-and-white-view-02.jpg","MEDIA/IMAGES/music-studio-desk-checkmark-audio-black-and-white-view-02.jpg","image","138469","50932b9470cbb82e2981a2e093e4dc837f93e78d97add3996416fc5851f0b5ca"
"MEDIA/IMAGES/albuquerque-music-studio-checkmark-audio-studio-b-david-posing-in-front-of-picture.jpg","MEDIA/IMAGES/male-artist-looking-up-studio-portrait-view-01.jpg","image","26711382","ffe422b2bb798be7f16f7e6f029c26b1f4f7071f7ba99721ae648c8dc24f7ec2"
"MEDIA/IMAGES/artist-portrait-looking-up.jpg","MEDIA/IMAGES/male-artist-looking-up-studio-portrait-view-02.jpg","image","439059","cef050d80da01e1fca03f8628a7181a3d6cfba3cab41928aa89a570c20a9d060"
"MEDIA/IMAGES/artist-speaking-booth-close-view-03.jpg","MEDIA/IMAGES/jjune-vocal-recording-session-view-01.jpg","image","497548","3d94f157380bdcd48c7e6421a473046dd2c3ee3e5a273d6966d8918f87c5fada"
"MEDIA/IMAGES/male-singer-vocal-booth-microphone-performance.jpg","MEDIA/IMAGES/jjune-vocal-recording-session-view-02.jpg","image","634689","3fef19debac315330aec94895754e35ead08c94dc5d4aaf32ca31546cadd61a2"
"MEDIA/IMAGES/audio-engineer-albuquerque-nm-studio-rack-workstation.jpg","MEDIA/IMAGES/richard-baca-engineering-at-console-view-01.jpg","image","417832","ff245ed6d2605c2d27cf3af01c199c735e382888006a54fa3083be97ecc1526b"
"MEDIA/IMAGES/audio-engineers-collaborating-studio.jpg","MEDIA/IMAGES/richard-baca-and-marz-studio-session-view-01.jpg","image","9540499","675fe9ffe2536044e3fcd4648c33d84dca5969b17eb4ac283b97f7dc4de75158"
"MEDIA/IMAGES/two-engineers-control-room.jpg","MEDIA/IMAGES/richard-baca-and-marz-studio-session-view-02.jpg","image","649002","c27a9dcdc1b2f08ad20050e5c7d46b1245c6c8b05e101307b0cde2534a4335dc"
"MEDIA/IMAGES/computer-session-couch-wide.jpg","MEDIA/IMAGES/richard-baca-mixing-workstation-view-01.jpg","image","396882","1d4649dc486892da4902900efb6f6b2660286ba1a555553d97800ba4f694cbf9"
"MEDIA/IMAGES/mixing-engineer-at-studio-workstation-view-03.jpg","MEDIA/IMAGES/richard-baca-mixing-workstation-view-02.jpg","image","8325521","dcd3cd28fe2e6928de523f02148ea8a21e63b76f581ef7fd197c23af0b516599"
"MEDIA/IMAGES/mixing-engineer-at-studio-workstation-view-04.jpg","MEDIA/IMAGES/richard-baca-mixing-workstation-view-03.jpg","image","7572873","f6c8a8ddf840bcdd88a7abfc3289ae1c1faa0c8c4020f1aea0922706228f34fc"
"MEDIA/IMAGES/mixing-engineer-at-studio-workstation.jpg","MEDIA/IMAGES/richard-baca-mixing-workstation-view-04.jpg","image","8788200","2f15de8e162186b39b3f276f18024ed6e32a01a35f3a5a6b5879ab996389d50b"
"MEDIA/IMAGES/music-producer-keyboard-daw-workstation.jpg","MEDIA/IMAGES/richard-baca-mixing-workstation-view-05.jpg","image","470737","878b356eec94057094adf9ea8a9c5bcb569f848ed5f1b744c88761e52010118f"
"MEDIA/IMAGES/mixing-mastering-albuquerque-nm-compressor-rack.jpg","MEDIA/IMAGES/studio-compressor-rack-close-up-view-01.jpg","image","116792","37bc44cb3401c3c1acaaa5100a28627d6180f178f521fa4e43296963da8a67a0"
"MEDIA/IMAGES/studio-audio-controls-close-up.jpg","MEDIA/IMAGES/studio-compressor-rack-close-up-view-02.jpg","image","5275648","654681f1cfcc857fc594267fa996b72af6c3e5aa944b72cc069129a766d9fa33"
"MEDIA/IMAGES/vocal-booth-artist-back-02.jpg","MEDIA/IMAGES/vocal-booth-artist-back-green-light-view-01.jpg","image","16574775","a01d9791b8811cc98c8ac790990cd264b76d35b687bb02bff1034f28b0d33403"
"MEDIA/IMAGES/vocal-recording-albuquerque-nm-artist-booth-rear.jpg","MEDIA/IMAGES/vocal-booth-artist-back-green-light-view-02.jpg","image","135323","af607f0625c29c612b109a5f8835d4053f795906a9165f7f245706e2bb1a3b8e"
"MEDIA/IMAGES/vocal-recording-artist-booth-green-light.jpg","MEDIA/IMAGES/vocal-booth-artist-back-green-light-view-03.jpg","image","9443465","83dec30e70b1b97c590852f453d6b9aa9eee1f3d25e9bbf9c89ed5b40b4c6bd0"
"MEDIA/IMAGES/vocal-booth-artist-back-view-03.jpg","MEDIA/IMAGES/vocal-booth-artist-back-purple-light-view-01.jpg","image","242259","fb878bf8a6593a373f9b3363d3a14aa78076e9470ff2827e063c0ccfc67a80b0"
"MEDIA/IMAGES/vocal-booth-artist-back.jpg","MEDIA/IMAGES/vocal-booth-artist-back-purple-light-view-02.jpg","image","16833350","2d3d558777b20844c2dc1cd9ad328e06622dc536ef5d46bd838fa59672a2ba39"
"MEDIA/IMAGES/vocal-recording-artist-booth-blue-light.jpg","MEDIA/IMAGES/vocal-booth-artist-back-purple-light-view-03.jpg","image","9807063","ac2495f4a29a9675b5ef12324a762dc3c7a14671abbdc1dc9f699bfa05c80efd"
"MEDIA/IMAGES/a-close-up-shot-of-a-blue-drum-kit-with-microphones-set-up-for-recording.jpg","MEDIA/IMAGES/studio-b-drum-recording-setup-view-01.jpg","image","4194304","c89ce48c55eb4b8dc904eed10d6d82784da97ed54608cdcfa832a51895290e2a"
"MEDIA/IMAGES/albuquerque-music-studio-waiting-room.jpg","MEDIA/IMAGES/checkmark-audio-lounge-sign-view-01.jpg","image","1741723","4df46fb1893446068fe1ba13fea4f79af0128c1603c7f0ee9aca1692a37b2640"
"MEDIA/IMAGES/albuquerque-recording-music-studio-checkmarkaudio-gavin-profile-pic.jpg","MEDIA/IMAGES/gavin-hammond-studio-console-portrait-view-01.jpg","image","4179203","fa72454fccc30d9d4ea2e1a05029d2aee40fad2abb94dd77a5ef66d9b21b94da"
"MEDIA/IMAGES/gavin-checkmark-audio-music-studio-albuquerque.jpg","MEDIA/IMAGES/gavin-hammond-studio-console-portrait-view-02.jpg","image","3634780","0ecf703480d5f1bcd9c6ecf3b30784cb2cc0e11cf8b2209613152f6f6cce2d22"
"MEDIA/IMAGES/artist-portrait-cap-view-03.jpg","MEDIA/IMAGES/male-artist-blue-cap-studio-headshot-view-01.jpg","image","211448","e8f7b4e8a7f5630f4f3a0c12f1cffcc9df152a64c194859ab7dec246cac6b38c"
"MEDIA/IMAGES/artists-cafe-country-medicine-footer-picture-1.jpeg","MEDIA/IMAGES/country-medicine-singer-studio-headphones-view-01.jpeg","image","1226731","310b24ce750f6f75b80effd8b6246557b59610d66df0882ee5fc800aaeb044cf"
"MEDIA/IMAGES/country-meds-singer-studio-headphones.jpg","MEDIA/IMAGES/country-medicine-singer-studio-headphones.jpg","image","1256520","9a96b71895d7ff84817b2a2a32260c00750200621ea16f7a956d95ad47ae7c25"
"MEDIA/IMAGES/artists-cafe-milli-footer-picture-3.jpg","MEDIA/IMAGES/millie-black-and-white-album-cover-background.jpg","image","4063558","b683adb438d910ea3df509689f260201b8c8db769aba601b2315288b9ba39d86"
"MEDIA/IMAGES/audio-mixing-before-after-checkmark-studio-sign.jpg","MEDIA/IMAGES/checkmark-audio-studio-mural-sign-before-after-demo.jpg","image","484823","e16bc893f33567efd6b0a48857ce95325b879f43cfb115a51254f4a05a2ed7b8"
"MEDIA/IMAGES/checkmark-music-studio-recording-vocals-sign.jpeg","MEDIA/IMAGES/checkmark-audio-studio-mural-sign-view-01.jpeg","image","2097542","5d1ce46bc3c72df361de8013157c90ea9e5be50762160864039c7c84c20268de"
"MEDIA/IMAGES/control-room-desk-synth.jpg","MEDIA/IMAGES/studio-b-control-room-desk-synth-view-01.jpg","image","313210","03ee91e2bb05516de11e4198f32bc59b68fc38ab32f404ec2859800fa301fdf3"
"MEDIA/IMAGES/studio-b-music-production-workstation.jpg","MEDIA/IMAGES/studio-b-control-room-desk-synth-view-02.jpg","image","1658816","4252a13047e418e55705529e72c1b9821fbbb464dbc663bd77f924f5d93e5f9c"
"MEDIA/IMAGES/music-production-albuquerque-nm-control-room-desk.jpg","MEDIA/IMAGES/control-room-desk-view-04.jpg","image","5898240","e46d2dd92ea70bc3bb2960560753e964dad39316e0b31e5d6f1c6746ab99f81d"
"MEDIA/IMAGES/studio-control-room-speakers-and-desk.jpg","MEDIA/IMAGES/control-room-speaker-mural-view-01.jpg","image","8273071","ee736e372df99b4b815b084a2019cf87f703f5c97a5c5b4a950d1ebe2f852db7"
"MEDIA/IMAGES/vocal-recording-albuquerque-nm-dark-microphone-pop-filter.jpg","MEDIA/IMAGES/dark-microphone-pop-filter-view-01.jpg","image","84068","947d668f922f3c991714b456203b31945207af35e8f8b6eb17eabbe26d51db8f"
"MEDIA/IMAGES/diego-head-shot-2.jpg","MEDIA/IMAGES/diego-headshot-view-01.jpg","image","2366584","3b82323ef43ff1322068ccf9d323a13ae4fdfa0798be2899a2836f27a43df72f"
"MEDIA/IMAGES/male-artist-reclining-close-up-portrait.jpg","MEDIA/IMAGES/diego-headshot-view-02.jpg","image","2555904","23bf429350930bb6a21c4bb799658d06a41da7b7b4f8751a04a499c09dbdc9f5"
"MEDIA/IMAGES/purple-artist-motion-view-03.jpg","MEDIA/IMAGES/female-guitarist-purple-motion-portrait-view-01.jpg","image","254709","5bfab97af478f3028f564493e2a24b68d479ca26ca718dd71f84810a963ff6ff"
"MEDIA/IMAGES/singer-stage-smoke-view-02.jpg","MEDIA/IMAGES/female-singer-smoke-stage-performance-view-01.jpg","image","946806","1b03d3b376bff2ec12d625b3844f19e110462318c33c70229ab01037c762f3eb"
"MEDIA/IMAGES/gavin-hammond-albuquerque-nm-recording-studio-portrait.jpg","MEDIA/IMAGES/gavin-hammond-studio-portrait-view-01.jpg","image","7537918","1d5f4e8f9a9727f79733307b1dcd4e38e60b6c6d8e4c2b9e016639f296d65ab4"
"MEDIA/IMAGES/mixing-albuquerque-dimly-lit-studio-workstation-checkmark-audio.jpg","MEDIA/IMAGES/studio-control-room-workstation-view-01.jpg","image","5439488","eadff02975442387f1c96eb9ae935a9930d618201d698a8b1b1f7f142f1ac04c"
"MEDIA/IMAGES/music-production-albuquerque-nm-stacked-synth-keyboards.jpg","MEDIA/IMAGES/synth-keyboards-view-01.jpg","image","4128768","f1557baf5a74b2ab9a9183ebdecc142be924876b8425e8ad497e3020a92adca2"
"MEDIA/IMAGES/vocal-recording-microphone-console.jpg","MEDIA/IMAGES/vocal-recording-albuquerque-nm-control-room-microphone-view-01.jpg","image","3670016","b166acf9176e8bd958b7998ea9220cfb5c07bebfcf8030b1c1f76a45b649cab1"
"MEDIA/IMAGES/151598738237325 2 copy.JPG","MEDIA/IMAGES/recording-session-behind-the-scenes-checkmark-audio-view-01.jpg","image","59570","ac64af34e593422db7e307d36063bbf77b840b945011f6f4c9a5bc89540af5b9"
"MEDIA/IMAGES/151598738237325 2.JPG","MEDIA/IMAGES/recording-session-behind-the-scenes-checkmark-audio-view-02.jpg","image","59570","ac64af34e593422db7e307d36063bbf77b840b945011f6f4c9a5bc89540af5b9"
"MEDIA/IMAGES/IMG_3054_SnapseedCopy.HEIC","MEDIA/IMAGES/recording-session-behind-the-scenes-checkmark-audio-view-03.jpg","image","8386245","795e1b4c76a0bad1de9073a73767e0c259d3a479da20ee8b9bbd59f47280051a"
"MEDIA/IMAGES/IMG_3637.HEIC","MEDIA/IMAGES/recording-session-behind-the-scenes-checkmark-audio-view-04.jpg","image","2926772","6bbdfefa870df36c1e4ff52ef4ee2bad03df8166f7f2d6c104dcc6e42d73f76b"
"MEDIA/IMAGES/IMG_3638.HEIC","MEDIA/IMAGES/recording-session-behind-the-scenes-checkmark-audio-view-05.jpg","image","1157422","48f93322ddc52ea744e0df756028a29e99c336b92717c475343c24d6d21b287c"
"MEDIA/IMAGES/IMG_3640.HEIC","MEDIA/IMAGES/recording-session-behind-the-scenes-checkmark-audio-view-06.jpg","image","3244320","3f3b414c6a5a592f2bc0bf2c4ab0d019764d8a35696833d33049410769044108"
"MEDIA/IMAGES/PXL_20250703_004802091.MP~2.jpg","MEDIA/IMAGES/recording-session-behind-the-scenes-checkmark-audio-view-07.jpg","image","2058125","e401ee3f72124723b7cf7a72d7441264c9a7b11dfce3117c941778c2f064b5eb"
"MEDIA/IMAGES/505-unchained1.jpg","MEDIA/IMAGES/unchained-albuquerque-music-scene-checkmark-audio-client-view-01.jpg","image","2289672","5c3d494d7deab404d5e1bd938445dfd18dc144c0ce9c01f74d0b676f0a3f1380"
"MEDIA/IMAGES/505-unchained2.jpg","MEDIA/IMAGES/unchained-albuquerque-music-scene-checkmark-audio-client-view-02.jpg","image","1702467","7c81d75aa262ac36a63f1ab5e209865527fddc7cb5c7338d556204d7c0c99c03"
"MEDIA/IMAGES/505-unchained3.jpg","MEDIA/IMAGES/unchained-interview-checkmark-audio-studio-albuquerque.jpg","image","1946552","443adde103f62c35a8622ce7d73cd0a42656e3bafa821fde0bcfe4e8242c8b6c"
"MEDIA/IMAGES/Ann&KqaKqa_B_roll_11.jpg","MEDIA/IMAGES/ann-and-kqakqa-albuquerque-music-scene-checkmark-audio-client-view-01.jpg","image","164513","dc695d18b61e6be414db6d163caf6e8d42931647fa9049acaf5f4b60e5bd0fc8"
"MEDIA/IMAGES/Ann&KqaKqa_B_roll_15.jpg","MEDIA/IMAGES/ann-and-kqakqa-albuquerque-music-scene-checkmark-audio-client-view-02.jpg","image","166206","e7f1ae99af1e8d544fc9aeeaa087c885df8ef521e3801edb0c35cc668006cb5e"
"MEDIA/IMAGES/Ann&KqaKqa_B_roll_16.jpg","MEDIA/IMAGES/ann-and-kqakqa-albuquerque-music-scene-checkmark-audio-client-view-03.jpg","image","251556","a663758bdde9c815ce90123e1641e015f449b90f860c41b871ae7f8f1b18747f"
"MEDIA/IMAGES/Ann&KqaKqa_B_roll_3.jpg","MEDIA/IMAGES/ann-and-kqakqa-albuquerque-music-scene-checkmark-audio-client-view-04.jpg","image","349540","6fc2177e25f54ba4e12ac0f0751fdb4a61740db6565f36f46ad735593a789094"
"MEDIA/IMAGES/Ann_5.jpg","MEDIA/IMAGES/ann-and-kqakqa-albuquerque-music-scene-checkmark-audio-client-view-05.jpg","image","397027","864d4d6d987782dc25202333027c798761180b61a4d0523ee1580cbb6a8b4d45"
"MEDIA/IMAGES/Band_1.jpg","MEDIA/IMAGES/neh-albuquerque-music-scene-checkmark-audio-client-view-01.jpg","image","167143","7c5378984af8b62528c49021e1b3118ab2736eea4abd087367d51ada949179ab"
"MEDIA/IMAGES/Band_3.jpg","MEDIA/IMAGES/neh-albuquerque-music-scene-checkmark-audio-client-view-02.jpg","image","144822","8a04876fa69fc295b8c3b2d93c8ec84507ff40f68d78fd420719a43ad47ed2a2"
"MEDIA/IMAGES/NEH 3.jpg","MEDIA/IMAGES/neh-albuquerque-music-scene-checkmark-audio-client-view-03.jpg","image","19191","645220daef557a5d34100c67b05a9d2cafce4fff2ea3e825afd7fd9d4e3346db"
"MEDIA/IMAGES/NEH 4.jpg","MEDIA/IMAGES/neh-albuquerque-music-scene-checkmark-audio-client-view-04.jpg","image","35984","4e147c743f320b032d2a74b9fec6800211b9df871b1b13afd10b1295cc3a1eca"
"MEDIA/IMAGES/NEH Logo.jpg","MEDIA/IMAGES/neh-band-logo.jpg","image","6307","b48772f5c6c53ed5a529887c05004941b6d04d4ba09c802172ef8eec6a7ff0aa"
"MEDIA/IMAGES/NEH Pic_6.jpg","MEDIA/IMAGES/neh-albuquerque-music-scene-checkmark-audio-client-view-05.jpg","image","56951","ff7c8f04d479a44716cbb5ca0c90c1f6439e510cda18f1acc897b4f18d8890e3"
"MEDIA/IMAGES/NEH1.jpg","MEDIA/IMAGES/neh-albuquerque-music-scene-checkmark-audio-client-view-06.jpg","image","19894","6da08424545695bd7e41f4ba54b73ecc0bddfcd98df8cf37888ade96221a90cf"
"MEDIA/IMAGES/NEH_BS_10.jpg","MEDIA/IMAGES/neh-albuquerque-music-scene-checkmark-audio-client-view-07.jpg","image","180124","7d3225296ce131b9e12652f44b66c5b670a69f52bbe04da9f198edaa40899a52"
"MEDIA/IMAGES/NEH_BS_5.jpg","MEDIA/IMAGES/neh-albuquerque-music-scene-checkmark-audio-client-view-08.jpg","image","111561","08e8494d805f2c8767c283f6f6e234d8a5f19537c826635ff6c21c01d6eb99aa"
"MEDIA/IMAGES/NEH_BS_6.jpg","MEDIA/IMAGES/neh-albuquerque-music-scene-checkmark-audio-client-view-09.jpg","image","125427","19980c58d5ea96aaab3668f5e8e8a9ba61d47d6408f1ccbd79245fcc2542d109"
"MEDIA/IMAGES/NEH_BS_9.jpg","MEDIA/IMAGES/neh-albuquerque-music-scene-checkmark-audio-client-view-10.jpg","image","136867","d6681198bdce68ca9fc527218cc5c8a2228f503be6078fd92cd34a4d108a6642"
"MEDIA/IMAGES/CMT Ep-Thumbnail.jpg","MEDIA/IMAGES/artist-interview-checkmark-audio-studio-episode-thumbnail.jpg","image","106168","dcd563df5a9e72d1177dda3a29b18735639304777b9a79dd6890df4628a3e85c"
"MEDIA/IMAGES/Checkmark Audio_Gavin_Hammond_Live_Room_1.png","MEDIA/IMAGES/gavin-hammond-live-room-checkmark-audio.png","image","1239097","f5483b4ef32f89ad58a150bbb809ae8be4238e4dbd27089a9d99e67ff2b4afb6"
"MEDIA/IMAGES/Christian.jpg","MEDIA/IMAGES/christian-recording-artist-live-performance-checkmark-audio.jpg","image","72803","38c58be1d5985e758794ea7dd7635efe067b2863738c3b80a81c85ecddb31666"
"MEDIA/IMAGES/CountryMeds_3.jpg","MEDIA/IMAGES/country-medicine-recording-session-checkmark-audio-view-01.jpg","image","981418","4331e4d3650ba9add99833a6de958671adc97d0e8c27a12521a53a986ebbe462"
"MEDIA/IMAGES/CountryMeds_5.jpg","MEDIA/IMAGES/country-medicine-recording-session-checkmark-audio-view-02.jpg","image","952262","15119e923b02bec1eebfcd8dcf8e34aa1e5cff10ab3ae7b59db13b479fbf8b9b"
"MEDIA/IMAGES/John and elizabeth song.jpg","MEDIA/IMAGES/country-medicine-recording-session-checkmark-audio-view-03.jpg","image","250531","7135e93f3ea864282a78bcffcd27a7aa29d3d6c52b690ccbfbead776b7039e04"
"MEDIA/IMAGES/CountryMeds_hype_2-Thumbnail.jpg","MEDIA/IMAGES/country-medicine-interview-checkmark-audio-studio-thumbnail.jpg","image","99643","bad9f170df22a1efd79b150e658a5cf423bdde6aba93845cb71a1ec48dee55c1"
"MEDIA/IMAGES/Surrender.jpg","MEDIA/IMAGES/country-medicine-albuquerque-music-scene-checkmark-audio-client-view-01.jpg","image","346694","798aeecb0c27465aa8f664d93278c351a9300878ca2d3d40f505f7d2f9bbd00a"
"MEDIA/IMAGES/DAniel Teaser-1-Thumbnail.jpg","MEDIA/IMAGES/daniel-interview-checkmark-audio-studio-teaser-thumbnail.jpg","image","172977","2fb69ab8efdc37551969a768cc0a59bf808c5dd8b015e0e204119572cd0672f6"
"MEDIA/IMAGES/Daniel Int-Thumbnail.jpg","MEDIA/IMAGES/daniel-interview-checkmark-audio-studio-thumbnail-view-01.jpg","image","309423","0e9bf2c36f558fc31e503f2c305a2cad20d33faba8169152fef18d11d6b26c19"
"MEDIA/IMAGES/Daniel thumbnail.jpg","MEDIA/IMAGES/daniel-interview-checkmark-audio-studio-thumbnail-view-02.jpg","image","879570","b72aee3fea606f9f4408a99104e970663529a96959cf5860e0a7014a1fd18876"
"MEDIA/IMAGES/Daniel_1.jpg","MEDIA/IMAGES/daniel-interview-checkmark-audio-studio-view-01.jpg","image","345177","2205a7d590319dbbf8d9de17fc70ff9af15b12f91733bf3613b5eba6a0f24852"
"MEDIA/IMAGES/Daniel_2.jpg","MEDIA/IMAGES/daniel-interview-checkmark-audio-studio-view-02.jpg","image","366755","91f35c2ee0786bd7cd91fd2a3e064d029747bf3930516763b94735f07ed65bfb"
"MEDIA/IMAGES/original_b71fd7e0-71c6-4cce-ade1-32e4f1d58aa3_PXL_20250703_010525407.MP~2.jpg","MEDIA/IMAGES/daniel-interview-checkmark-audio-studio-view-03.jpg","image","1660103","cb407c0b25bdb07b93d215bdd6a86e149bf47f669f0322d6b4e540297ec75f15"
"MEDIA/IMAGES/Daniel_B-roll_1.jpg","MEDIA/IMAGES/daniel-behind-the-scenes-checkmark-audio-view-01.jpg","image","269275","be1917504364747015afeca3fb734ead46ba7c580ccb535faf988eed600200ce"
"MEDIA/IMAGES/Daniel_B-roll_2.jpg","MEDIA/IMAGES/daniel-behind-the-scenes-checkmark-audio-view-02.jpg","image","235180","3b6d3ed88342a8f184902266a889c1c1d949bc41a664e27a9e59848b7454ede3"
"MEDIA/IMAGES/Daniel_B-roll_4.jpg","MEDIA/IMAGES/daniel-albuquerque-music-scene-checkmark-audio-client-view-01.jpg","image","392240","83b61ce4ad8eed1b22cdd2c4421ff06e743f24c77e7b7f4cd2898159c269477d"
"MEDIA/IMAGES/Daniel_B-roll_5.jpg","MEDIA/IMAGES/daniel-albuquerque-music-scene-checkmark-audio-client-view-02.jpg","image","178818","085f969c8071ce384ff9078f854f2523b2e5e97aaa946cd98edbd2c7d6acb58c"
"MEDIA/IMAGES/Gregorio & The Unknown Cut_2-Thumbnail.jpg","MEDIA/IMAGES/gregorio-and-the-unknown-music-video-checkmark-audio-thumbnail.jpg","image","160210","5a8ead550074cdfa5fdf03ba0b7c74297d61ade4a168f6c4ebc5b5d5893b05db"
"MEDIA/IMAGES/Gregorio&TheUnknown first gig.JPEG","MEDIA/IMAGES/gregorio-and-the-unknown-albuquerque-music-scene-checkmark-audio-client-view-01.jpeg","image","115294","13c875500a99ea7113bcc775dead3fccd844da31f5488d07f586e400b1a35068"
"MEDIA/IMAGES/PXL_20250703_013408418.MP.jpg","MEDIA/IMAGES/gregorio-and-the-unknown-music-video-session-studio-b-checkmark-audio-view-01.jpg","image","1733864","76916fb070f316d3f1baabb6b49623113a542c025be5bc193c370189996216a6"
"MEDIA/IMAGES/PXL_20250703_013448699.MP.jpg","MEDIA/IMAGES/gregorio-and-the-unknown-music-video-session-studio-b-checkmark-audio-view-02.jpg","image","1724713","fa7b94881f3f42b5019f1d716bada03d65dac6a0231e19fadd1e34d8ed8cb047"
"MEDIA/IMAGES/PXL_20250703_025655129-EDIT-EDIT.jpg","MEDIA/IMAGES/gregorio-and-the-unknown-music-video-session-studio-b-checkmark-audio-view-03.jpg","image","979016","35e539239a74c47d25f148d11338bde96dbde259d9492a8718682d2477c93f4e"
"MEDIA/IMAGES/PXL_20250703_025908567-EDIT-EDIT.jpg","MEDIA/IMAGES/gregorio-and-the-unknown-music-video-session-studio-b-checkmark-audio-view-04.jpg","image","1158877","a21c9bb14c3c01b88466ab1fa5b15d9f2a4b621623b781aa076a5330f6404947"
"MEDIA/IMAGES/PXL_20250703_032404381~2.jpg","MEDIA/IMAGES/gregorio-and-the-unknown-music-video-session-studio-b-checkmark-audio-view-05.jpg","image","1644403","a543510b48cf16fa3f818939693f1b712ced52fede82c7969e53520c414f8398"
"MEDIA/IMAGES/PXL_20250703_025458441.jpg","MEDIA/IMAGES/gregorio-and-the-unknown-music-video-behind-the-scenes-checkmark-audio-view-01.jpg","image","1480001","cd64b376a0297a97617d3be870ebc86b5cb8710fd61fc8ce40f4d08a8ff5d93e"
"MEDIA/IMAGES/PXL_20250703_025514796.jpg","MEDIA/IMAGES/gregorio-and-the-unknown-music-video-behind-the-scenes-checkmark-audio-view-02.jpg","image","1587517","28e170800938443a4d09a020bd0a91d74f70431c2206960731bf4c2d0cb50adb"
"MEDIA/IMAGES/original_7418ae27-8175-4e9b-97bb-9c89bb9ffc49_PXL_20250703_013625208.MP~2.jpg","MEDIA/IMAGES/gregorio-and-the-unknown-music-video-behind-the-scenes-checkmark-audio-view-03.jpg","image","1407666","96909cf293044095e0eabbe34dfca6322adddf352e253a3d4d4dfbe4b3ab7d22"
"MEDIA/IMAGES/original_b5370517-17bd-4666-8b2b-6450029b9f80_PXL_20250703_025403181.jpg","MEDIA/IMAGES/gregorio-and-the-unknown-music-video-behind-the-scenes-checkmark-audio-view-04.jpg","image","1893342","044209627448557905b862be56a79cfcc7fcdda2a7864fc94ac443abd5f00450"
"MEDIA/IMAGES/original_c0679293-8fec-44a5-897e-c2e9bf92919e_PXL_20250703_015027894.MP~2.jpg","MEDIA/IMAGES/gregorio-and-the-unknown-music-video-behind-the-scenes-checkmark-audio-view-05.jpg","image","957041","d90aef9e283c6e342697096cf69fd022cba1261cea5bffc6a19a7dddda859019"
"MEDIA/IMAGES/original_969aa08f-500c-46b9-a518-06a1267685b9_PXL_20250703_012930662-EDIT.jpg","MEDIA/IMAGES/diego-recording-artist-behind-the-scenes-checkmark-audio-view-01.jpg","image","1310966","5d251187ee81f69cbe2de717f9a4eb8d9609c7cd9c2125461bf6577ec2bca5df"
"MEDIA/IMAGES/original_f4abe0cc-40b7-4e15-a8cc-ab31eb2312cb_PXL_20250703_015805743-EDIT.jpg","MEDIA/IMAGES/diego-recording-artist-behind-the-scenes-checkmark-audio-view-02.jpg","image","1689119","3347b3688cd4728cf87c008abeae3c0ef7bbad1e4619b697fb130217c9337d61"
"MEDIA/IMAGES/IMG_3630.HEIC","MEDIA/IMAGES/diego-acoustic-guitar-session-checkmark-audio-view-01.jpg","image","3681141","04b878b889b665cf5e709762715afbf53c461143e02e76e9312ea93724e0ed01"
"MEDIA/IMAGES/IMG_3631_SnapseedCopy.HEIC","MEDIA/IMAGES/diego-acoustic-guitar-session-checkmark-audio-view-02.jpg","image","6852866","38eff81fb329fcca65759af02696bc7757392cdeb143264f08b09565f757035a"
"MEDIA/IMAGES/IMG_3798.HEIC","MEDIA/IMAGES/music-production-daw-software-screenshot-checkmark-audio.jpg","image","2010253","02e49142b18d44dd4bc70d5e8c2f9e5f1f458f3ecbc6ea28ab8301f3773f4cf3"
"MEDIA/IMAGES/IMG_9786_SnapseedCopy.heic","MEDIA/IMAGES/music-production-collaborative-session-checkmark-audio.jpg","image","6383409","b37ecb18ad6973854d073b800577e0006403c3d6b6966b906ec0c84053a50214"
"MEDIA/IMAGES/In Fair Condiodtion - Dalies-1-Thumbnail.jpg","MEDIA/IMAGES/in-fair-condition-music-video-checkmark-audio-thumbnail.jpg","image","117431","2579d149c566934959e7f3ee21d780a2369b2e7010ba9310fd2dc9093dfae4a1"
"MEDIA/IMAGES/_SA62091.jpg","MEDIA/IMAGES/in-fair-condition-albuquerque-music-scene-checkmark-audio-client-view-01.jpg","image","580270","3a7e724a8bbcdab6536f2c7de4daedd3b3ac17234ab1278a0bdb349c941a878b"
"MEDIA/IMAGES/Kai Pic.jpg","MEDIA/IMAGES/kai-warrior-interview-checkmark-audio-studio.jpg","image","605003","663456e3bdbc1546357649cc177f8aed55ad5fb21cfa585f11b7b180fc3abd14"
"MEDIA/IMAGES/Kai Warrior_2.jpeg","MEDIA/IMAGES/kai-warrior-albuquerque-music-scene-checkmark-audio-client-view-01.jpeg","image","27967","4fd87e35c104b5f35562525fda6e7ddc38af614a592f355378b94a5d2e03a6aa"
"MEDIA/IMAGES/Kai Warrior_3.jpg","MEDIA/IMAGES/kai-warrior-albuquerque-music-scene-checkmark-audio-client-view-02.jpg","image","156893","0a1a91cc7af6b7895f7e6fb6aa9acf83ddfd8f9f90c3781256e9015d76fe18af"
"MEDIA/IMAGES/Kai Warrior_4.jpg","MEDIA/IMAGES/kai-warrior-albuquerque-music-scene-checkmark-audio-client-view-03.jpg","image","135596","50c3b1471f20414118042fabe6046cd52988b5bd177a4cec657af859b84bb68b"
"MEDIA/IMAGES/Kai Warrior_5.jpg","MEDIA/IMAGES/kai-warrior-albuquerque-music-scene-checkmark-audio-client-view-04.jpg","image","118996","b6b47841591087913c2c72bf179381af91ad839a2a36ad0d1812cbd636f0e23e"
"MEDIA/IMAGES/Kai Warrior_7.jpg","MEDIA/IMAGES/kai-warrior-albuquerque-music-scene-checkmark-audio-client-view-05.jpg","image","212453","fe81e63efe9617999d9e0621b693f88a7047de5db1c6b7724f2860d0fa860912"
"MEDIA/IMAGES/Kai_Warrior_1.jpg","MEDIA/IMAGES/kai-warrior-albuquerque-music-scene-checkmark-audio-client-view-06.jpg","image","148429","89978304f426084de612425edabb0fa72bb0f45627ffd41326a97a090630ed53"
"MEDIA/IMAGES/kai_warior_3.jpg","MEDIA/IMAGES/kai-warrior-albuquerque-music-scene-checkmark-audio-client-view-07.jpg","image","105199","357c4d74f06a999ef8cb650cdb02a86486c73f4be5c4ba265c07e6126bdf8150"
"MEDIA/IMAGES/kai_warrior_4.jpg","MEDIA/IMAGES/kai-warrior-albuquerque-music-scene-checkmark-audio-client-view-08.jpg","image","175835","1e86020be32cf0f956a08031c0ea0a08be45cffb81d3f5fefb82c0733923e7a9"
"MEDIA/IMAGES/kai_warrior_5.jpg","MEDIA/IMAGES/kai-warrior-albuquerque-music-scene-checkmark-audio-client-view-09.jpg","image","229499","a1dad4edaa1fef9b028acbdf6a7fa97b68979681c71b7d35bc31dce6f0fc11b9"
"MEDIA/IMAGES/Tiny House Pic_2.jpg","MEDIA/IMAGES/tiny-house-elevator-interview-checkmark-audio-studio.jpg","image","635073","e4cb2200377cf587c01d85b50ee59fe6348e2e130265258c177b9408c0d7a4aa"
"MEDIA/IMAGES/Tiny-House-Elevator1.jpg","MEDIA/IMAGES/tiny-house-elevator-albuquerque-music-scene-checkmark-audio-client-view-01.jpg","image","877319","9c6f9304681bb2a30003445c3bdd148873c633fbad546aacdf2568618692b529"
"MEDIA/IMAGES/Tiny-House-Elevator2.jpg","MEDIA/IMAGES/tiny-house-elevator-albuquerque-music-scene-checkmark-audio-client-view-02.jpg","image","255624","0782d0cd2c5599e51cd547021b1bd675d6d6a2253156bf9bc9db98dc032f32d1"
"MEDIA/IMAGES/Tiny-House-Elevator3.jpg","MEDIA/IMAGES/tiny-house-elevator-albuquerque-music-scene-checkmark-audio-client-view-03.jpg","image","152319","7a8feffc68f2ef48e9d29dde6f91456737ba9460c88ab7417a371c366bb08414"
"MEDIA/IMAGES/_DSC2541 copy.jpg","MEDIA/IMAGES/checkmark-audio-on-air-interview-set.jpg","image","1228245","9e91c7c1177b8ea27aca721ef677c160f10e9c3d3ccfaf51858d2f5d20bc1613"
"MEDIA/IMAGES/Bird Without Wings - Gregoria and The Unknown.mov","MEDIA/VIDEO/gregorio-and-the-unknown-bird-without-wings-music-video-checkmark-audio.mov","video","416156988","6d0f812cc616366804601dc2d0a8dda4478b366c9a1e3a40d166755e22c13be5"
"MEDIA/IMAGES/Gregorio & The Unknown Cut_2.mp4","MEDIA/VIDEO/gregorio-and-the-unknown-cut-2-music-video-checkmark-audio.mp4","video","145481428","97b9b22f290063077dc9e7441b6b0ab23712681de5835d8ac60508da87e09d04"
"MEDIA/IMAGES/Gregorio and The Unknown.mov","MEDIA/VIDEO/gregorio-and-the-unknown-music-video-checkmark-audio.mov","video","164624471","6dd8a3e710aea2d77422a08e9f7a1e29e87c78e8bb3da809e0267c11af652b56"
"MEDIA/IMAGES/Pink Saliva - Gregoria and The Unknown.mov","MEDIA/VIDEO/gregorio-and-the-unknown-pink-saliva-music-video-checkmark-audio.mov","video","294871798","1dccbf0c90be238201730764689ca87ba0cfe02e467e99cac638f64ed2972e6f"
"MEDIA/IMAGES/Void - Gregorio & The Unknown.mov","MEDIA/VIDEO/gregorio-and-the-unknown-void-music-video-checkmark-audio.mov","video","390589073","731534fd04417304260b7af45978e79be0a9dea58997cc487a1b9fc996eab172"
"MEDIA/IMAGES/Bridget Control Room (1).jpg","MEDIA/IMAGES/bridget-control-room-checkmark-audio-view-01.jpg","image","2113837","a7a7c884faabf4475bacb92d404b1e0cc71d82e63573745045be7db0cf045d01"
"MEDIA/IMAGES/Bridget Control Room.jpg","MEDIA/IMAGES/bridget-control-room-checkmark-audio-view-02.jpg","image","2113837","a7a7c884faabf4475bacb92d404b1e0cc71d82e63573745045be7db0cf045d01"
"MEDIA/IMAGES/_DSC2539.jpeg","MEDIA/IMAGES/checkmark-audio-on-air-interview-behind-the-scenes.jpeg","image","2092933","de8498afa72b85c2c61e8e28a3343598b7c6103c49beea4f4de58395bb70ac64"
"MEDIA/IMAGES/_DSC2605.jpeg","MEDIA/IMAGES/engineers-at-control-room-workstation-view-05.jpeg","image","36027724","f1ada9ae7930edc6428f347c716c3d5bf372cabdc60a6df2f9748c5a6e6ff785"
"MEDIA/IMAGES/_DSC2609.jpeg","MEDIA/IMAGES/engineers-at-control-room-workstation-view-06.jpeg","image","36027724","dabe9b3401a707fbfa0e22167993726c0b4b8d229cae66d192d0055c6e9ab7a5"
"MEDIA/IMAGES/_DSC2617.jpeg","MEDIA/IMAGES/studio-rack-gear-meters-view-03.jpeg","image","36027724","2830c55d873b25bd4896c01d65d8b9f9e887813b460c121abb507d14c5649e87"
"MEDIA/IMAGES/_DSC2620.jpeg","MEDIA/IMAGES/studio-rack-gear-meters-view-04.jpeg","image","36027724","9b2d57921d2cc819b8e69ee1d7abbd3bd1a618409a7750502cd1545471947704"
"MEDIA/IMAGES/_DSC2621.jpeg","MEDIA/IMAGES/studio-rack-gear-meters-view-05.jpeg","image","36027724","901f1f735f029d21e33e98bcc18e0fc8a0b87f03fb04098ab15eef146e068848"
"MEDIA/IMAGES/_DSC2623.jpeg","MEDIA/IMAGES/studio-rack-gear-meters-view-06.jpeg","image","36027724","de7803308023c3764be9357877d779f6dedce275ac433bc2f5ba85d73ff51c5c"
"MEDIA/IMAGES/_DSC2640 (1).jpeg","MEDIA/IMAGES/recording-artist-acoustic-guitar-session-view-01.jpeg","image","36027724","2e16959da6c8a1afa97f8b57ee26c1f3382e129c8896eda6f5ab86e59f0c4712"
"MEDIA/IMAGES/_DSC2668.jpeg","MEDIA/IMAGES/music-studio-desk-checkmark-audio-view-08.jpeg","image","36027724","cd6bc3cead2bfafc8b25f4762aba0e8dc92561b63358df30801c273671e06cc3"
"MEDIA/IMAGES/_DSC2680.jpeg","MEDIA/IMAGES/studio-patch-bay-and-rack-gear-view-03.jpeg","image","36027724","93595d93f6d35093f5e99c2710107d3831a7ceffc6736d6a6b48b57bbba1da0c"
"MEDIA/IMAGES/_DSC2682.jpeg","MEDIA/IMAGES/synth-keyboards-view-02.jpeg","image","36027724","9e0e7c5c988d6250c98e53c39c904910598f40a3751cabad8938c17d024455d8"
"MEDIA/IMAGES/_DSC2685.jpeg","MEDIA/IMAGES/engineers-at-control-room-workstation-view-07.jpeg","image","36027724","14c94a3fa7a8d3db011f55aaec7aa6d9b5894ffce50deadb9f07fff99a064461"
"MEDIA/IMAGES/_DSC2686.jpeg","MEDIA/IMAGES/studio-decor-guitar-artwork-detail.jpeg","image","36027724","87e1c843a9ff5c3cc87e0b030f2858bb66e11de48f20dc64cc4c32f6218e16e3"
"MEDIA/IMAGES/_DSC2688.jpeg","MEDIA/IMAGES/acoustic-guitar-hands-close-up-recording-session.jpeg","image","36027724","0e10b6fbde5a778a25c4981eea02d1e7d0396e357e9a051d7d59bc588ceeac4e"
"MEDIA/IMAGES/_DSC2699.jpeg","MEDIA/IMAGES/music-production-drum-pad-controller-close-up.jpeg","image","36027724","eac03d1d230ba7dc0eb2c1cbafc0b7ebe4d69ef5bcf7d19923f9a01359a1838e"
"MEDIA/IMAGES/_DSC2704.jpeg","MEDIA/IMAGES/recording-artist-acoustic-guitar-session-view-02.jpeg","image","36027724","62696c16a9dda566f905e90653b5d6271e143b5361e9cb4b4c80403381fed92b"
"MEDIA/IMAGES/_DSC2705.jpeg","MEDIA/IMAGES/checkmark-audio-on-air-interview-set-view-01.jpeg","image","36027724","e4f28e61736da071499313f8767106bcd4c76746dcdde72bf5985b8b8905ce75"
"MEDIA/IMAGES/_DSC2719.jpeg","MEDIA/IMAGES/daniel-interview-checkmark-audio-studio-view-04.jpeg","image","36027724","c4dc8c6a17bb42566ff2cff165d5af98fe3cf0b54abfa36b286e101b6a905a87"
"MEDIA/IMAGES/_DSC2737.jpeg","MEDIA/IMAGES/engineers-at-control-room-workstation-view-08.jpeg","image","36027724","83cd46d518664ff1a52b6d87a6584f7777629dfc34da0f6539b2d04e75b7e191"
"MEDIA/IMAGES/_DSC2739.jpeg","MEDIA/IMAGES/studio-patch-bay-and-rack-gear-view-04.jpeg","image","36027724","57554b1f65291c4b1fd0ab965af35f5c89cebb6e53363274232557ba72e8a3ef"
"MEDIA/IMAGES/_DSC2760.jpeg","MEDIA/IMAGES/mixing-engineer-at-studio-workstation-view-07.jpeg","image","36027724","61765b6382e52a41a3b24d81983388be95ab9e03914e3a85ff0d6984f7b6fc0e"
"MEDIA/IMAGES/gemini-generated-image-5k0zpw5k0zpw5k0z.png","MEDIA/IMAGES/checkmark-audio-headphones-microphone-logo-gold-ai-generated.png","image","1043382","141a7e5420561175dda9ad4f9b86d3a8b5ca8404480dfb73eda99c08461f9339"
"MEDIA/IMAGES/the-b-roll-4.jpg","MEDIA/IMAGES/tiny-house-elevator-albuquerque-music-scene-checkmark-audio-client-view-04.jpg","image","877319","9c6f9304681bb2a30003445c3bdd148873c633fbad546aacdf2568618692b529"
"MEDIA/IMAGES/_DSC2771.ARW","MEDIA/IMAGES/engineers-at-control-room-workstation-view-09.jpg","image","1269080","b9b64c04e47e13e3a2ce0a78ca033aa1a4b746875a6b7afd98b8671e18280de6"
"MEDIA/IMAGES/_DSC2774.ARW","MEDIA/IMAGES/studio-patch-bay-and-rack-gear-view-05.jpg","image","1328430","9d2ce8dab538824267097c9f7db502797a96615b61f795a450eda3fe94195cad"
"MEDIA/IMAGES/_DSC2785.ARW","MEDIA/IMAGES/mixing-console-close-up-view-03.jpg","image","2633938","14de9eefc2430f391d2ae9db44f6b1a10e622ce21b3277e8b5ef5f90aa91b54b"
"MEDIA/IMAGES/_DSC2786.ARW","MEDIA/IMAGES/engineers-at-control-room-workstation-view-10.jpg","image","2666548","6bd1c904275d43d74c2a30201e580d192182c86d9e1a20b227f5b1b2484bcf2a"
"MEDIA/IMAGES/_DSC2787.ARW","MEDIA/IMAGES/recording-session-behind-the-scenes-checkmark-audio-view-08.jpg","image","2834542","ab525607f8ca7aa78a7d856fcef2be5d0bf9a593efe2e45da51ced0889144620"
"MEDIA/IMAGES/_DSC2788.ARW","MEDIA/IMAGES/recording-session-behind-the-scenes-checkmark-audio-view-09.jpg","image","2440266","39f23df6e208b7d9205ad54bcddce73c141434ccd0c19ef565fb9ff75b2ecff9"
"MEDIA/IMAGES/_DSC2790.ARW","MEDIA/IMAGES/recording-artist-acoustic-guitar-session-view-03.jpg","image","2482340","7081b98007639c4d6cccdce8267880f61a81bab01669fe9dd0d9b73441f288b4"
"MEDIA/IMAGES/_DSC2796.ARW","MEDIA/IMAGES/recording-artist-acoustic-guitar-session-view-04.jpg","image","1473862","4706d5320a90ed46e68b50036cb502c02df442801b58dab05e0f566ad0b49c01"
"MEDIA/IMAGES/_DSC2797.ARW","MEDIA/IMAGES/recording-artist-acoustic-guitar-session-view-05.jpg","image","1497007","8ea044f091afc096b3849f90e5c2f37030ec83db01a06f4dee53db1ad4e2b3d2"
"MEDIA/IMAGES/_DSC2799.ARW","MEDIA/IMAGES/checkmark-audio-music-studio-equipment-view-08.jpg","image","2544483","45b26eb4f72341601bc0f1d6583ed65cdd85385a5ae8c617642115308c10d765"
"MEDIA/IMAGES/_DSC2800.ARW","MEDIA/IMAGES/synth-keyboards-view-04.jpg","image","1900972","fcf5e3faf3eaa08add618d5380e7ad9afee6dd6f27eceeb9b51340b6a459c43e"
"MEDIA/IMAGES/_DSC2801.ARW","MEDIA/IMAGES/engineers-at-control-room-workstation-view-11.jpg","image","2587818","b495576144a1fdc5739ffcfb92968d707afe5728ba8f98f737b71a7c40aa3cec"
"MEDIA/IMAGES/_DSC2802.ARW","MEDIA/IMAGES/studio-patch-bay-and-rack-gear-view-06.jpg","image","1730668","21dcb194668a74a2491c3af844c6d80aed833605fcf5b6efdcd605cceef45a29"
"MEDIA/IMAGES/_DSC2803.ARW","MEDIA/IMAGES/engineers-at-control-room-workstation-view-12.jpg","image","2625051","a0b6ee606f92da09c8591ad70c0cd846e38bbbe9428a4831eb0bafd563534c0e"
"MEDIA/IMAGES/_DSC2804.ARW","MEDIA/IMAGES/recording-session-behind-the-scenes-checkmark-audio-view-10.jpg","image","2026731","90b3165d4fd2072b347727ed4a0ef6ca2ebab130614758c882297f2195216775"
"MEDIA/IMAGES/_DSC2805.ARW","MEDIA/IMAGES/music-production-drum-pad-controller-close-up-view-01.jpg","image","2516297","5236e04d1f9a151571dbdeb87d06a3bdb824620948058db868ab11a85edeeddd"
"MEDIA/IMAGES/_DSC2806.ARW","MEDIA/IMAGES/engineers-at-control-room-workstation-view-13.jpg","image","2304935","32aebdea4b1281c9b278b0d51dcd278f8613fe7b94714161193a8bd9a711cee7"
"MEDIA/IMAGES/_DSC2807.ARW","MEDIA/IMAGES/studio-b-vocal-booth-window-recording-engineer-checkmark-audio-view-01.jpg","image","2415561","d56bd3ae94229e51b6d5a1a7da640060e9a789998b346c3411078efc7fd761d8"
"MEDIA/IMAGES/_DSC2808.ARW","MEDIA/IMAGES/studio-b-vocal-booth-window-recording-engineer-checkmark-audio-view-02.jpg","image","2338784","36808cfd648bb951048e3b12e6734505376304dc956b1ed47386b2c2de732b7a"
"MEDIA/IMAGES/_DSC2809.ARW","MEDIA/IMAGES/studio-b-vocal-booth-window-recording-engineer-checkmark-audio-view-03.jpg","image","1572043","5a8abc2eececb6363c31de6523c96b95c973e63c9d2c5256cc800b6652a21781"
"MEDIA/IMAGES/_DSC2810.ARW","MEDIA/IMAGES/studio-b-vocal-booth-window-recording-engineer-checkmark-audio-view-04.jpg","image","2372460","084f64b26a9dce492c7c357162f3d2c54697f17a3feb8eefb628762a4a6b91b8"
"MEDIA/IMAGES/_DSC2811.ARW","MEDIA/IMAGES/studio-b-vocal-booth-window-recording-engineer-checkmark-audio-view-05.jpg","image","1985638","5df64df00a93573a7f6e53eee3831b2112e9c1bb027c38644c2884da1385f877"
"MEDIA/IMAGES/_DSC2812.ARW","MEDIA/IMAGES/checkmark-audio-studio-mural-sign-view-02.jpg","image","2276186","04139c389ee939f3c2bb1bb4f826b7dfd15c72a641a734da3c14886c1d718565"
"MEDIA/IMAGES/_DSC2813.ARW","MEDIA/IMAGES/engineers-at-control-room-workstation-view-14.jpg","image","1783307","94499eb2966ab85fc31e1f33dbae7ae91bcbfffabe3442b4e434f061e3af4b24"
"MEDIA/IMAGES/_DSC2814.ARW","MEDIA/IMAGES/checkmark-audio-on-air-interview-behind-the-scenes-view-01.jpg","image","2277733","0c9c2592c56a75be553b16705b8a888cdc3fd4e2fdce6eda113b7709b835eba1"
"MEDIA/IMAGES/_DSC2815.ARW","MEDIA/IMAGES/checkmark-audio-on-air-interview-behind-the-scenes-view-02.jpg","image","2672451","54e1f649062218711741309a92024f3d37f9bd29b620174e86de90001c638a50"
"MEDIA/IMAGES/_DSC2816.ARW","MEDIA/IMAGES/checkmark-audio-on-air-interview-behind-the-scenes-view-03.jpg","image","2733287","0b5094cbb89bd7d226d25ddddc4e4c946c879ff56818540cb2588a7c3d4be841"
"MEDIA/IMAGES/_DSC2817.ARW","MEDIA/IMAGES/checkmark-audio-on-air-interview-behind-the-scenes-view-04.jpg","image","2759231","d00820016360b634bf554b588cb4247d388013ecd52cc22071c7e5271d14c3fe"
"MEDIA/IMAGES/_DSC2818.ARW","MEDIA/IMAGES/checkmark-audio-on-air-interview-behind-the-scenes-view-05.jpg","image","2656660","a7585096ed833f1e5b787c5591b1dd067d53852bbbaf348f076aeef21f8ce692"
"MEDIA/IMAGES/_DSC2819.ARW","MEDIA/IMAGES/checkmark-audio-on-air-interview-behind-the-scenes-view-06.jpg","image","2400622","6e4e9d99054a4628441fa879f8c84c7fab0e703944d2bcbd746035a1274393e2"
"MEDIA/IMAGES/_DSC2820.ARW","MEDIA/IMAGES/checkmark-audio-on-air-interview-behind-the-scenes-view-07.jpg","image","2255988","8527fff5b2f31b7c1a5b338d7018e2ca19f418c8ceee2725ffb6d45fa98833ea"
"MEDIA/IMAGES/_DSC2821.ARW","MEDIA/IMAGES/checkmark-audio-on-air-interview-behind-the-scenes-view-08.jpg","image","2628761","ba6016e0423b86aa110e7901f041f67e2c2d43cb1eac30309033ce9e6b7685aa"
"MEDIA/IMAGES/_DSC2822.ARW","MEDIA/IMAGES/checkmark-audio-on-air-interview-behind-the-scenes-view-09.jpg","image","2422541","2cbdee2f8152f39dcfc954a116b8468863c746c9b75da0d6420990eb25fdd0be"
"MEDIA/IMAGES/_DSC2823.ARW","MEDIA/IMAGES/checkmark-audio-on-air-interview-behind-the-scenes-view-10.jpg","image","2083237","a717dda64bb0da86656f3b2e4e8c41c9a46abb8f8cb05ec8227603de8cc430c3"
"MEDIA/IMAGES/_DSC2824.ARW","MEDIA/IMAGES/checkmark-audio-on-air-interview-behind-the-scenes-view-11.jpg","image","2083702","932b04123f7aa6e9a4bfbee19140fdfe73c1fc0beb61f1406acd87c40e6926d1"
"MEDIA/IMAGES/_DSC2825.ARW","MEDIA/IMAGES/checkmark-audio-on-air-interview-behind-the-scenes-view-12.jpg","image","2741176","c58848896743b9f785fcc4e421d2862386e3c364abe697081ce9448e6070c29d"
"MEDIA/IMAGES/_DSC2826.ARW","MEDIA/IMAGES/checkmark-audio-on-air-interview-behind-the-scenes-view-13.jpg","image","2631538","2e6e5ab6a671f61adf031c70286d62dc0ed0ce8830b57ca999c8b6d7e6ae99ba"
"MEDIA/IMAGES/_DSC2827.ARW","MEDIA/IMAGES/checkmark-audio-on-air-interview-behind-the-scenes-view-14.jpg","image","2514935","67002e5d6db0d684469c1aecc25d3fac2def78a61893e1af3042a5cad6be4439"
"MEDIA/IMAGES/_DSC2828.ARW","MEDIA/IMAGES/checkmark-audio-on-air-interview-behind-the-scenes-view-15.jpg","image","2197543","bfb0cac70a7b65cb1e74ab9dd1ec30dc932b8bbe780c9897684cae69746c4ba3"
"MEDIA/IMAGES/_DSC2829.ARW","MEDIA/IMAGES/checkmark-audio-on-air-interview-behind-the-scenes-view-16.jpg","image","1473211","ecd65ddc4fd6a0609b8dbd28cb26213dd68f16f7f0066a69e56105d994afac72"
"MEDIA/IMAGES/_DSC2830.ARW","MEDIA/IMAGES/checkmark-audio-on-air-interview-behind-the-scenes-view-17.jpg","image","1393262","a96fc4238de007cc019c37648d6137a2f8d7298aa73f5409a2de992307f4b1a4"
"MEDIA/IMAGES/_DSC2831.ARW","MEDIA/IMAGES/checkmark-audio-on-air-interview-behind-the-scenes-view-18.jpg","image","1587188","a5b360eda22cfd7a6d3f07ce2f30a578b44131898c7517e3d6fad1550083962b"
"MEDIA/IMAGES/_DSC2832.ARW","MEDIA/IMAGES/checkmark-audio-on-air-interview-behind-the-scenes-view-19.jpg","image","1453157","42d1f76485124a68961eb95055831c8884c158799277dd366eaa648e4082e23b"
"MEDIA/IMAGES/_DSC2833.ARW","MEDIA/IMAGES/checkmark-audio-on-air-interview-behind-the-scenes-view-20.jpg","image","1529614","9bf4bc31c061faab45e8c2f714fe1f966eb6466101cdc71a6dd1200710cfb80a"
"MEDIA/IMAGES/_DSC2834.ARW","MEDIA/IMAGES/checkmark-audio-on-air-interview-behind-the-scenes-view-21.jpg","image","1493922","b2e625ed4c6d8e7cd53a44ac80d7cb58c166ae7d2a134fee9a4d7fc51373f321"
"MEDIA/IMAGES/_DSC2835.ARW","MEDIA/IMAGES/checkmark-audio-on-air-interview-behind-the-scenes-view-22.jpg","image","1563932","4ff67ab466de2a30841ef80c8bfbb3ec972df7581a6a19913da79ca63ac92b9e"
"MEDIA/IMAGES/_DSC2836.ARW","MEDIA/IMAGES/checkmark-audio-on-air-interview-behind-the-scenes-view-23.jpg","image","2163493","acf1a56e9c9ba4017de4b8297b83b1384e2884052d8c621f78fe6edc7bdf90d1"
"MEDIA/IMAGES/_DSC2837.ARW","MEDIA/IMAGES/checkmark-audio-on-air-interview-behind-the-scenes-view-24.jpg","image","2195932","b8981badb31b1de5f170d1595459b4161edc9529acb800f199cb665b7275b511"
"MEDIA/IMAGES/_DSC2838.ARW","MEDIA/IMAGES/checkmark-audio-on-air-interview-behind-the-scenes-view-25.jpg","image","2304919","942dcf3c849452cd20b3604020f43782c89ca0c72bf88bd3d23781561e760ddd"
"MEDIA/IMAGES/_DSC2839.ARW","MEDIA/IMAGES/checkmark-audio-on-air-interview-group-photo-checkmark-audio-view-01.jpg","image","2898746","ea9b3e1408f6a77ac3e3e4e9f945fefadd303affe58c05da0b7791f29c57eb9d"
"MEDIA/IMAGES/_DSC2840.ARW","MEDIA/IMAGES/checkmark-audio-on-air-interview-group-photo-checkmark-audio-view-02.jpg","image","2765814","147b7e31bf4fd4bfae1d94987da2c30da6b19e032520b1d97fba082510a5583a"
"MEDIA/IMAGES/_DSC2841.ARW","MEDIA/IMAGES/checkmark-audio-on-air-interview-group-photo-checkmark-audio-view-03.jpg","image","2694758","32965fb004589bfad1bb6f01217870050ca1aa1fd5988e822bd9dea70b9291e1"
"MEDIA/IMAGES/BDMV.mov","MEDIA/VIDEO/recording-session-behind-the-scenes-checkmark-audio-view-01.mov","video","178243342","7606aed3fbd1677fe8829a54256830e1d239f892e3cea01bb6e3b3c1f6b97fad"
"MEDIA/IMAGES/BDMV1.mov","MEDIA/VIDEO/music-jam-session-studio-b-checkmark-audio-view-01.mov","video","139818299","c72c14d45cd1365acf6f4c2f2ff2605039b4a449334f9e0e3ce652b65501178d"
"MEDIA/IMAGES/BDMV2.mov","MEDIA/VIDEO/music-production-daw-session-checkmark-audio.mov","video","50468110","13998bc13854e22e65e3a0f102f84fa2487166eb3cf92d161103c0deeaebcfe0"
"MEDIA/IMAGES/BDMV3.mov","MEDIA/VIDEO/recording-artist-live-performance-checkmark-audio-view-01.mov","video","125060761","b6e1d343638554406e856a1ae9b07aed8ea7c9ff3f507f57e23e73848ba313cf"
"MEDIA/IMAGES/BDMV4.mov","MEDIA/VIDEO/music-jam-session-studio-b-checkmark-audio-view-02.mov","video","6675069","8b240af58a81442dcc94dc27bddfda8bb7e73f030cff0410d73678e5bf93a8d8"
"MEDIA/IMAGES/BDMV5.mov","MEDIA/VIDEO/music-jam-session-studio-b-checkmark-audio-view-03.mov","video","178262401","5b0f84cc29fe7d1bbca40fa8912c64703255ec2178433a0425da0b5667a7938e"
"MEDIA/IMAGES/BDMV6.mov","MEDIA/VIDEO/studio-b-recording-session-behind-the-scenes-checkmark-audio-view-01.mov","video","56508504","8ea41173ce27651e7fe283aa8ae79a1bbc9bb5ca37a3dc006eb8ae5525ea6500"
"MEDIA/IMAGES/BDMV7.mov","MEDIA/VIDEO/music-jam-session-studio-b-checkmark-audio-view-04.mov","video","52788123","8e6987cd8c3731491aa879f1b3ff1e1eb08bf36c3f606ece9ca74da621599740"
"MEDIA/IMAGES/BDMV8.mov","MEDIA/VIDEO/video-production-behind-the-scenes-checkmark-audio-view-01.mov","video","244817559","96275a8e7f67bff297e903b40b9c1ccbc9c9f7afba77f4e34a093352757524f2"
"MEDIA/IMAGES/Jam.mov","MEDIA/VIDEO/music-jam-session-studio-b-checkmark-audio-view-05.mov","video","126139710","2fbe82103d84558c9ec7b332a9c65ef2bcce13c37a118cbaeb3438834beebbe4"
"MEDIA/IMAGES/Jammin 2.mov","MEDIA/VIDEO/music-production-sampling-session-checkmark-audio-view-01.mov","video","133031284","811b18bffa0f7861513f6c103fd30d45fa725930ec4d5e1269e7eb57e61204e8"
"MEDIA/IMAGES/Jammin 3.mov","MEDIA/VIDEO/music-jam-session-studio-b-checkmark-audio-view-06.mov","video","153017028","2253aeac404d10963e7781a0b958734f4da0a8b4b3c6f78c3f34f742fb197e69"
"MEDIA/IMAGES/Jammin 4.mov","MEDIA/VIDEO/music-production-sampling-session-checkmark-audio-view-02.mov","video","59474850","a0a505b70e3f6274bed9a93e0b62132a39f6064c93cdda9fc7a82529ce5424fd"
"MEDIA/IMAGES/Sampling 2.mov","MEDIA/VIDEO/music-production-sampling-session-checkmark-audio-view-03.mov","video","141400967","55fbf25e8a54cd4251e400bba8de18869d7201a9479e60003432d07275c528dd"
"MEDIA/IMAGES/Sampling 3.mov","MEDIA/VIDEO/recording-artist-violin-session-checkmark-audio.mov","video","36459572","6f2332b6f2f258e675cf141fc0ee28c6b4cb03cfd294779cf56a096b7416d1ca"
"MEDIA/IMAGES/Sampling.mov","MEDIA/VIDEO/music-production-sampling-session-checkmark-audio-view-04.mov","video","30553689","b5e224a03c0f40379d1162e83ab36a03ae47f77c3b2db137227541ab49b5ca33"
